2025-07-26 18:16:22,034 - INFO - === 开始执行微信文章归档工具 ===
2025-07-26 18:16:45,486 - INFO - === 开始执行微信文章归档工具 ===
2025-07-26 18:16:45,488 - INFO - 数据文件: data.json
2025-07-26 18:16:45,488 - INFO - 可执行文件: ./bin/wechatmp2markdown-v1.1.11_linux_amd64
2025-07-26 18:16:45,488 - INFO - 文档目录: doc
2025-07-26 18:16:45,526 - INFO - 已加载 17083 条历史记录
2025-07-26 18:16:45,526 - INFO - === 开始日期区间拉取: 2025-07-22 到 2025-07-26 ===
2025-07-26 18:16:45,530 - INFO - 开始获取Doonsec RSS
2025-07-26 18:16:46,000 - INFO - Doonsec RSS请求成功
2025-07-26 18:16:46,009 - INFO - RSS中共有 200 个条目
2025-07-26 18:16:46,010 - INFO - Doonsec获取到 200 个微信文章URL
2025-07-26 18:16:46,011 - INFO - ChainReactors md文件URL: https://raw.githubusercontent.com/chainreactors/picker/refs/heads/master/archive/daily/2025/2025-07-22.md
2025-07-26 18:16:46,591 - INFO - ChainReactors md文件下载状态码: 200
2025-07-26 18:16:46,594 - INFO - ChainReactors获取到 103 个URL
2025-07-26 18:16:46,594 - INFO - BruceFeIix md文件URL: https://raw.githubusercontent.com/BruceFeIix/picker/refs/heads/master/archive/daily/2025/2025-07-22.md
2025-07-26 18:16:47,246 - INFO - BruceFeIix md文件下载状态码: 200
2025-07-26 18:16:47,248 - INFO - BruceFeIix获取到 102 个URL
2025-07-26 18:16:47,249 - INFO - === 开始处理 2025-07-22 的数据 ===
2025-07-26 18:16:47,249 - INFO - Doonsec原始数据: 200 个
2025-07-26 18:16:47,249 - INFO - ChainReactors原始数据: 103 个
2025-07-26 18:16:47,249 - INFO - BruceFeIix原始数据: 102 个
2025-07-26 18:16:47,249 - INFO - 开始处理Doonsec数据...
2025-07-26 18:16:47,249 - INFO - 开始处理ChainReactors数据...
2025-07-26 18:16:47,250 - INFO - 开始处理BruceFeIix数据...
2025-07-26 18:16:47,250 - INFO - 去重后共 275 个URL待处理，跳过 130 个重复URL
2025-07-26 18:16:47,250 - INFO - 去重后统计 - Doonsec: 200 个, ChainReactors: 75 个, BruceFeIix: 0 个
2025-07-26 18:16:47,250 - INFO - === 开始关键词过滤 ===
2025-07-26 18:16:47,264 - INFO - 关键词过滤: 匹配 25 个，跳过 250 个
2025-07-26 18:16:47,264 - INFO - 关键词过滤后统计 - Doonsec: 4 个, ChainReactors: 21 个, BruceFeIix: 0 个
2025-07-26 18:16:47,265 - INFO - 已创建每日报告: md/2025-07-22.md
2025-07-26 18:16:47,265 - INFO - 开始处理URL: https://mp.weixin.qq.com/s?__biz=MzIxMjEzMDkyMA==&mid=2247488729&idx=1&sn=076815b5fb8ddf81010ab0266848b8a2
2025-07-26 18:16:47,265 - INFO - 目标日期: 2025-07-25
2025-07-26 18:16:47,265 - INFO - 数据源: Doonsec
2025-07-26 18:16:47,265 - INFO - 生成目录结构: doc/2025/2025-07/2025-W30/2025-07-25
2025-07-26 18:19:07,776 - INFO - === 开始执行微信文章归档工具 ===
2025-07-26 18:23:19,138 - INFO - === 开始执行微信文章归档工具 ===
2025-07-26 18:23:21,400 - INFO - === 开始执行微信文章归档工具 ===
2025-07-26 18:23:21,401 - INFO - 数据文件: data.json
2025-07-26 18:23:21,401 - INFO - 可执行文件: ./bin/wechatmp2markdown-v1.1.11_linux_amd64
2025-07-26 18:23:21,401 - INFO - 文档目录: doc
2025-07-26 18:23:21,437 - INFO - 已加载 17083 条历史记录
2025-07-26 18:23:21,438 - INFO - === 开始日期区间拉取: 2025-07-25 到 2025-07-26 ===
2025-07-26 18:23:21,439 - INFO - === 处理第 1/2 天: 2025-07-25 ===
2025-07-26 18:23:21,439 - INFO - 开始获取Doonsec RSS
2025-07-26 18:23:21,440 - INFO - 目标日期: 2025-07-25
2025-07-26 18:23:22,110 - INFO - Doonsec RSS请求成功
2025-07-26 18:23:22,113 - INFO - RSS中共有 200 个条目
2025-07-26 18:23:22,113 - INFO - Doonsec获取到 90 个2025-07-25的微信文章URL
2025-07-26 18:23:22,115 - INFO - ChainReactors md文件URL: https://raw.githubusercontent.com/chainreactors/picker/refs/heads/master/archive/daily/2025/2025-07-25.md
2025-07-26 18:23:23,090 - INFO - ChainReactors md文件下载状态码: 200
2025-07-26 18:23:23,091 - INFO - ChainReactors获取到 196 个URL
2025-07-26 18:23:23,091 - INFO - BruceFeIix md文件URL: https://raw.githubusercontent.com/BruceFeIix/picker/refs/heads/master/archive/daily/2025/2025-07-25.md
2025-07-26 18:23:23,786 - INFO - BruceFeIix md文件下载状态码: 200
2025-07-26 18:23:23,787 - INFO - BruceFeIix获取到 193 个URL
2025-07-26 18:23:23,787 - INFO - === 开始处理 2025-07-25 的数据 ===
2025-07-26 18:23:23,787 - INFO - Doonsec原始数据: 90 个
2025-07-26 18:23:23,787 - INFO - ChainReactors原始数据: 196 个
2025-07-26 18:23:23,787 - INFO - BruceFeIix原始数据: 193 个
2025-07-26 18:23:23,787 - INFO - 开始处理Doonsec数据...
2025-07-26 18:23:23,787 - INFO - 开始处理ChainReactors数据...
2025-07-26 18:23:23,788 - INFO - 开始处理BruceFeIix数据...
2025-07-26 18:23:23,788 - INFO - 去重后共 278 个URL待处理，跳过 201 个重复URL
2025-07-26 18:23:23,788 - INFO - 去重后统计 - Doonsec: 90 个, ChainReactors: 188 个, BruceFeIix: 0 个
2025-07-26 18:23:23,788 - INFO - === 开始关键词过滤 ===
2025-07-26 18:23:23,799 - INFO - 关键词过滤: 匹配 59 个，跳过 219 个
2025-07-26 18:23:23,799 - INFO - 关键词过滤后统计 - Doonsec: 4 个, ChainReactors: 55 个, BruceFeIix: 0 个
2025-07-26 18:23:23,800 - INFO - 已创建每日报告: md/2025-07-25.md
2025-07-26 18:23:23,800 - INFO - 开始处理URL: https://mp.weixin.qq.com/s?__biz=MzIxMjEzMDkyMA==&mid=2247488729&idx=1&sn=076815b5fb8ddf81010ab0266848b8a2
2025-07-26 18:23:23,801 - INFO - 目标日期: 2025-07-25
2025-07-26 18:23:23,801 - INFO - 数据源: Doonsec
2025-07-26 18:23:23,801 - INFO - 生成目录结构: doc/2025/2025-07/2025-W30/2025-07-25
2025-07-26 18:24:33,762 - INFO - === 开始执行微信文章归档工具 ===
2025-07-26 18:24:33,763 - INFO - 数据文件: data.json
2025-07-26 18:24:33,763 - INFO - 可执行文件: ./bin/wechatmp2markdown-v1.1.11_linux_amd64
2025-07-26 18:24:33,763 - INFO - 文档目录: doc
2025-07-26 18:24:33,799 - INFO - 已加载 17083 条历史记录
2025-07-26 18:24:33,799 - INFO - === 开始日期区间拉取: 2025-07-25 到 2025-07-26 ===
2025-07-26 18:24:33,800 - INFO - === 处理第 1/2 天: 2025-07-25 ===
2025-07-26 18:24:33,801 - INFO - 开始获取Doonsec RSS
2025-07-26 18:24:33,801 - INFO - 目标日期: 2025-07-25
2025-07-26 18:24:34,280 - INFO - Doonsec RSS请求成功
2025-07-26 18:24:34,283 - INFO - RSS中共有 200 个条目
2025-07-26 18:24:34,284 - INFO - Doonsec获取到 90 个2025-07-25的微信文章URL
2025-07-26 18:24:34,286 - INFO - ChainReactors md文件URL: https://raw.githubusercontent.com/chainreactors/picker/refs/heads/master/archive/daily/2025/2025-07-25.md
2025-07-26 18:24:34,600 - INFO - ChainReactors md文件下载状态码: 200
2025-07-26 18:24:34,601 - INFO - ChainReactors获取到 196 个URL
2025-07-26 18:24:34,601 - INFO - BruceFeIix md文件URL: https://raw.githubusercontent.com/BruceFeIix/picker/refs/heads/master/archive/daily/2025/2025-07-25.md
2025-07-26 18:24:34,925 - INFO - BruceFeIix md文件下载状态码: 200
2025-07-26 18:24:34,926 - INFO - BruceFeIix获取到 193 个URL
2025-07-26 18:24:34,926 - INFO - === 开始处理 2025-07-25 的数据 ===
2025-07-26 18:24:34,926 - INFO - Doonsec原始数据: 90 个
2025-07-26 18:24:34,926 - INFO - ChainReactors原始数据: 196 个
2025-07-26 18:24:34,926 - INFO - BruceFeIix原始数据: 193 个
2025-07-26 18:24:34,926 - INFO - 开始处理Doonsec数据...
2025-07-26 18:24:34,926 - INFO - 开始处理ChainReactors数据...
2025-07-26 18:24:34,927 - INFO - 开始处理BruceFeIix数据...
2025-07-26 18:24:34,927 - INFO - 去重后共 278 个URL待处理，跳过 201 个重复URL
2025-07-26 18:24:34,927 - INFO - 去重后统计 - Doonsec: 90 个, ChainReactors: 188 个, BruceFeIix: 0 个
2025-07-26 18:24:34,927 - INFO - === 开始关键词过滤 ===
2025-07-26 18:24:34,939 - INFO - 关键词过滤: 匹配 59 个，跳过 219 个
2025-07-26 18:24:34,939 - INFO - 关键词过滤后统计 - Doonsec: 4 个, ChainReactors: 55 个, BruceFeIix: 0 个
2025-07-26 18:24:34,940 - INFO - 已创建每日报告: md/2025-07-25.md
2025-07-26 18:24:34,940 - INFO - 开始处理URL: https://mp.weixin.qq.com/s?__biz=MzIxMjEzMDkyMA==&mid=2247488729&idx=1&sn=076815b5fb8ddf81010ab0266848b8a2
2025-07-26 18:24:34,940 - INFO - 目标日期: 2025-07-25
2025-07-26 18:24:34,940 - INFO - 数据源: Doonsec
2025-07-26 18:24:34,941 - INFO - 生成目录结构: doc/2025/2025-07/2025-W30/2025-07-25
2025-07-26 18:25:03,621 - INFO - === 开始执行微信文章归档工具 ===
2025-07-26 18:25:03,622 - INFO - 数据文件: data.json
2025-07-26 18:25:03,622 - INFO - 可执行文件: ./bin/wechatmp2markdown-v1.1.11_linux_amd64
2025-07-26 18:25:03,622 - INFO - 文档目录: doc
2025-07-26 18:25:03,656 - INFO - 已加载 17083 条历史记录
2025-07-26 18:25:03,656 - INFO - === 开始日期区间拉取: 2025-07-25 到 2025-07-26 ===
2025-07-26 18:25:03,658 - INFO - === 处理第 1/2 天: 2025-07-25 ===
2025-07-26 18:25:03,658 - INFO - 开始获取Doonsec RSS
2025-07-26 18:25:03,658 - INFO - 目标日期: 2025-07-25
2025-07-26 18:25:04,170 - INFO - Doonsec RSS请求成功
2025-07-26 18:25:04,173 - INFO - RSS中共有 200 个条目
2025-07-26 18:25:04,173 - INFO - Doonsec获取到 90 个2025-07-25的微信文章URL
2025-07-26 18:25:04,176 - INFO - ChainReactors md文件URL: https://raw.githubusercontent.com/chainreactors/picker/refs/heads/master/archive/daily/2025/2025-07-25.md
2025-07-26 18:25:04,524 - INFO - ChainReactors md文件下载状态码: 200
2025-07-26 18:25:04,526 - INFO - ChainReactors获取到 196 个URL
2025-07-26 18:25:04,527 - INFO - BruceFeIix md文件URL: https://raw.githubusercontent.com/BruceFeIix/picker/refs/heads/master/archive/daily/2025/2025-07-25.md
2025-07-26 18:25:04,877 - INFO - BruceFeIix md文件下载状态码: 200
2025-07-26 18:25:04,878 - INFO - BruceFeIix获取到 193 个URL
2025-07-26 18:25:04,878 - INFO - === 开始处理 2025-07-25 的数据 ===
2025-07-26 18:25:04,878 - INFO - Doonsec原始数据: 90 个
2025-07-26 18:25:04,878 - INFO - ChainReactors原始数据: 196 个
2025-07-26 18:25:04,878 - INFO - BruceFeIix原始数据: 193 个
2025-07-26 18:25:04,878 - INFO - 开始处理Doonsec数据...
2025-07-26 18:25:04,878 - INFO - 开始处理ChainReactors数据...
2025-07-26 18:25:04,878 - INFO - 开始处理BruceFeIix数据...
2025-07-26 18:25:04,879 - INFO - 去重后共 278 个URL待处理，跳过 201 个重复URL
2025-07-26 18:25:04,879 - INFO - 去重后统计 - Doonsec: 90 个, ChainReactors: 188 个, BruceFeIix: 0 个
2025-07-26 18:25:04,879 - INFO - === 开始关键词过滤 ===
2025-07-26 18:25:04,890 - INFO - 关键词过滤: 匹配 59 个，跳过 219 个
2025-07-26 18:25:04,890 - INFO - 关键词过滤后统计 - Doonsec: 4 个, ChainReactors: 55 个, BruceFeIix: 0 个
2025-07-26 18:25:04,892 - INFO - 已创建每日报告: md/2025-07-25.md
2025-07-26 18:25:04,892 - INFO - 开始处理URL: https://mp.weixin.qq.com/s?__biz=MzIxMjEzMDkyMA==&mid=2247488729&idx=1&sn=076815b5fb8ddf81010ab0266848b8a2
2025-07-26 18:25:04,892 - INFO - 目标日期: 2025-07-25
2025-07-26 18:25:04,892 - INFO - 数据源: Doonsec
2025-07-26 18:25:04,892 - INFO - 生成目录结构: doc/2025/2025-07/2025-W30/2025-07-25
2025-07-26 18:25:04,895 - ERROR - === 第 1/2 天处理失败: [Errno 8] Exec format error: './bin/wechatmp2markdown-v1.1.11_linux_amd64' ===
2025-07-26 18:25:04,895 - ERROR - 跳过 2025-07-25 的处理，继续下一个日期
2025-07-26 18:25:04,895 - INFO - === 处理第 2/2 天: 2025-07-26 ===
2025-07-26 18:25:04,895 - INFO - 开始获取Doonsec RSS
2025-07-26 18:25:04,895 - INFO - 目标日期: 2025-07-26
2025-07-26 18:25:05,515 - INFO - Doonsec RSS请求成功
2025-07-26 18:25:05,518 - INFO - RSS中共有 200 个条目
2025-07-26 18:25:05,519 - INFO - Doonsec获取到 112 个2025-07-26的微信文章URL
2025-07-26 18:25:05,520 - INFO - ChainReactors md文件URL: https://raw.githubusercontent.com/chainreactors/picker/refs/heads/master/archive/daily/2025/2025-07-26.md
2025-07-26 18:25:06,047 - INFO - ChainReactors md文件下载状态码: 200
2025-07-26 18:25:06,048 - INFO - ChainReactors获取到 219 个URL
2025-07-26 18:25:06,048 - INFO - BruceFeIix md文件URL: https://raw.githubusercontent.com/BruceFeIix/picker/refs/heads/master/archive/daily/2025/2025-07-26.md
2025-07-26 18:25:06,575 - INFO - BruceFeIix md文件下载状态码: 200
2025-07-26 18:25:06,577 - INFO - BruceFeIix获取到 215 个URL
2025-07-26 18:25:06,577 - INFO - === 开始处理 2025-07-26 的数据 ===
2025-07-26 18:25:06,577 - INFO - Doonsec原始数据: 112 个
2025-07-26 18:25:06,577 - INFO - ChainReactors原始数据: 219 个
2025-07-26 18:25:06,577 - INFO - BruceFeIix原始数据: 215 个
2025-07-26 18:25:06,577 - INFO - 开始处理Doonsec数据...
2025-07-26 18:25:06,577 - INFO - 开始处理ChainReactors数据...
2025-07-26 18:25:06,578 - INFO - 开始处理BruceFeIix数据...
2025-07-26 18:25:06,578 - INFO - 去重后共 305 个URL待处理，跳过 241 个重复URL
2025-07-26 18:25:06,578 - INFO - 去重后统计 - Doonsec: 112 个, ChainReactors: 193 个, BruceFeIix: 0 个
2025-07-26 18:25:06,578 - INFO - === 开始关键词过滤 ===
2025-07-26 18:25:06,591 - INFO - 关键词过滤: 匹配 47 个，跳过 258 个
2025-07-26 18:25:06,591 - INFO - 关键词过滤后统计 - Doonsec: 1 个, ChainReactors: 46 个, BruceFeIix: 0 个
2025-07-26 18:25:06,592 - INFO - 已创建每日报告: md/2025-07-26.md
2025-07-26 18:25:06,592 - INFO - 开始处理URL: https://mp.weixin.qq.com/s?__biz=MjM5NTc2MDYxMw==&mid=2458597710&idx=2&sn=9ed60b245e5e8b137bc5a454490e8852
2025-07-26 18:25:06,592 - INFO - 目标日期: 2025-07-26
2025-07-26 18:25:06,592 - INFO - 数据源: Doonsec
2025-07-26 18:25:06,592 - INFO - 生成目录结构: doc/2025/2025-07/2025-W30/2025-07-26
2025-07-26 18:25:06,595 - ERROR - === 第 2/2 天处理失败: [Errno 8] Exec format error: './bin/wechatmp2markdown-v1.1.11_linux_amd64' ===
2025-07-26 18:25:06,595 - ERROR - 跳过 2025-07-26 的处理，继续下一个日期
2025-07-26 18:25:06,595 - INFO - === 执行完成 ===
2025-07-26 18:26:40,250 - INFO - === 开始执行微信文章归档工具 ===
2025-07-26 18:26:40,251 - INFO - 数据文件: data.json
2025-07-26 18:26:40,251 - INFO - 可执行文件: ./bin/wechatmp2markdown-v1.1.11_linux_amd64
2025-07-26 18:26:40,251 - INFO - 文档目录: doc
2025-07-26 18:26:40,284 - INFO - 已加载 17083 条历史记录
2025-07-26 18:26:40,284 - INFO - === 开始日期区间拉取: 2025-07-25 到 2025-07-26 ===
2025-07-26 18:26:40,286 - INFO - === 处理第 1/2 天: 2025-07-25 ===
2025-07-26 18:26:40,286 - INFO - 开始获取Doonsec RSS
2025-07-26 18:26:40,286 - INFO - 目标日期: 2025-07-25
2025-07-26 18:26:40,721 - INFO - Doonsec RSS请求成功
2025-07-26 18:26:40,724 - INFO - RSS中共有 200 个条目
2025-07-26 18:26:40,725 - INFO - Doonsec获取到 90 个2025-07-25的微信文章URL
2025-07-26 18:26:40,726 - INFO - ChainReactors md文件URL: https://raw.githubusercontent.com/chainreactors/picker/refs/heads/master/archive/daily/2025/2025-07-25.md
2025-07-26 18:26:41,102 - INFO - ChainReactors md文件下载状态码: 200
2025-07-26 18:26:41,103 - INFO - ChainReactors获取到 196 个URL
2025-07-26 18:26:41,103 - INFO - BruceFeIix md文件URL: https://raw.githubusercontent.com/BruceFeIix/picker/refs/heads/master/archive/daily/2025/2025-07-25.md
2025-07-26 18:26:41,491 - INFO - BruceFeIix md文件下载状态码: 200
2025-07-26 18:26:41,492 - INFO - BruceFeIix获取到 193 个URL
2025-07-26 18:26:41,492 - INFO - === 开始处理 2025-07-25 的数据 ===
2025-07-26 18:26:41,493 - INFO - Doonsec原始数据: 90 个
2025-07-26 18:26:41,493 - INFO - ChainReactors原始数据: 196 个
2025-07-26 18:26:41,493 - INFO - BruceFeIix原始数据: 193 个
2025-07-26 18:26:41,493 - INFO - 开始处理Doonsec数据...
2025-07-26 18:26:41,493 - INFO - 开始处理ChainReactors数据...
2025-07-26 18:26:41,493 - INFO - 开始处理BruceFeIix数据...
2025-07-26 18:26:41,493 - INFO - 去重后共 278 个URL待处理，跳过 201 个重复URL
2025-07-26 18:26:41,493 - INFO - 去重后统计 - Doonsec: 90 个, ChainReactors: 188 个, BruceFeIix: 0 个
2025-07-26 18:26:41,493 - INFO - === 开始关键词过滤 ===
2025-07-26 18:26:41,505 - INFO - 关键词过滤: 匹配 59 个，跳过 219 个
2025-07-26 18:26:41,513 - INFO - 关键词过滤后统计 - Doonsec: 4 个, ChainReactors: 55 个, BruceFeIix: 0 个
2025-07-26 18:26:41,515 - INFO - 已创建每日报告: md/2025-07-25.md
2025-07-26 18:26:41,515 - INFO - 开始处理URL: https://mp.weixin.qq.com/s?__biz=MzIxMjEzMDkyMA==&mid=2247488729&idx=1&sn=076815b5fb8ddf81010ab0266848b8a2
2025-07-26 18:26:41,515 - INFO - 目标日期: 2025-07-25
2025-07-26 18:26:41,515 - INFO - 数据源: Doonsec
2025-07-26 18:26:41,515 - INFO - 生成目录结构: doc/2025/2025-07/2025-W30/2025-07-25
2025-07-26 18:26:41,518 - ERROR - === 第 1/2 天处理失败: [Errno 8] Exec format error: './bin/wechatmp2markdown-v1.1.11_linux_amd64' ===
2025-07-26 18:26:41,518 - ERROR - 跳过 2025-07-25 的处理，继续下一个日期
2025-07-26 18:26:41,519 - INFO - === 处理第 2/2 天: 2025-07-26 ===
2025-07-26 18:26:41,519 - INFO - 开始获取Doonsec RSS
2025-07-26 18:26:41,519 - INFO - 目标日期: 2025-07-26
2025-07-26 18:26:41,871 - INFO - Doonsec RSS请求成功
2025-07-26 18:26:41,875 - INFO - RSS中共有 200 个条目
2025-07-26 18:26:41,875 - INFO - Doonsec获取到 112 个2025-07-26的微信文章URL
2025-07-26 18:26:41,877 - INFO - ChainReactors md文件URL: https://raw.githubusercontent.com/chainreactors/picker/refs/heads/master/archive/daily/2025/2025-07-26.md
2025-07-26 18:26:42,127 - INFO - ChainReactors md文件下载状态码: 200
2025-07-26 18:26:42,129 - INFO - ChainReactors获取到 219 个URL
2025-07-26 18:26:42,129 - INFO - BruceFeIix md文件URL: https://raw.githubusercontent.com/BruceFeIix/picker/refs/heads/master/archive/daily/2025/2025-07-26.md
2025-07-26 18:26:42,370 - INFO - BruceFeIix md文件下载状态码: 200
2025-07-26 18:26:42,371 - INFO - BruceFeIix获取到 215 个URL
2025-07-26 18:26:42,371 - INFO - === 开始处理 2025-07-26 的数据 ===
2025-07-26 18:26:42,371 - INFO - Doonsec原始数据: 112 个
2025-07-26 18:26:42,371 - INFO - ChainReactors原始数据: 219 个
2025-07-26 18:26:42,372 - INFO - BruceFeIix原始数据: 215 个
2025-07-26 18:26:42,372 - INFO - 开始处理Doonsec数据...
2025-07-26 18:26:42,372 - INFO - 开始处理ChainReactors数据...
2025-07-26 18:26:42,372 - INFO - 开始处理BruceFeIix数据...
2025-07-26 18:26:42,372 - INFO - 去重后共 305 个URL待处理，跳过 241 个重复URL
2025-07-26 18:26:42,372 - INFO - 去重后统计 - Doonsec: 112 个, ChainReactors: 193 个, BruceFeIix: 0 个
2025-07-26 18:26:42,372 - INFO - === 开始关键词过滤 ===
2025-07-26 18:26:42,385 - INFO - 关键词过滤: 匹配 47 个，跳过 258 个
2025-07-26 18:26:42,385 - INFO - 关键词过滤后统计 - Doonsec: 1 个, ChainReactors: 46 个, BruceFeIix: 0 个
2025-07-26 18:26:42,386 - INFO - 已创建每日报告: md/2025-07-26.md
2025-07-26 18:26:42,386 - INFO - 开始处理URL: https://mp.weixin.qq.com/s?__biz=MjM5NTc2MDYxMw==&mid=2458597710&idx=2&sn=9ed60b245e5e8b137bc5a454490e8852
2025-07-26 18:26:42,387 - INFO - 目标日期: 2025-07-26
2025-07-26 18:26:42,387 - INFO - 数据源: Doonsec
2025-07-26 18:26:42,387 - INFO - 生成目录结构: doc/2025/2025-07/2025-W30/2025-07-26
2025-07-26 18:26:42,389 - ERROR - === 第 2/2 天处理失败: [Errno 8] Exec format error: './bin/wechatmp2markdown-v1.1.11_linux_amd64' ===
2025-07-26 18:26:42,390 - ERROR - 跳过 2025-07-26 的处理，继续下一个日期
2025-07-26 18:26:42,390 - INFO - === 执行完成 ===
2025-07-26 18:26:45,946 - INFO - === 开始执行微信文章归档工具 ===
2025-07-26 18:26:45,947 - INFO - 数据文件: data.json
2025-07-26 18:26:45,947 - INFO - 可执行文件: ./bin/wechatmp2markdown-v1.1.11_linux_amd64
2025-07-26 18:26:45,947 - INFO - 文档目录: doc
2025-07-26 18:26:45,981 - INFO - 已加载 17083 条历史记录
2025-07-26 18:26:45,981 - INFO - === 开始日期区间拉取: 2025-07-25 到 2025-07-26 ===
2025-07-26 18:26:45,982 - INFO - === 处理第 1/2 天: 2025-07-25 ===
2025-07-26 18:26:45,983 - INFO - 开始获取Doonsec RSS
2025-07-26 18:26:45,983 - INFO - 目标日期: 2025-07-25
2025-07-26 18:26:46,363 - INFO - Doonsec RSS请求成功
2025-07-26 18:26:46,367 - INFO - RSS中共有 200 个条目
2025-07-26 18:26:46,367 - INFO - Doonsec获取到 88 个2025-07-25的微信文章URL
2025-07-26 18:26:46,369 - INFO - ChainReactors md文件URL: https://raw.githubusercontent.com/chainreactors/picker/refs/heads/master/archive/daily/2025/2025-07-25.md
2025-07-26 18:26:46,630 - INFO - ChainReactors md文件下载状态码: 200
2025-07-26 18:26:46,632 - INFO - ChainReactors获取到 196 个URL
2025-07-26 18:26:46,632 - INFO - BruceFeIix md文件URL: https://raw.githubusercontent.com/BruceFeIix/picker/refs/heads/master/archive/daily/2025/2025-07-25.md
2025-07-26 18:26:46,922 - INFO - BruceFeIix md文件下载状态码: 200
2025-07-26 18:26:46,924 - INFO - BruceFeIix获取到 193 个URL
2025-07-26 18:26:46,924 - INFO - === 开始处理 2025-07-25 的数据 ===
2025-07-26 18:26:46,924 - INFO - Doonsec原始数据: 88 个
2025-07-26 18:26:46,924 - INFO - ChainReactors原始数据: 196 个
2025-07-26 18:26:46,924 - INFO - BruceFeIix原始数据: 193 个
2025-07-26 18:26:46,924 - INFO - 开始处理Doonsec数据...
2025-07-26 18:26:46,924 - INFO - 开始处理ChainReactors数据...
2025-07-26 18:26:46,924 - INFO - 开始处理BruceFeIix数据...
2025-07-26 18:26:46,924 - INFO - 去重后共 276 个URL待处理，跳过 201 个重复URL
2025-07-26 18:26:46,924 - INFO - 去重后统计 - Doonsec: 88 个, ChainReactors: 188 个, BruceFeIix: 0 个
2025-07-26 18:26:46,925 - INFO - === 开始关键词过滤 ===
2025-07-26 18:26:46,936 - INFO - 关键词过滤: 匹配 59 个，跳过 217 个
2025-07-26 18:26:46,936 - INFO - 关键词过滤后统计 - Doonsec: 4 个, ChainReactors: 55 个, BruceFeIix: 0 个
2025-07-26 18:26:46,937 - INFO - 已创建每日报告: md/2025-07-25.md
2025-07-26 18:26:46,937 - INFO - 开始处理URL: https://mp.weixin.qq.com/s?__biz=MzIxMjEzMDkyMA==&mid=2247488729&idx=1&sn=076815b5fb8ddf81010ab0266848b8a2
2025-07-26 18:26:46,937 - INFO - 目标日期: 2025-07-25
2025-07-26 18:26:46,937 - INFO - 数据源: Doonsec
2025-07-26 18:26:46,937 - INFO - 生成目录结构: doc/2025/2025-07/2025-W30/2025-07-25
2025-07-26 18:26:46,941 - ERROR - === 第 1/2 天处理失败: [Errno 8] Exec format error: './bin/wechatmp2markdown-v1.1.11_linux_amd64' ===
2025-07-26 18:26:46,941 - ERROR - 跳过 2025-07-25 的处理，继续下一个日期
2025-07-26 18:26:46,941 - INFO - === 处理第 2/2 天: 2025-07-26 ===
2025-07-26 18:26:46,941 - INFO - 开始获取Doonsec RSS
2025-07-26 18:26:46,941 - INFO - 目标日期: 2025-07-26
2025-07-26 18:26:47,340 - INFO - Doonsec RSS请求成功
2025-07-26 18:26:47,343 - INFO - RSS中共有 200 个条目
2025-07-26 18:26:47,343 - INFO - Doonsec获取到 112 个2025-07-26的微信文章URL
2025-07-26 18:26:47,345 - INFO - ChainReactors md文件URL: https://raw.githubusercontent.com/chainreactors/picker/refs/heads/master/archive/daily/2025/2025-07-26.md
2025-07-26 18:26:47,598 - INFO - ChainReactors md文件下载状态码: 200
2025-07-26 18:26:47,599 - INFO - ChainReactors获取到 219 个URL
2025-07-26 18:26:47,599 - INFO - BruceFeIix md文件URL: https://raw.githubusercontent.com/BruceFeIix/picker/refs/heads/master/archive/daily/2025/2025-07-26.md
2025-07-26 18:26:47,846 - INFO - BruceFeIix md文件下载状态码: 200
2025-07-26 18:26:47,847 - INFO - BruceFeIix获取到 215 个URL
2025-07-26 18:26:47,847 - INFO - === 开始处理 2025-07-26 的数据 ===
2025-07-26 18:26:47,847 - INFO - Doonsec原始数据: 112 个
2025-07-26 18:26:47,847 - INFO - ChainReactors原始数据: 219 个
2025-07-26 18:26:47,847 - INFO - BruceFeIix原始数据: 215 个
2025-07-26 18:26:47,847 - INFO - 开始处理Doonsec数据...
2025-07-26 18:26:47,847 - INFO - 开始处理ChainReactors数据...
2025-07-26 18:26:47,847 - INFO - 开始处理BruceFeIix数据...
2025-07-26 18:26:47,848 - INFO - 去重后共 305 个URL待处理，跳过 241 个重复URL
2025-07-26 18:26:47,848 - INFO - 去重后统计 - Doonsec: 112 个, ChainReactors: 193 个, BruceFeIix: 0 个
2025-07-26 18:26:47,848 - INFO - === 开始关键词过滤 ===
2025-07-26 18:26:47,861 - INFO - 关键词过滤: 匹配 47 个，跳过 258 个
2025-07-26 18:26:47,861 - INFO - 关键词过滤后统计 - Doonsec: 1 个, ChainReactors: 46 个, BruceFeIix: 0 个
2025-07-26 18:26:47,862 - INFO - 已创建每日报告: md/2025-07-26.md
2025-07-26 18:26:47,862 - INFO - 开始处理URL: https://mp.weixin.qq.com/s?__biz=MjM5NTc2MDYxMw==&mid=2458597710&idx=2&sn=9ed60b245e5e8b137bc5a454490e8852
2025-07-26 18:26:47,862 - INFO - 目标日期: 2025-07-26
2025-07-26 18:26:47,862 - INFO - 数据源: Doonsec
2025-07-26 18:26:47,862 - INFO - 生成目录结构: doc/2025/2025-07/2025-W30/2025-07-26
2025-07-26 18:26:47,865 - ERROR - === 第 2/2 天处理失败: [Errno 8] Exec format error: './bin/wechatmp2markdown-v1.1.11_linux_amd64' ===
2025-07-26 18:26:47,865 - ERROR - 跳过 2025-07-26 的处理，继续下一个日期
2025-07-26 18:26:47,865 - INFO - === 执行完成 ===
2025-07-26 18:27:56,324 - INFO - === 开始执行微信文章归档工具 ===
2025-07-26 18:27:56,325 - INFO - 数据文件: data.json
2025-07-26 18:27:56,325 - INFO - 可执行文件: ./bin/wechatmp2markdown-v1.1.11_linux_amd64
2025-07-26 18:27:56,325 - INFO - 文档目录: doc
2025-07-26 18:27:56,352 - INFO - 已加载 17083 条历史记录
2025-07-26 18:27:56,353 - INFO - === 开始日期区间拉取: 2025-07-22 到 2025-07-26 ===
2025-07-26 18:27:56,354 - INFO - === 处理第 1/5 天: 2025-07-22 ===
2025-07-26 18:27:56,354 - INFO - 开始获取Doonsec RSS
2025-07-26 18:27:56,354 - INFO - 目标日期: 2025-07-22
2025-07-26 18:27:56,761 - INFO - Doonsec RSS请求成功
2025-07-26 18:27:56,764 - INFO - RSS中共有 200 个条目
2025-07-26 18:27:56,764 - INFO - Doonsec获取到 0 个2025-07-22的微信文章URL
2025-07-26 18:27:56,765 - INFO - ChainReactors md文件URL: https://raw.githubusercontent.com/chainreactors/picker/refs/heads/master/archive/daily/2025/2025-07-22.md
2025-07-26 18:27:57,486 - INFO - ChainReactors md文件下载状态码: 200
2025-07-26 18:27:57,488 - INFO - ChainReactors获取到 103 个URL
2025-07-26 18:27:57,488 - INFO - BruceFeIix md文件URL: https://raw.githubusercontent.com/BruceFeIix/picker/refs/heads/master/archive/daily/2025/2025-07-22.md
2025-07-26 18:27:58,108 - INFO - BruceFeIix md文件下载状态码: 200
2025-07-26 18:27:58,109 - INFO - BruceFeIix获取到 102 个URL
2025-07-26 18:27:58,110 - INFO - === 开始处理 2025-07-22 的数据 ===
2025-07-26 18:27:58,110 - INFO - Doonsec原始数据: 0 个
2025-07-26 18:27:58,110 - INFO - ChainReactors原始数据: 103 个
2025-07-26 18:27:58,110 - INFO - BruceFeIix原始数据: 102 个
2025-07-26 18:27:58,110 - INFO - 开始处理Doonsec数据...
2025-07-26 18:27:58,110 - INFO - 开始处理ChainReactors数据...
2025-07-26 18:27:58,110 - INFO - 开始处理BruceFeIix数据...
2025-07-26 18:27:58,110 - INFO - 去重后共 75 个URL待处理，跳过 130 个重复URL
2025-07-26 18:27:58,110 - INFO - 去重后统计 - Doonsec: 0 个, ChainReactors: 75 个, BruceFeIix: 0 个
2025-07-26 18:27:58,110 - INFO - === 开始关键词过滤 ===
2025-07-26 18:27:58,114 - INFO - 关键词过滤: 匹配 21 个，跳过 54 个
2025-07-26 18:27:58,114 - INFO - 关键词过滤后统计 - Doonsec: 0 个, ChainReactors: 21 个, BruceFeIix: 0 个
2025-07-26 18:27:58,115 - INFO - 已创建每日报告: md/2025-07-22.md
2025-07-26 18:27:58,115 - INFO - 开始处理URL: https://mp.weixin.qq.com/s?__biz=MzI3NzM5NDA0NA==&mid=2247491720&idx=1&sn=3858300026cf1ba7c1a5b209208ed675
2025-07-26 18:27:58,115 - INFO - 目标日期: 2025-07-22
2025-07-26 18:27:58,115 - INFO - 数据源: ChainReactors
2025-07-26 18:27:58,115 - INFO - 生成目录结构: doc/2025/2025-07/2025-W30/2025-07-22
2025-07-26 18:27:58,119 - ERROR - === 第 1/5 天处理失败: [Errno 8] Exec format error: './bin/wechatmp2markdown-v1.1.11_linux_amd64' ===
2025-07-26 18:27:58,119 - ERROR - 跳过 2025-07-22 的处理，继续下一个日期
2025-07-26 18:27:58,120 - INFO - === 处理第 2/5 天: 2025-07-23 ===
2025-07-26 18:27:58,120 - INFO - 开始获取Doonsec RSS
2025-07-26 18:27:58,120 - INFO - 目标日期: 2025-07-23
2025-07-26 18:27:58,503 - INFO - Doonsec RSS请求成功
2025-07-26 18:27:58,506 - INFO - RSS中共有 200 个条目
2025-07-26 18:27:58,506 - INFO - Doonsec获取到 0 个2025-07-23的微信文章URL
2025-07-26 18:27:58,507 - INFO - ChainReactors md文件URL: https://raw.githubusercontent.com/chainreactors/picker/refs/heads/master/archive/daily/2025/2025-07-23.md
2025-07-26 18:27:59,228 - INFO - ChainReactors md文件下载状态码: 200
2025-07-26 18:27:59,230 - INFO - ChainReactors获取到 109 个URL
2025-07-26 18:27:59,230 - INFO - BruceFeIix md文件URL: https://raw.githubusercontent.com/BruceFeIix/picker/refs/heads/master/archive/daily/2025/2025-07-23.md
2025-07-26 18:27:59,821 - INFO - BruceFeIix md文件下载状态码: 200
2025-07-26 18:27:59,822 - INFO - BruceFeIix获取到 106 个URL
2025-07-26 18:27:59,822 - INFO - === 开始处理 2025-07-23 的数据 ===
2025-07-26 18:27:59,822 - INFO - Doonsec原始数据: 0 个
2025-07-26 18:27:59,822 - INFO - ChainReactors原始数据: 109 个
2025-07-26 18:27:59,822 - INFO - BruceFeIix原始数据: 106 个
2025-07-26 18:27:59,822 - INFO - 开始处理Doonsec数据...
2025-07-26 18:27:59,822 - INFO - 开始处理ChainReactors数据...
2025-07-26 18:27:59,823 - INFO - 开始处理BruceFeIix数据...
2025-07-26 18:27:59,823 - INFO - 去重后共 95 个URL待处理，跳过 120 个重复URL
2025-07-26 18:27:59,823 - INFO - 去重后统计 - Doonsec: 0 个, ChainReactors: 95 个, BruceFeIix: 0 个
2025-07-26 18:27:59,823 - INFO - === 开始关键词过滤 ===
2025-07-26 18:27:59,827 - INFO - 关键词过滤: 匹配 33 个，跳过 62 个
2025-07-26 18:27:59,827 - INFO - 关键词过滤后统计 - Doonsec: 0 个, ChainReactors: 33 个, BruceFeIix: 0 个
2025-07-26 18:27:59,828 - INFO - 已创建每日报告: md/2025-07-23.md
2025-07-26 18:27:59,828 - INFO - 开始处理URL: https://mp.weixin.qq.com/s?__biz=Mzk0MTIzNTgzMQ==&mid=2247522088&idx=1&sn=8f1bf0c4bc674820cb968ff6028063a0
2025-07-26 18:27:59,828 - INFO - 目标日期: 2025-07-23
2025-07-26 18:27:59,828 - INFO - 数据源: ChainReactors
2025-07-26 18:27:59,828 - INFO - 生成目录结构: doc/2025/2025-07/2025-W30/2025-07-23
2025-07-26 18:27:59,831 - ERROR - === 第 2/5 天处理失败: [Errno 8] Exec format error: './bin/wechatmp2markdown-v1.1.11_linux_amd64' ===
2025-07-26 18:27:59,831 - ERROR - 跳过 2025-07-23 的处理，继续下一个日期
2025-07-26 18:27:59,831 - INFO - === 处理第 3/5 天: 2025-07-24 ===
2025-07-26 18:27:59,831 - INFO - 开始获取Doonsec RSS
2025-07-26 18:27:59,832 - INFO - 目标日期: 2025-07-24
2025-07-26 18:28:00,204 - INFO - Doonsec RSS请求成功
2025-07-26 18:28:00,207 - INFO - RSS中共有 200 个条目
2025-07-26 18:28:00,208 - INFO - Doonsec获取到 0 个2025-07-24的微信文章URL
2025-07-26 18:28:00,209 - INFO - ChainReactors md文件URL: https://raw.githubusercontent.com/chainreactors/picker/refs/heads/master/archive/daily/2025/2025-07-24.md
2025-07-26 18:28:00,884 - INFO - ChainReactors md文件下载状态码: 200
2025-07-26 18:28:00,886 - INFO - ChainReactors获取到 233 个URL
2025-07-26 18:28:00,886 - INFO - BruceFeIix md文件URL: https://raw.githubusercontent.com/BruceFeIix/picker/refs/heads/master/archive/daily/2025/2025-07-24.md
2025-07-26 18:28:01,568 - INFO - BruceFeIix md文件下载状态码: 200
2025-07-26 18:28:01,570 - INFO - BruceFeIix获取到 231 个URL
2025-07-26 18:28:01,570 - INFO - === 开始处理 2025-07-24 的数据 ===
2025-07-26 18:28:01,570 - INFO - Doonsec原始数据: 0 个
2025-07-26 18:28:01,570 - INFO - ChainReactors原始数据: 233 个
2025-07-26 18:28:01,570 - INFO - BruceFeIix原始数据: 231 个
2025-07-26 18:28:01,570 - INFO - 开始处理Doonsec数据...
2025-07-26 18:28:01,570 - INFO - 开始处理ChainReactors数据...
2025-07-26 18:28:01,570 - INFO - 开始处理BruceFeIix数据...
2025-07-26 18:28:01,571 - INFO - 去重后共 206 个URL待处理，跳过 258 个重复URL
2025-07-26 18:28:01,571 - INFO - 去重后统计 - Doonsec: 0 个, ChainReactors: 206 个, BruceFeIix: 0 个
2025-07-26 18:28:01,571 - INFO - === 开始关键词过滤 ===
2025-07-26 18:28:01,580 - INFO - 关键词过滤: 匹配 59 个，跳过 147 个
2025-07-26 18:28:01,580 - INFO - 关键词过滤后统计 - Doonsec: 0 个, ChainReactors: 59 个, BruceFeIix: 0 个
2025-07-26 18:28:01,581 - INFO - 已创建每日报告: md/2025-07-24.md
2025-07-26 18:28:01,581 - INFO - 开始处理URL: https://mp.weixin.qq.com/s?__biz=MzkzNjQwOTc4MQ==&mid=2247490568&idx=1&sn=35923a080a740d874c24091c7a1a22ea
2025-07-26 18:28:01,581 - INFO - 目标日期: 2025-07-24
2025-07-26 18:28:01,581 - INFO - 数据源: ChainReactors
2025-07-26 18:28:01,581 - INFO - 生成目录结构: doc/2025/2025-07/2025-W30/2025-07-24
2025-07-26 18:28:01,584 - ERROR - === 第 3/5 天处理失败: [Errno 8] Exec format error: './bin/wechatmp2markdown-v1.1.11_linux_amd64' ===
2025-07-26 18:28:01,584 - ERROR - 跳过 2025-07-24 的处理，继续下一个日期
2025-07-26 18:28:01,584 - INFO - === 处理第 4/5 天: 2025-07-25 ===
2025-07-26 18:28:01,584 - INFO - 开始获取Doonsec RSS
2025-07-26 18:28:01,584 - INFO - 目标日期: 2025-07-25
2025-07-26 18:28:02,063 - INFO - Doonsec RSS请求成功
2025-07-26 18:28:02,066 - INFO - RSS中共有 200 个条目
2025-07-26 18:28:02,066 - INFO - Doonsec获取到 88 个2025-07-25的微信文章URL
2025-07-26 18:28:02,067 - INFO - ChainReactors md文件URL: https://raw.githubusercontent.com/chainreactors/picker/refs/heads/master/archive/daily/2025/2025-07-25.md
2025-07-26 18:28:02,404 - INFO - ChainReactors md文件下载状态码: 200
2025-07-26 18:28:02,406 - INFO - ChainReactors获取到 196 个URL
2025-07-26 18:28:02,406 - INFO - BruceFeIix md文件URL: https://raw.githubusercontent.com/BruceFeIix/picker/refs/heads/master/archive/daily/2025/2025-07-25.md
2025-07-26 18:28:02,729 - INFO - BruceFeIix md文件下载状态码: 200
2025-07-26 18:28:02,731 - INFO - BruceFeIix获取到 193 个URL
2025-07-26 18:28:02,731 - INFO - === 开始处理 2025-07-25 的数据 ===
2025-07-26 18:28:02,731 - INFO - Doonsec原始数据: 88 个
2025-07-26 18:28:02,731 - INFO - ChainReactors原始数据: 196 个
2025-07-26 18:28:02,731 - INFO - BruceFeIix原始数据: 193 个
2025-07-26 18:28:02,731 - INFO - 开始处理Doonsec数据...
2025-07-26 18:28:02,732 - INFO - 开始处理ChainReactors数据...
2025-07-26 18:28:02,732 - INFO - 开始处理BruceFeIix数据...
2025-07-26 18:28:02,732 - INFO - 去重后共 276 个URL待处理，跳过 201 个重复URL
2025-07-26 18:28:02,732 - INFO - 去重后统计 - Doonsec: 88 个, ChainReactors: 188 个, BruceFeIix: 0 个
2025-07-26 18:28:02,732 - INFO - === 开始关键词过滤 ===
2025-07-26 18:28:02,746 - INFO - 关键词过滤: 匹配 59 个，跳过 217 个
2025-07-26 18:28:02,747 - INFO - 关键词过滤后统计 - Doonsec: 4 个, ChainReactors: 55 个, BruceFeIix: 0 个
2025-07-26 18:28:02,748 - INFO - 已创建每日报告: md/2025-07-25.md
2025-07-26 18:28:02,748 - INFO - 开始处理URL: https://mp.weixin.qq.com/s?__biz=MzIxMjEzMDkyMA==&mid=2247488729&idx=1&sn=076815b5fb8ddf81010ab0266848b8a2
2025-07-26 18:28:02,748 - INFO - 目标日期: 2025-07-25
2025-07-26 18:28:02,748 - INFO - 数据源: Doonsec
2025-07-26 18:28:02,749 - INFO - 生成目录结构: doc/2025/2025-07/2025-W30/2025-07-25
2025-07-26 18:28:02,752 - ERROR - === 第 4/5 天处理失败: [Errno 8] Exec format error: './bin/wechatmp2markdown-v1.1.11_linux_amd64' ===
2025-07-26 18:28:02,752 - ERROR - 跳过 2025-07-25 的处理，继续下一个日期
2025-07-26 18:28:02,752 - INFO - === 处理第 5/5 天: 2025-07-26 ===
2025-07-26 18:28:02,752 - INFO - 开始获取Doonsec RSS
2025-07-26 18:28:02,752 - INFO - 目标日期: 2025-07-26
2025-07-26 18:28:03,149 - INFO - Doonsec RSS请求成功
2025-07-26 18:28:03,152 - INFO - RSS中共有 200 个条目
2025-07-26 18:28:03,152 - INFO - Doonsec获取到 110 个2025-07-26的微信文章URL
2025-07-26 18:28:03,153 - INFO - ChainReactors md文件URL: https://raw.githubusercontent.com/chainreactors/picker/refs/heads/master/archive/daily/2025/2025-07-26.md
2025-07-26 18:28:03,483 - INFO - ChainReactors md文件下载状态码: 200
2025-07-26 18:28:03,485 - INFO - ChainReactors获取到 219 个URL
2025-07-26 18:28:03,485 - INFO - BruceFeIix md文件URL: https://raw.githubusercontent.com/BruceFeIix/picker/refs/heads/master/archive/daily/2025/2025-07-26.md
2025-07-26 18:28:03,811 - INFO - BruceFeIix md文件下载状态码: 200
2025-07-26 18:28:03,813 - INFO - BruceFeIix获取到 215 个URL
2025-07-26 18:28:03,813 - INFO - === 开始处理 2025-07-26 的数据 ===
2025-07-26 18:28:03,813 - INFO - Doonsec原始数据: 110 个
2025-07-26 18:28:03,813 - INFO - ChainReactors原始数据: 219 个
2025-07-26 18:28:03,814 - INFO - BruceFeIix原始数据: 215 个
2025-07-26 18:28:03,814 - INFO - 开始处理Doonsec数据...
2025-07-26 18:28:03,814 - INFO - 开始处理ChainReactors数据...
2025-07-26 18:28:03,814 - INFO - 开始处理BruceFeIix数据...
2025-07-26 18:28:03,814 - INFO - 去重后共 303 个URL待处理，跳过 241 个重复URL
2025-07-26 18:28:03,814 - INFO - 去重后统计 - Doonsec: 110 个, ChainReactors: 193 个, BruceFeIix: 0 个
2025-07-26 18:28:03,814 - INFO - === 开始关键词过滤 ===
2025-07-26 18:28:03,828 - INFO - 关键词过滤: 匹配 46 个，跳过 257 个
2025-07-26 18:28:03,828 - INFO - 关键词过滤后统计 - Doonsec: 0 个, ChainReactors: 46 个, BruceFeIix: 0 个
2025-07-26 18:28:03,829 - INFO - 已创建每日报告: md/2025-07-26.md
2025-07-26 18:28:03,829 - INFO - 开始处理URL: https://mp.weixin.qq.com/s?__biz=MzIxMjEzMDkyMA==&mid=2247488729&idx=1&sn=076815b5fb8ddf81010ab0266848b8a2
2025-07-26 18:28:03,829 - INFO - 目标日期: 2025-07-26
2025-07-26 18:28:03,829 - INFO - 数据源: ChainReactors
2025-07-26 18:28:03,829 - INFO - 生成目录结构: doc/2025/2025-07/2025-W30/2025-07-26
2025-07-26 18:28:03,832 - ERROR - === 第 5/5 天处理失败: [Errno 8] Exec format error: './bin/wechatmp2markdown-v1.1.11_linux_amd64' ===
2025-07-26 18:28:03,832 - ERROR - 跳过 2025-07-26 的处理，继续下一个日期
2025-07-26 18:28:03,832 - INFO - === 执行完成 ===
2025-07-26 18:34:29,627 - INFO - === 开始执行微信文章归档工具 ===
2025-07-26 18:34:33,045 - INFO - === 开始执行微信文章归档工具 ===
2025-07-26 18:34:33,046 - INFO - 数据文件: data.json
2025-07-26 18:34:33,047 - INFO - 可执行文件: ./bin/wechatmp2markdown-v1.1.11_linux_amd64
2025-07-26 18:34:33,047 - INFO - 文档目录: doc
2025-07-26 18:34:33,080 - INFO - 已加载 17083 条历史记录
2025-07-26 18:34:33,081 - INFO - === 开始指定日期拉取: 2025-07-26 ===
2025-07-26 18:34:33,081 - INFO - 开始获取Doonsec RSS
2025-07-26 18:34:33,081 - INFO - 目标日期: 2025-07-26
2025-07-26 18:34:33,519 - INFO - Doonsec RSS请求成功
2025-07-26 18:34:33,523 - INFO - RSS中共有 200 个条目
2025-07-26 18:34:33,524 - INFO - Doonsec获取到 114 个2025-07-26的微信文章URL
2025-07-26 18:34:33,525 - INFO - ChainReactors md文件URL: https://raw.githubusercontent.com/chainreactors/picker/refs/heads/master/archive/daily/2025/2025-07-26.md
2025-07-26 18:34:34,122 - INFO - ChainReactors md文件下载状态码: 200
2025-07-26 18:34:34,124 - INFO - ChainReactors获取到 219 个URL
2025-07-26 18:34:34,124 - INFO - BruceFeIix md文件URL: https://raw.githubusercontent.com/BruceFeIix/picker/refs/heads/master/archive/daily/2025/2025-07-26.md
2025-07-26 18:34:34,786 - INFO - BruceFeIix md文件下载状态码: 200
2025-07-26 18:34:34,787 - INFO - BruceFeIix获取到 215 个URL
2025-07-26 18:34:34,787 - INFO - === 开始处理 2025-07-26 的数据 ===
2025-07-26 18:34:34,787 - INFO - Doonsec原始数据: 114 个
2025-07-26 18:34:34,787 - INFO - ChainReactors原始数据: 219 个
2025-07-26 18:34:34,788 - INFO - BruceFeIix原始数据: 215 个
2025-07-26 18:34:34,788 - INFO - 开始处理Doonsec数据...
2025-07-26 18:34:34,788 - INFO - 开始处理ChainReactors数据...
2025-07-26 18:34:34,788 - INFO - 开始处理BruceFeIix数据...
2025-07-26 18:34:34,788 - INFO - 去重后共 307 个URL待处理，跳过 241 个重复URL
2025-07-26 18:34:34,788 - INFO - 去重后统计 - Doonsec: 114 个, ChainReactors: 193 个, BruceFeIix: 0 个
2025-07-26 18:34:34,788 - INFO - === 开始关键词过滤 ===
2025-07-26 18:34:34,802 - INFO - 关键词过滤: 匹配 47 个，跳过 260 个
2025-07-26 18:34:34,802 - INFO - 关键词过滤后统计 - Doonsec: 1 个, ChainReactors: 46 个, BruceFeIix: 0 个
2025-07-26 18:34:34,805 - INFO - 已创建每日报告: md/2025-07-26.md
2025-07-26 18:34:34,805 - INFO - === 跳过二进制文件处理，只更新data.json ===
2025-07-26 18:34:34,838 - INFO - 已更新data.json，添加了 47 个URL
2025-07-26 18:34:34,839 - INFO - 已创建每日报告: md/2025-07-26.md
2025-07-26 18:34:34,839 - INFO - === 执行完成 ===
2025-07-26 18:34:38,590 - INFO - === 开始执行微信文章归档工具 ===
2025-07-26 18:34:38,591 - INFO - 数据文件: data.json
2025-07-26 18:34:38,591 - INFO - 可执行文件: ./bin/wechatmp2markdown-v1.1.11_linux_amd64
2025-07-26 18:34:38,591 - INFO - 文档目录: doc
2025-07-26 18:34:38,625 - INFO - 已加载 17130 条历史记录
2025-07-26 18:34:38,625 - INFO - === 开始日期区间拉取: 2025-07-25 到 2025-07-26 ===
2025-07-26 18:34:38,627 - INFO - === 处理第 1/2 天: 2025-07-25 ===
2025-07-26 18:34:38,627 - INFO - 开始获取Doonsec RSS
2025-07-26 18:34:38,627 - INFO - 目标日期: 2025-07-25
2025-07-26 18:34:39,063 - INFO - Doonsec RSS请求成功
2025-07-26 18:34:39,067 - INFO - RSS中共有 200 个条目
2025-07-26 18:34:39,068 - INFO - Doonsec获取到 86 个2025-07-25的微信文章URL
2025-07-26 18:34:39,069 - INFO - ChainReactors md文件URL: https://raw.githubusercontent.com/chainreactors/picker/refs/heads/master/archive/daily/2025/2025-07-25.md
2025-07-26 18:34:39,606 - INFO - ChainReactors md文件下载状态码: 200
2025-07-26 18:34:39,607 - INFO - ChainReactors获取到 196 个URL
2025-07-26 18:34:39,607 - INFO - BruceFeIix md文件URL: https://raw.githubusercontent.com/BruceFeIix/picker/refs/heads/master/archive/daily/2025/2025-07-25.md
2025-07-26 18:34:40,218 - INFO - BruceFeIix md文件下载状态码: 200
2025-07-26 18:34:40,219 - INFO - BruceFeIix获取到 193 个URL
2025-07-26 18:34:40,219 - INFO - === 开始处理 2025-07-25 的数据 ===
2025-07-26 18:34:40,219 - INFO - Doonsec原始数据: 86 个
2025-07-26 18:34:40,219 - INFO - ChainReactors原始数据: 196 个
2025-07-26 18:34:40,219 - INFO - BruceFeIix原始数据: 193 个
2025-07-26 18:34:40,219 - INFO - 开始处理Doonsec数据...
2025-07-26 18:34:40,220 - INFO - 开始处理ChainReactors数据...
2025-07-26 18:34:40,220 - INFO - 开始处理BruceFeIix数据...
2025-07-26 18:34:40,220 - INFO - 去重后共 258 个URL待处理，跳过 217 个重复URL
2025-07-26 18:34:40,220 - INFO - 去重后统计 - Doonsec: 70 个, ChainReactors: 188 个, BruceFeIix: 0 个
2025-07-26 18:34:40,220 - INFO - === 开始关键词过滤 ===
2025-07-26 18:34:40,232 - INFO - 关键词过滤: 匹配 56 个，跳过 202 个
2025-07-26 18:34:40,232 - INFO - 关键词过滤后统计 - Doonsec: 1 个, ChainReactors: 55 个, BruceFeIix: 0 个
2025-07-26 18:34:40,233 - INFO - 已创建每日报告: md/2025-07-25.md
2025-07-26 18:34:40,233 - INFO - === 跳过二进制文件处理，只更新data.json ===
2025-07-26 18:34:40,265 - INFO - 已更新data.json，添加了 56 个URL
2025-07-26 18:34:40,266 - INFO - 已创建每日报告: md/2025-07-25.md
2025-07-26 18:34:40,266 - INFO - === 完成第 1/2 天处理 ===
2025-07-26 18:34:40,266 - INFO - === 处理第 2/2 天: 2025-07-26 ===
2025-07-26 18:34:40,266 - INFO - 开始获取Doonsec RSS
2025-07-26 18:34:40,266 - INFO - 目标日期: 2025-07-26
2025-07-26 18:34:40,796 - INFO - Doonsec RSS请求成功
2025-07-26 18:34:40,800 - INFO - RSS中共有 200 个条目
2025-07-26 18:34:40,800 - INFO - Doonsec获取到 114 个2025-07-26的微信文章URL
2025-07-26 18:34:40,802 - INFO - ChainReactors md文件URL: https://raw.githubusercontent.com/chainreactors/picker/refs/heads/master/archive/daily/2025/2025-07-26.md
2025-07-26 18:34:41,274 - INFO - ChainReactors md文件下载状态码: 200
2025-07-26 18:34:41,276 - INFO - ChainReactors获取到 219 个URL
2025-07-26 18:34:41,276 - INFO - BruceFeIix md文件URL: https://raw.githubusercontent.com/BruceFeIix/picker/refs/heads/master/archive/daily/2025/2025-07-26.md
2025-07-26 18:34:41,537 - INFO - BruceFeIix md文件下载状态码: 200
2025-07-26 18:34:41,538 - INFO - BruceFeIix获取到 215 个URL
2025-07-26 18:34:41,538 - INFO - === 开始处理 2025-07-26 的数据 ===
2025-07-26 18:34:41,538 - INFO - Doonsec原始数据: 114 个
2025-07-26 18:34:41,538 - INFO - ChainReactors原始数据: 219 个
2025-07-26 18:34:41,538 - INFO - BruceFeIix原始数据: 215 个
2025-07-26 18:34:41,538 - INFO - 开始处理Doonsec数据...
2025-07-26 18:34:41,538 - INFO - 开始处理ChainReactors数据...
2025-07-26 18:34:41,538 - INFO - 开始处理BruceFeIix数据...
2025-07-26 18:34:41,538 - INFO - 去重后共 260 个URL待处理，跳过 288 个重复URL
2025-07-26 18:34:41,539 - INFO - 去重后统计 - Doonsec: 113 个, ChainReactors: 147 个, BruceFeIix: 0 个
2025-07-26 18:34:41,539 - INFO - === 开始关键词过滤 ===
2025-07-26 18:34:41,550 - INFO - 关键词过滤: 匹配 0 个，跳过 260 个
2025-07-26 18:34:41,551 - INFO - 关键词过滤后统计 - Doonsec: 0 个, ChainReactors: 0 个, BruceFeIix: 0 个
2025-07-26 18:34:41,551 - INFO - === 跳过二进制文件处理，只更新data.json ===
2025-07-26 18:34:41,583 - INFO - 已更新data.json，添加了 0 个URL
2025-07-26 18:34:41,583 - INFO - === 完成第 2/2 天处理 ===
2025-07-26 18:34:41,583 - INFO - === 执行完成 ===
2025-07-26 18:34:54,878 - INFO - === 开始执行微信文章归档工具 ===
2025-07-26 18:34:54,880 - INFO - 数据文件: data.json
2025-07-26 18:34:54,880 - INFO - 可执行文件: ./bin/wechatmp2markdown-v1.1.11_linux_amd64
2025-07-26 18:34:54,880 - INFO - 文档目录: doc
2025-07-26 18:34:54,914 - INFO - 已加载 17186 条历史记录
2025-07-26 18:34:54,914 - INFO - === 开始指定日期拉取: 2025-07-26 ===
2025-07-26 18:34:54,914 - INFO - 开始获取Doonsec RSS
2025-07-26 18:34:54,914 - INFO - 目标日期: 2025-07-26
2025-07-26 18:34:55,286 - INFO - Doonsec RSS请求成功
2025-07-26 18:34:55,289 - INFO - RSS中共有 200 个条目
2025-07-26 18:34:55,290 - INFO - Doonsec获取到 114 个2025-07-26的微信文章URL
2025-07-26 18:34:55,291 - INFO - ChainReactors md文件URL: https://raw.githubusercontent.com/chainreactors/picker/refs/heads/master/archive/daily/2025/2025-07-26.md
2025-07-26 18:34:55,560 - INFO - ChainReactors md文件下载状态码: 200
2025-07-26 18:34:55,562 - INFO - ChainReactors获取到 219 个URL
2025-07-26 18:34:55,562 - INFO - BruceFeIix md文件URL: https://raw.githubusercontent.com/BruceFeIix/picker/refs/heads/master/archive/daily/2025/2025-07-26.md
2025-07-26 18:34:55,883 - INFO - BruceFeIix md文件下载状态码: 200
2025-07-26 18:34:55,884 - INFO - BruceFeIix获取到 215 个URL
2025-07-26 18:34:55,884 - INFO - === 开始处理 2025-07-26 的数据 ===
2025-07-26 18:34:55,884 - INFO - Doonsec原始数据: 114 个
2025-07-26 18:34:55,884 - INFO - ChainReactors原始数据: 219 个
2025-07-26 18:34:55,884 - INFO - BruceFeIix原始数据: 215 个
2025-07-26 18:34:55,884 - INFO - 开始处理Doonsec数据...
2025-07-26 18:34:55,885 - INFO - 开始处理ChainReactors数据...
2025-07-26 18:34:55,885 - INFO - 开始处理BruceFeIix数据...
2025-07-26 18:34:55,885 - INFO - 去重后共 260 个URL待处理，跳过 288 个重复URL
2025-07-26 18:34:55,885 - INFO - 去重后统计 - Doonsec: 113 个, ChainReactors: 147 个, BruceFeIix: 0 个
2025-07-26 18:34:55,885 - INFO - === 开始关键词过滤 ===
2025-07-26 18:34:55,897 - INFO - 关键词过滤: 匹配 0 个，跳过 260 个
2025-07-26 18:34:55,897 - INFO - 关键词过滤后统计 - Doonsec: 0 个, ChainReactors: 0 个, BruceFeIix: 0 个
2025-07-26 18:34:55,897 - INFO - === 执行完成 ===
2025-07-26 18:35:56,338 - INFO - === 开始执行微信文章归档工具 ===
2025-07-26 18:35:56,339 - INFO - 数据文件: data.json
2025-07-26 18:35:56,339 - INFO - 可执行文件: ./bin/wechatmp2markdown-v1.1.11_linux_amd64
2025-07-26 18:35:56,339 - INFO - 文档目录: doc
2025-07-26 18:35:56,372 - INFO - 已加载 17186 条历史记录
2025-07-26 18:35:56,373 - INFO - === 开始指定日期拉取: 2025-07-26 ===
2025-07-26 18:35:56,373 - INFO - 开始获取Doonsec RSS
2025-07-26 18:35:56,373 - INFO - 目标日期: 2025-07-26
2025-07-26 18:35:56,778 - INFO - Doonsec RSS请求成功
2025-07-26 18:35:56,781 - INFO - RSS中共有 200 个条目
2025-07-26 18:35:56,781 - INFO - Doonsec获取到 114 个2025-07-26的微信文章URL
2025-07-26 18:35:56,783 - INFO - ChainReactors md文件URL: https://raw.githubusercontent.com/chainreactors/picker/refs/heads/master/archive/daily/2025/2025-07-26.md
2025-07-26 18:35:57,025 - INFO - ChainReactors md文件下载状态码: 200
2025-07-26 18:35:57,027 - INFO - ChainReactors获取到 219 个URL
2025-07-26 18:35:57,027 - INFO - BruceFeIix md文件URL: https://raw.githubusercontent.com/BruceFeIix/picker/refs/heads/master/archive/daily/2025/2025-07-26.md
2025-07-26 18:35:57,287 - INFO - BruceFeIix md文件下载状态码: 200
2025-07-26 18:35:57,288 - INFO - BruceFeIix获取到 215 个URL
2025-07-26 18:35:57,288 - INFO - === 开始处理 2025-07-26 的数据 ===
2025-07-26 18:35:57,288 - INFO - Doonsec原始数据: 114 个
2025-07-26 18:35:57,289 - INFO - ChainReactors原始数据: 219 个
2025-07-26 18:35:57,289 - INFO - BruceFeIix原始数据: 215 个
2025-07-26 18:35:57,289 - INFO - 开始处理Doonsec数据...
2025-07-26 18:35:57,289 - INFO - 开始处理ChainReactors数据...
2025-07-26 18:35:57,289 - INFO - 开始处理BruceFeIix数据...
2025-07-26 18:35:57,289 - INFO - 去重后共 260 个URL待处理，跳过 288 个重复URL
2025-07-26 18:35:57,289 - INFO - 去重后统计 - Doonsec: 113 个, ChainReactors: 147 个, BruceFeIix: 0 个
2025-07-26 18:35:57,289 - INFO - === 开始关键词过滤 ===
2025-07-26 18:35:57,303 - INFO - 关键词过滤: 匹配 0 个，跳过 260 个
2025-07-26 18:35:57,303 - INFO - 关键词过滤后统计 - Doonsec: 0 个, ChainReactors: 0 个, BruceFeIix: 0 个
2025-07-26 18:35:57,303 - INFO - === 跳过二进制文件处理，只更新data.json ===
2025-07-26 18:35:57,334 - INFO - 已更新data.json，添加了 0 个URL
2025-07-26 18:35:57,335 - INFO - === 执行完成 ===
2025-07-26 18:36:00,932 - INFO - === 开始执行微信文章归档工具 ===
2025-07-26 18:36:00,933 - INFO - 数据文件: data.json
2025-07-26 18:36:00,933 - INFO - 可执行文件: ./bin/wechatmp2markdown-v1.1.11_linux_amd64
2025-07-26 18:36:00,933 - INFO - 文档目录: doc
2025-07-26 18:36:00,966 - INFO - 已加载 17186 条历史记录
2025-07-26 18:36:00,966 - INFO - === 开始日期区间拉取: 2025-07-25 到 2025-07-26 ===
2025-07-26 18:36:00,967 - INFO - === 处理第 1/2 天: 2025-07-25 ===
2025-07-26 18:36:00,967 - INFO - 开始获取Doonsec RSS
2025-07-26 18:36:00,968 - INFO - 目标日期: 2025-07-25
2025-07-26 18:36:01,385 - INFO - Doonsec RSS请求成功
2025-07-26 18:36:01,388 - INFO - RSS中共有 200 个条目
2025-07-26 18:36:01,388 - INFO - Doonsec获取到 86 个2025-07-25的微信文章URL
2025-07-26 18:36:01,390 - INFO - ChainReactors md文件URL: https://raw.githubusercontent.com/chainreactors/picker/refs/heads/master/archive/daily/2025/2025-07-25.md
2025-07-26 18:36:01,788 - INFO - ChainReactors md文件下载状态码: 200
2025-07-26 18:36:01,790 - INFO - ChainReactors获取到 196 个URL
2025-07-26 18:36:01,791 - INFO - BruceFeIix md文件URL: https://raw.githubusercontent.com/BruceFeIix/picker/refs/heads/master/archive/daily/2025/2025-07-25.md
2025-07-26 18:36:02,231 - INFO - BruceFeIix md文件下载状态码: 200
2025-07-26 18:36:02,232 - INFO - BruceFeIix获取到 193 个URL
2025-07-26 18:36:02,232 - INFO - === 开始处理 2025-07-25 的数据 ===
2025-07-26 18:36:02,232 - INFO - Doonsec原始数据: 86 个
2025-07-26 18:36:02,232 - INFO - ChainReactors原始数据: 196 个
2025-07-26 18:36:02,233 - INFO - BruceFeIix原始数据: 193 个
2025-07-26 18:36:02,233 - INFO - 开始处理Doonsec数据...
2025-07-26 18:36:02,233 - INFO - 开始处理ChainReactors数据...
2025-07-26 18:36:02,233 - INFO - 开始处理BruceFeIix数据...
2025-07-26 18:36:02,233 - INFO - 去重后共 202 个URL待处理，跳过 273 个重复URL
2025-07-26 18:36:02,233 - INFO - 去重后统计 - Doonsec: 69 个, ChainReactors: 133 个, BruceFeIix: 0 个
2025-07-26 18:36:02,233 - INFO - === 开始关键词过滤 ===
2025-07-26 18:36:02,244 - INFO - 关键词过滤: 匹配 0 个，跳过 202 个
2025-07-26 18:36:02,244 - INFO - 关键词过滤后统计 - Doonsec: 0 个, ChainReactors: 0 个, BruceFeIix: 0 个
2025-07-26 18:36:02,244 - INFO - === 跳过二进制文件处理，只更新data.json ===
2025-07-26 18:36:02,276 - INFO - 已更新data.json，添加了 0 个URL
2025-07-26 18:36:02,276 - INFO - === 完成第 1/2 天处理 ===
2025-07-26 18:36:02,276 - INFO - === 处理第 2/2 天: 2025-07-26 ===
2025-07-26 18:36:02,276 - INFO - 开始获取Doonsec RSS
2025-07-26 18:36:02,276 - INFO - 目标日期: 2025-07-26
2025-07-26 18:36:03,378 - INFO - Doonsec RSS请求成功
2025-07-26 18:36:03,381 - INFO - RSS中共有 200 个条目
2025-07-26 18:36:03,382 - INFO - Doonsec获取到 114 个2025-07-26的微信文章URL
2025-07-26 18:36:03,383 - INFO - ChainReactors md文件URL: https://raw.githubusercontent.com/chainreactors/picker/refs/heads/master/archive/daily/2025/2025-07-26.md
2025-07-26 18:36:03,666 - INFO - ChainReactors md文件下载状态码: 200
2025-07-26 18:36:03,667 - INFO - ChainReactors获取到 219 个URL
2025-07-26 18:36:03,667 - INFO - BruceFeIix md文件URL: https://raw.githubusercontent.com/BruceFeIix/picker/refs/heads/master/archive/daily/2025/2025-07-26.md
2025-07-26 18:36:03,914 - INFO - BruceFeIix md文件下载状态码: 200
2025-07-26 18:36:03,916 - INFO - BruceFeIix获取到 215 个URL
2025-07-26 18:36:03,916 - INFO - === 开始处理 2025-07-26 的数据 ===
2025-07-26 18:36:03,916 - INFO - Doonsec原始数据: 114 个
2025-07-26 18:36:03,916 - INFO - ChainReactors原始数据: 219 个
2025-07-26 18:36:03,916 - INFO - BruceFeIix原始数据: 215 个
2025-07-26 18:36:03,916 - INFO - 开始处理Doonsec数据...
2025-07-26 18:36:03,916 - INFO - 开始处理ChainReactors数据...
2025-07-26 18:36:03,917 - INFO - 开始处理BruceFeIix数据...
2025-07-26 18:36:03,917 - INFO - 去重后共 260 个URL待处理，跳过 288 个重复URL
2025-07-26 18:36:03,917 - INFO - 去重后统计 - Doonsec: 113 个, ChainReactors: 147 个, BruceFeIix: 0 个
2025-07-26 18:36:03,917 - INFO - === 开始关键词过滤 ===
2025-07-26 18:36:03,931 - INFO - 关键词过滤: 匹配 0 个，跳过 260 个
2025-07-26 18:36:03,931 - INFO - 关键词过滤后统计 - Doonsec: 0 个, ChainReactors: 0 个, BruceFeIix: 0 个
2025-07-26 18:36:03,931 - INFO - === 跳过二进制文件处理，只更新data.json ===
2025-07-26 18:36:03,964 - INFO - 已更新data.json，添加了 0 个URL
2025-07-26 18:36:03,964 - INFO - === 完成第 2/2 天处理 ===
2025-07-26 18:36:03,964 - INFO - === 执行完成 ===
2025-07-26 18:36:07,518 - INFO - === 开始执行微信文章归档工具 ===
2025-07-26 18:36:07,519 - INFO - 数据文件: data.json
2025-07-26 18:36:07,519 - INFO - 可执行文件: ./bin/wechatmp2markdown-v1.1.11_linux_amd64
2025-07-26 18:36:07,519 - INFO - 文档目录: doc
2025-07-26 18:36:07,554 - INFO - 已加载 17186 条历史记录
2025-07-26 18:36:07,554 - INFO - === 开始指定日期拉取: 2025-07-20 ===
2025-07-26 18:36:07,554 - INFO - 开始获取Doonsec RSS
2025-07-26 18:36:07,554 - INFO - 目标日期: 2025-07-20
2025-07-26 18:36:09,018 - INFO - Doonsec RSS请求成功
2025-07-26 18:36:09,022 - INFO - RSS中共有 200 个条目
2025-07-26 18:36:09,023 - INFO - Doonsec获取到 0 个2025-07-20的微信文章URL
2025-07-26 18:36:09,024 - INFO - ChainReactors md文件URL: https://raw.githubusercontent.com/chainreactors/picker/refs/heads/master/archive/daily/2025/2025-07-20.md
2025-07-26 18:36:09,590 - INFO - ChainReactors md文件下载状态码: 200
2025-07-26 18:36:09,591 - INFO - ChainReactors获取到 168 个URL
2025-07-26 18:36:09,591 - INFO - BruceFeIix md文件URL: https://raw.githubusercontent.com/BruceFeIix/picker/refs/heads/master/archive/daily/2025/2025-07-20.md
2025-07-26 18:36:10,153 - INFO - BruceFeIix md文件下载状态码: 200
2025-07-26 18:36:10,154 - INFO - BruceFeIix获取到 166 个URL
2025-07-26 18:36:10,154 - INFO - === 开始处理 2025-07-20 的数据 ===
2025-07-26 18:36:10,154 - INFO - Doonsec原始数据: 0 个
2025-07-26 18:36:10,154 - INFO - ChainReactors原始数据: 168 个
2025-07-26 18:36:10,154 - INFO - BruceFeIix原始数据: 166 个
2025-07-26 18:36:10,154 - INFO - 开始处理Doonsec数据...
2025-07-26 18:36:10,154 - INFO - 开始处理ChainReactors数据...
2025-07-26 18:36:10,155 - INFO - 开始处理BruceFeIix数据...
2025-07-26 18:36:10,155 - INFO - 去重后共 128 个URL待处理，跳过 206 个重复URL
2025-07-26 18:36:10,155 - INFO - 去重后统计 - Doonsec: 0 个, ChainReactors: 128 个, BruceFeIix: 0 个
2025-07-26 18:36:10,155 - INFO - === 开始关键词过滤 ===
2025-07-26 18:36:10,161 - INFO - 关键词过滤: 匹配 16 个，跳过 112 个
2025-07-26 18:36:10,161 - INFO - 关键词过滤后统计 - Doonsec: 0 个, ChainReactors: 16 个, BruceFeIix: 0 个
2025-07-26 18:36:10,164 - INFO - 已创建每日报告: md/2025-07-20.md
2025-07-26 18:36:10,164 - INFO - === 跳过二进制文件处理，只更新data.json ===
2025-07-26 18:36:10,196 - INFO - 已更新data.json，添加了 16 个URL
2025-07-26 18:36:10,197 - INFO - 已创建每日报告: md/2025-07-20.md
2025-07-26 18:36:10,197 - INFO - === 执行完成 ===
2025-07-26 18:36:18,224 - INFO - === 开始执行微信文章归档工具 ===
2025-07-26 18:36:18,225 - INFO - 数据文件: data.json
2025-07-26 18:36:18,225 - INFO - 可执行文件: ./bin/wechatmp2markdown-v1.1.11_linux_amd64
2025-07-26 18:36:18,225 - INFO - 文档目录: doc
2025-07-26 18:36:18,257 - INFO - 已加载 17202 条历史记录
2025-07-26 18:36:18,258 - INFO - === 开始指定日期拉取: 2025-07-20 ===
2025-07-26 18:36:18,258 - INFO - 开始获取Doonsec RSS
2025-07-26 18:36:18,258 - INFO - 目标日期: 2025-07-20
2025-07-26 18:36:18,601 - INFO - Doonsec RSS请求成功
2025-07-26 18:36:18,604 - INFO - RSS中共有 200 个条目
2025-07-26 18:36:18,604 - INFO - Doonsec获取到 0 个2025-07-20的微信文章URL
2025-07-26 18:36:18,606 - INFO - ChainReactors md文件URL: https://raw.githubusercontent.com/chainreactors/picker/refs/heads/master/archive/daily/2025/2025-07-20.md
2025-07-26 18:36:18,847 - INFO - ChainReactors md文件下载状态码: 200
2025-07-26 18:36:18,848 - INFO - ChainReactors获取到 168 个URL
2025-07-26 18:36:18,848 - INFO - BruceFeIix md文件URL: https://raw.githubusercontent.com/BruceFeIix/picker/refs/heads/master/archive/daily/2025/2025-07-20.md
2025-07-26 18:36:19,165 - INFO - BruceFeIix md文件下载状态码: 200
2025-07-26 18:36:19,166 - INFO - BruceFeIix获取到 166 个URL
2025-07-26 18:36:19,166 - INFO - === 开始处理 2025-07-20 的数据 ===
2025-07-26 18:36:19,166 - INFO - Doonsec原始数据: 0 个
2025-07-26 18:36:19,166 - INFO - ChainReactors原始数据: 168 个
2025-07-26 18:36:19,166 - INFO - BruceFeIix原始数据: 166 个
2025-07-26 18:36:19,166 - INFO - 开始处理Doonsec数据...
2025-07-26 18:36:19,166 - INFO - 开始处理ChainReactors数据...
2025-07-26 18:36:19,166 - INFO - 开始处理BruceFeIix数据...
2025-07-26 18:36:19,166 - INFO - 去重后共 112 个URL待处理，跳过 222 个重复URL
2025-07-26 18:36:19,166 - INFO - 去重后统计 - Doonsec: 0 个, ChainReactors: 112 个, BruceFeIix: 0 个
2025-07-26 18:36:19,166 - INFO - === 开始关键词过滤 ===
2025-07-26 18:36:19,172 - INFO - 关键词过滤: 匹配 0 个，跳过 112 个
2025-07-26 18:36:19,173 - INFO - 关键词过滤后统计 - Doonsec: 0 个, ChainReactors: 0 个, BruceFeIix: 0 个
2025-07-26 18:36:19,173 - INFO - === 跳过二进制文件处理，只更新data.json ===
2025-07-26 18:36:19,208 - INFO - 已更新data.json，添加了 0 个URL
2025-07-26 18:36:19,208 - INFO - === 执行完成 ===
2025-07-26 18:37:37,595 - INFO - === 开始执行微信文章归档工具 ===
2025-07-26 18:37:37,595 - INFO - GitHub Actions环境: False
2025-07-26 18:37:37,596 - INFO - 数据文件: data.json
2025-07-26 18:37:37,596 - INFO - 可执行文件: ./bin/wechatmp2markdown-v1.1.11_linux_amd64
2025-07-26 18:37:37,596 - INFO - 文档目录: doc
2025-07-26 18:37:37,629 - INFO - 已加载 17202 条历史记录
2025-07-26 18:37:37,629 - INFO - === 开始指定日期拉取: 2025-07-20 ===
2025-07-26 18:37:37,629 - INFO - 开始获取Doonsec RSS
2025-07-26 18:37:37,629 - INFO - 目标日期: 2025-07-20
2025-07-26 18:37:37,987 - INFO - Doonsec RSS请求成功
2025-07-26 18:37:37,990 - INFO - RSS中共有 200 个条目
2025-07-26 18:37:37,990 - INFO - Doonsec获取到 0 个2025-07-20的微信文章URL
2025-07-26 18:37:37,992 - INFO - ChainReactors md文件URL: https://raw.githubusercontent.com/chainreactors/picker/refs/heads/master/archive/daily/2025/2025-07-20.md
2025-07-26 18:37:38,177 - INFO - ChainReactors md文件下载状态码: 200
2025-07-26 18:37:38,178 - INFO - ChainReactors获取到 168 个URL
2025-07-26 18:37:38,178 - INFO - BruceFeIix md文件URL: https://raw.githubusercontent.com/BruceFeIix/picker/refs/heads/master/archive/daily/2025/2025-07-20.md
2025-07-26 18:37:38,371 - INFO - BruceFeIix md文件下载状态码: 200
2025-07-26 18:37:38,372 - INFO - BruceFeIix获取到 166 个URL
2025-07-26 18:37:38,372 - INFO - === 开始处理 2025-07-20 的数据 ===
2025-07-26 18:37:38,372 - INFO - Doonsec原始数据: 0 个
2025-07-26 18:37:38,372 - INFO - ChainReactors原始数据: 168 个
2025-07-26 18:37:38,372 - INFO - BruceFeIix原始数据: 166 个
2025-07-26 18:37:38,372 - INFO - 开始处理Doonsec数据...
2025-07-26 18:37:38,372 - INFO - 开始处理ChainReactors数据...
2025-07-26 18:37:38,373 - INFO - 开始处理BruceFeIix数据...
2025-07-26 18:37:38,373 - INFO - 去重后共 112 个URL待处理，跳过 222 个重复URL
2025-07-26 18:37:38,373 - INFO - 去重后统计 - Doonsec: 0 个, ChainReactors: 112 个, BruceFeIix: 0 个
2025-07-26 18:37:38,373 - INFO - === 开始关键词过滤 ===
2025-07-26 18:37:38,379 - INFO - 关键词过滤: 匹配 0 个，跳过 112 个
2025-07-26 18:37:38,379 - INFO - 关键词过滤后统计 - Doonsec: 0 个, ChainReactors: 0 个, BruceFeIix: 0 个
2025-07-26 18:37:38,379 - INFO - === 执行完成 ===
2025-07-26 18:37:42,008 - INFO - === 开始执行微信文章归档工具 ===
2025-07-26 18:37:42,009 - INFO - GitHub Actions环境: True
2025-07-26 18:37:42,009 - INFO - 在GitHub Actions环境中运行，默认启用--skip-binary
2025-07-26 18:37:42,010 - INFO - 数据文件: data.json
2025-07-26 18:37:42,010 - INFO - 可执行文件: ./bin/wechatmp2markdown-v1.1.11_linux_amd64
2025-07-26 18:37:42,010 - INFO - 文档目录: doc
2025-07-26 18:37:42,041 - INFO - 已加载 17202 条历史记录
2025-07-26 18:37:42,041 - INFO - === 开始指定日期拉取: 2025-07-20 ===
2025-07-26 18:37:42,041 - INFO - 开始获取Doonsec RSS
2025-07-26 18:37:42,041 - INFO - 目标日期: 2025-07-20
2025-07-26 18:37:42,481 - INFO - Doonsec RSS请求成功
2025-07-26 18:37:42,485 - INFO - RSS中共有 200 个条目
2025-07-26 18:37:42,485 - INFO - Doonsec获取到 0 个2025-07-20的微信文章URL
2025-07-26 18:37:42,487 - INFO - ChainReactors md文件URL: https://raw.githubusercontent.com/chainreactors/picker/refs/heads/master/archive/daily/2025/2025-07-20.md
2025-07-26 18:37:42,739 - INFO - ChainReactors md文件下载状态码: 200
2025-07-26 18:37:42,740 - INFO - ChainReactors获取到 168 个URL
2025-07-26 18:37:42,741 - INFO - BruceFeIix md文件URL: https://raw.githubusercontent.com/BruceFeIix/picker/refs/heads/master/archive/daily/2025/2025-07-20.md
2025-07-26 18:37:43,006 - INFO - BruceFeIix md文件下载状态码: 200
2025-07-26 18:37:43,007 - INFO - BruceFeIix获取到 166 个URL
2025-07-26 18:37:43,007 - INFO - === 开始处理 2025-07-20 的数据 ===
2025-07-26 18:37:43,007 - INFO - Doonsec原始数据: 0 个
2025-07-26 18:37:43,007 - INFO - ChainReactors原始数据: 168 个
2025-07-26 18:37:43,007 - INFO - BruceFeIix原始数据: 166 个
2025-07-26 18:37:43,007 - INFO - 开始处理Doonsec数据...
2025-07-26 18:37:43,007 - INFO - 开始处理ChainReactors数据...
2025-07-26 18:37:43,007 - INFO - 开始处理BruceFeIix数据...
2025-07-26 18:37:43,007 - INFO - 去重后共 112 个URL待处理，跳过 222 个重复URL
2025-07-26 18:37:43,007 - INFO - 去重后统计 - Doonsec: 0 个, ChainReactors: 112 个, BruceFeIix: 0 个
2025-07-26 18:37:43,007 - INFO - === 开始关键词过滤 ===
2025-07-26 18:37:43,013 - INFO - 关键词过滤: 匹配 0 个，跳过 112 个
2025-07-26 18:37:43,013 - INFO - 关键词过滤后统计 - Doonsec: 0 个, ChainReactors: 0 个, BruceFeIix: 0 个
2025-07-26 18:37:43,013 - INFO - === 跳过二进制文件处理，只更新data.json ===
2025-07-26 18:37:43,046 - INFO - 已更新data.json，添加了 0 个URL
2025-07-26 18:37:43,046 - INFO - === 执行完成 ===
2025-07-26 18:37:46,988 - INFO - === 开始执行微信文章归档工具 ===
2025-07-26 18:37:46,988 - INFO - GitHub Actions环境: True
2025-07-26 18:37:46,989 - INFO - 数据文件: data.json
2025-07-26 18:37:46,989 - INFO - 可执行文件: ./bin/wechatmp2markdown-v1.1.11_linux_amd64
2025-07-26 18:37:46,989 - INFO - 文档目录: doc
2025-07-26 18:37:47,023 - INFO - 已加载 17202 条历史记录
2025-07-26 18:37:47,023 - INFO - === 开始指定日期拉取: 2025-07-20 ===
2025-07-26 18:37:47,023 - INFO - 开始获取Doonsec RSS
2025-07-26 18:37:47,023 - INFO - 目标日期: 2025-07-20
2025-07-26 18:37:47,458 - INFO - Doonsec RSS请求成功
2025-07-26 18:37:47,461 - INFO - RSS中共有 200 个条目
2025-07-26 18:37:47,462 - INFO - Doonsec获取到 0 个2025-07-20的微信文章URL
2025-07-26 18:37:47,463 - INFO - ChainReactors md文件URL: https://raw.githubusercontent.com/chainreactors/picker/refs/heads/master/archive/daily/2025/2025-07-20.md
2025-07-26 18:37:47,739 - INFO - ChainReactors md文件下载状态码: 200
2025-07-26 18:37:47,740 - INFO - ChainReactors获取到 168 个URL
2025-07-26 18:37:47,740 - INFO - BruceFeIix md文件URL: https://raw.githubusercontent.com/BruceFeIix/picker/refs/heads/master/archive/daily/2025/2025-07-20.md
2025-07-26 18:37:47,992 - INFO - BruceFeIix md文件下载状态码: 200
2025-07-26 18:37:47,993 - INFO - BruceFeIix获取到 166 个URL
2025-07-26 18:37:47,993 - INFO - === 开始处理 2025-07-20 的数据 ===
2025-07-26 18:37:47,993 - INFO - Doonsec原始数据: 0 个
2025-07-26 18:37:47,993 - INFO - ChainReactors原始数据: 168 个
2025-07-26 18:37:47,993 - INFO - BruceFeIix原始数据: 166 个
2025-07-26 18:37:47,993 - INFO - 开始处理Doonsec数据...
2025-07-26 18:37:47,993 - INFO - 开始处理ChainReactors数据...
2025-07-26 18:37:47,993 - INFO - 开始处理BruceFeIix数据...
2025-07-26 18:37:47,994 - INFO - 去重后共 112 个URL待处理，跳过 222 个重复URL
2025-07-26 18:37:47,994 - INFO - 去重后统计 - Doonsec: 0 个, ChainReactors: 112 个, BruceFeIix: 0 个
2025-07-26 18:37:47,994 - INFO - === 开始关键词过滤 ===
2025-07-26 18:37:48,000 - INFO - 关键词过滤: 匹配 0 个，跳过 112 个
2025-07-26 18:37:48,000 - INFO - 关键词过滤后统计 - Doonsec: 0 个, ChainReactors: 0 个, BruceFeIix: 0 个
2025-07-26 18:37:48,000 - INFO - === 跳过二进制文件处理，只更新data.json ===
2025-07-26 18:37:48,034 - INFO - 已更新data.json，添加了 0 个URL
2025-07-26 18:37:48,034 - INFO - === 执行完成 ===
2025-07-26 18:37:53,824 - INFO - === 开始执行微信文章归档工具 ===
2025-07-26 18:37:53,824 - INFO - GitHub Actions环境: True
2025-07-26 18:37:53,825 - INFO - 在GitHub Actions环境中运行，默认启用--skip-binary
2025-07-26 18:37:53,825 - INFO - 数据文件: data.json
2025-07-26 18:37:53,825 - INFO - 可执行文件: ./bin/wechatmp2markdown-v1.1.11_linux_amd64
2025-07-26 18:37:53,825 - INFO - 文档目录: doc
2025-07-26 18:37:53,858 - INFO - 已加载 17202 条历史记录
2025-07-26 18:37:53,858 - INFO - === 开始日期区间拉取: 2025-07-25 到 2025-07-26 ===
2025-07-26 18:37:53,860 - INFO - === 处理第 1/2 天: 2025-07-25 ===
2025-07-26 18:37:53,860 - INFO - 开始获取Doonsec RSS
2025-07-26 18:37:53,860 - INFO - 目标日期: 2025-07-25
2025-07-26 18:37:54,205 - INFO - Doonsec RSS请求成功
2025-07-26 18:37:54,208 - INFO - RSS中共有 200 个条目
2025-07-26 18:37:54,208 - INFO - Doonsec获取到 86 个2025-07-25的微信文章URL
2025-07-26 18:37:54,210 - INFO - ChainReactors md文件URL: https://raw.githubusercontent.com/chainreactors/picker/refs/heads/master/archive/daily/2025/2025-07-25.md
2025-07-26 18:37:54,490 - INFO - ChainReactors md文件下载状态码: 200
2025-07-26 18:37:54,493 - INFO - ChainReactors获取到 196 个URL
2025-07-26 18:37:54,493 - INFO - BruceFeIix md文件URL: https://raw.githubusercontent.com/BruceFeIix/picker/refs/heads/master/archive/daily/2025/2025-07-25.md
2025-07-26 18:37:54,747 - INFO - BruceFeIix md文件下载状态码: 200
2025-07-26 18:37:54,749 - INFO - BruceFeIix获取到 193 个URL
2025-07-26 18:37:54,749 - INFO - === 开始处理 2025-07-25 的数据 ===
2025-07-26 18:37:54,749 - INFO - Doonsec原始数据: 86 个
2025-07-26 18:37:54,749 - INFO - ChainReactors原始数据: 196 个
2025-07-26 18:37:54,749 - INFO - BruceFeIix原始数据: 193 个
2025-07-26 18:37:54,749 - INFO - 开始处理Doonsec数据...
2025-07-26 18:37:54,749 - INFO - 开始处理ChainReactors数据...
2025-07-26 18:37:54,750 - INFO - 开始处理BruceFeIix数据...
2025-07-26 18:37:54,750 - INFO - 去重后共 202 个URL待处理，跳过 273 个重复URL
2025-07-26 18:37:54,750 - INFO - 去重后统计 - Doonsec: 69 个, ChainReactors: 133 个, BruceFeIix: 0 个
2025-07-26 18:37:54,750 - INFO - === 开始关键词过滤 ===
2025-07-26 18:37:54,761 - INFO - 关键词过滤: 匹配 0 个，跳过 202 个
2025-07-26 18:37:54,761 - INFO - 关键词过滤后统计 - Doonsec: 0 个, ChainReactors: 0 个, BruceFeIix: 0 个
2025-07-26 18:37:54,761 - INFO - === 跳过二进制文件处理，只更新data.json ===
2025-07-26 18:37:54,794 - INFO - 已更新data.json，添加了 0 个URL
2025-07-26 18:37:54,794 - INFO - === 完成第 1/2 天处理 ===
2025-07-26 18:37:54,794 - INFO - === 处理第 2/2 天: 2025-07-26 ===
2025-07-26 18:37:54,794 - INFO - 开始获取Doonsec RSS
2025-07-26 18:37:54,794 - INFO - 目标日期: 2025-07-26
2025-07-26 18:37:55,192 - INFO - Doonsec RSS请求成功
2025-07-26 18:37:55,195 - INFO - RSS中共有 200 个条目
2025-07-26 18:37:55,196 - INFO - Doonsec获取到 114 个2025-07-26的微信文章URL
2025-07-26 18:37:55,197 - INFO - ChainReactors md文件URL: https://raw.githubusercontent.com/chainreactors/picker/refs/heads/master/archive/daily/2025/2025-07-26.md
2025-07-26 18:37:55,454 - INFO - ChainReactors md文件下载状态码: 200
2025-07-26 18:37:55,456 - INFO - ChainReactors获取到 219 个URL
2025-07-26 18:37:55,456 - INFO - BruceFeIix md文件URL: https://raw.githubusercontent.com/BruceFeIix/picker/refs/heads/master/archive/daily/2025/2025-07-26.md
2025-07-26 18:37:55,698 - INFO - BruceFeIix md文件下载状态码: 200
2025-07-26 18:37:55,700 - INFO - BruceFeIix获取到 215 个URL
2025-07-26 18:37:55,700 - INFO - === 开始处理 2025-07-26 的数据 ===
2025-07-26 18:37:55,700 - INFO - Doonsec原始数据: 114 个
2025-07-26 18:37:55,700 - INFO - ChainReactors原始数据: 219 个
2025-07-26 18:37:55,700 - INFO - BruceFeIix原始数据: 215 个
2025-07-26 18:37:55,700 - INFO - 开始处理Doonsec数据...
2025-07-26 18:37:55,700 - INFO - 开始处理ChainReactors数据...
2025-07-26 18:37:55,701 - INFO - 开始处理BruceFeIix数据...
2025-07-26 18:37:55,701 - INFO - 去重后共 260 个URL待处理，跳过 288 个重复URL
2025-07-26 18:37:55,701 - INFO - 去重后统计 - Doonsec: 113 个, ChainReactors: 147 个, BruceFeIix: 0 个
2025-07-26 18:37:55,701 - INFO - === 开始关键词过滤 ===
2025-07-26 18:37:55,715 - INFO - 关键词过滤: 匹配 0 个，跳过 260 个
2025-07-26 18:37:55,716 - INFO - 关键词过滤后统计 - Doonsec: 0 个, ChainReactors: 0 个, BruceFeIix: 0 个
2025-07-26 18:37:55,716 - INFO - === 跳过二进制文件处理，只更新data.json ===
2025-07-26 18:37:55,748 - INFO - 已更新data.json，添加了 0 个URL
2025-07-26 18:37:55,748 - INFO - === 完成第 2/2 天处理 ===
2025-07-26 18:37:55,748 - INFO - === 执行完成 ===
2025-07-26 18:37:58,204 - INFO - === 开始执行微信文章归档工具 ===
2025-07-26 18:37:58,205 - INFO - GitHub Actions环境: False
2025-07-26 18:38:17,530 - INFO - === 开始执行微信文章归档工具 ===
2025-07-26 18:38:17,530 - INFO - GitHub Actions环境: False
2025-07-26 18:38:23,775 - INFO - === 开始执行微信文章归档工具 ===
2025-07-26 18:38:23,775 - INFO - GitHub Actions环境: True
2025-07-26 18:38:23,776 - INFO - 在GitHub Actions环境中运行，默认启用--skip-binary
2025-07-26 18:38:23,776 - INFO - 数据文件: data.json
2025-07-26 18:38:23,776 - INFO - 可执行文件: ./bin/wechatmp2markdown-v1.1.11_linux_amd64
2025-07-26 18:38:23,776 - INFO - 文档目录: doc
2025-07-26 18:38:23,811 - INFO - 已加载 17202 条历史记录
2025-07-26 18:38:23,811 - INFO - === 开始指定日期拉取: 2025-07-20 ===
2025-07-26 18:38:23,811 - INFO - 开始获取Doonsec RSS
2025-07-26 18:38:23,811 - INFO - 目标日期: 2025-07-20
2025-07-26 18:38:24,162 - INFO - Doonsec RSS请求成功
2025-07-26 18:38:24,165 - INFO - RSS中共有 200 个条目
2025-07-26 18:38:24,165 - INFO - Doonsec获取到 0 个2025-07-20的微信文章URL
2025-07-26 18:38:24,167 - INFO - ChainReactors md文件URL: https://raw.githubusercontent.com/chainreactors/picker/refs/heads/master/archive/daily/2025/2025-07-20.md
2025-07-26 18:38:24,415 - INFO - ChainReactors md文件下载状态码: 200
2025-07-26 18:38:24,416 - INFO - ChainReactors获取到 168 个URL
2025-07-26 18:38:24,416 - INFO - BruceFeIix md文件URL: https://raw.githubusercontent.com/BruceFeIix/picker/refs/heads/master/archive/daily/2025/2025-07-20.md
2025-07-26 18:38:24,630 - INFO - BruceFeIix md文件下载状态码: 200
2025-07-26 18:38:24,631 - INFO - BruceFeIix获取到 166 个URL
2025-07-26 18:38:24,631 - INFO - === 开始处理 2025-07-20 的数据 ===
2025-07-26 18:38:24,631 - INFO - Doonsec原始数据: 0 个
2025-07-26 18:38:24,631 - INFO - ChainReactors原始数据: 168 个
2025-07-26 18:38:24,631 - INFO - BruceFeIix原始数据: 166 个
2025-07-26 18:38:24,631 - INFO - 开始处理Doonsec数据...
2025-07-26 18:38:24,631 - INFO - 开始处理ChainReactors数据...
2025-07-26 18:38:24,631 - INFO - 开始处理BruceFeIix数据...
2025-07-26 18:38:24,632 - INFO - 去重后共 112 个URL待处理，跳过 222 个重复URL
2025-07-26 18:38:24,632 - INFO - 去重后统计 - Doonsec: 0 个, ChainReactors: 112 个, BruceFeIix: 0 个
2025-07-26 18:38:24,632 - INFO - === 开始关键词过滤 ===
2025-07-26 18:38:24,638 - INFO - 关键词过滤: 匹配 0 个，跳过 112 个
2025-07-26 18:38:24,638 - INFO - 关键词过滤后统计 - Doonsec: 0 个, ChainReactors: 0 个, BruceFeIix: 0 个
2025-07-26 18:38:24,638 - INFO - === 跳过二进制文件处理，只更新data.json ===
2025-07-26 18:38:24,670 - INFO - 已更新data.json，添加了 0 个URL
2025-07-26 18:38:24,670 - INFO - === 执行完成 ===
2025-07-26 18:42:26,961 - INFO - === 开始执行微信文章归档工具 ===
2025-07-26 18:42:30,034 - INFO - === 开始执行微信文章归档工具 ===
2025-07-26 18:42:30,035 - INFO - 数据文件: data.json
2025-07-26 18:42:30,035 - INFO - 可执行文件: ./bin/wechatmp2markdown-v1.1.11_linux_amd64
2025-07-26 18:42:30,035 - INFO - 文档目录: doc
2025-07-26 18:42:30,069 - INFO - 已加载 17202 条历史记录
2025-07-26 18:42:30,069 - INFO - === 开始指定日期拉取: 2025-07-20 ===
2025-07-26 18:42:30,069 - INFO - 开始获取Doonsec RSS
2025-07-26 18:42:30,069 - INFO - 目标日期: 2025-07-20
2025-07-26 18:42:30,532 - INFO - Doonsec RSS请求成功
2025-07-26 18:42:30,535 - INFO - RSS中共有 200 个条目
2025-07-26 18:42:30,535 - INFO - Doonsec获取到 0 个2025-07-20的微信文章URL
2025-07-26 18:42:30,537 - INFO - ChainReactors md文件URL: https://raw.githubusercontent.com/chainreactors/picker/refs/heads/master/archive/daily/2025/2025-07-20.md
2025-07-26 18:42:31,073 - INFO - ChainReactors md文件下载状态码: 200
2025-07-26 18:42:31,074 - INFO - ChainReactors获取到 168 个URL
2025-07-26 18:42:31,074 - INFO - BruceFeIix md文件URL: https://raw.githubusercontent.com/BruceFeIix/picker/refs/heads/master/archive/daily/2025/2025-07-20.md
2025-07-26 18:42:31,619 - INFO - BruceFeIix md文件下载状态码: 200
2025-07-26 18:42:31,620 - INFO - BruceFeIix获取到 166 个URL
2025-07-26 18:42:31,620 - INFO - === 开始处理 2025-07-20 的数据 ===
2025-07-26 18:42:31,620 - INFO - Doonsec原始数据: 0 个
2025-07-26 18:42:31,620 - INFO - ChainReactors原始数据: 168 个
2025-07-26 18:42:31,620 - INFO - BruceFeIix原始数据: 166 个
2025-07-26 18:42:31,620 - INFO - 开始处理Doonsec数据...
2025-07-26 18:42:31,620 - INFO - 开始处理ChainReactors数据...
2025-07-26 18:42:31,620 - INFO - 开始处理BruceFeIix数据...
2025-07-26 18:42:31,620 - INFO - 去重后共 112 个URL待处理，跳过 222 个重复URL
2025-07-26 18:42:31,620 - INFO - 去重后统计 - Doonsec: 0 个, ChainReactors: 112 个, BruceFeIix: 0 个
2025-07-26 18:42:31,621 - INFO - === 开始关键词过滤 ===
2025-07-26 18:42:31,626 - INFO - 关键词过滤: 匹配 0 个，跳过 112 个
2025-07-26 18:42:31,626 - INFO - 关键词过滤后统计 - Doonsec: 0 个, ChainReactors: 0 个, BruceFeIix: 0 个
2025-07-26 18:42:31,626 - INFO - === 跳过二进制文件处理，只更新data.json ===
2025-07-26 18:42:31,658 - INFO - 已更新data.json，添加了 0 个URL
2025-07-26 18:42:31,659 - INFO - === 执行完成 ===
2025-07-26 18:43:10,324 - INFO - === 开始执行微信文章归档工具 ===
2025-07-26 18:43:10,325 - INFO - 数据文件: data.json
2025-07-26 18:43:10,325 - INFO - 可执行文件: ./bin/wechatmp2markdown-v1.1.11_linux_amd64
2025-07-26 18:43:10,325 - INFO - 文档目录: doc
2025-07-26 18:43:10,360 - INFO - 已加载 17202 条历史记录
2025-07-26 18:43:10,360 - INFO - === 开始日期区间拉取: 2025-07-22 到 2025-07-26 ===
2025-07-26 18:43:10,361 - INFO - === 处理第 1/5 天: 2025-07-22 ===
2025-07-26 18:43:10,361 - INFO - 开始获取Doonsec RSS
2025-07-26 18:43:10,361 - INFO - 目标日期: 2025-07-22
2025-07-26 18:43:14,530 - INFO - Doonsec RSS请求成功
2025-07-26 18:43:14,533 - INFO - RSS中共有 200 个条目
2025-07-26 18:43:14,533 - INFO - Doonsec获取到 0 个2025-07-22的微信文章URL
2025-07-26 18:43:14,535 - INFO - ChainReactors md文件URL: https://raw.githubusercontent.com/chainreactors/picker/refs/heads/master/archive/daily/2025/2025-07-22.md
2025-07-26 18:43:16,738 - INFO - ChainReactors md文件下载状态码: 200
2025-07-26 18:43:16,741 - INFO - ChainReactors获取到 103 个URL
2025-07-26 18:43:16,741 - INFO - BruceFeIix md文件URL: https://raw.githubusercontent.com/BruceFeIix/picker/refs/heads/master/archive/daily/2025/2025-07-22.md
2025-07-26 18:43:17,439 - INFO - BruceFeIix md文件下载状态码: 200
2025-07-26 18:43:17,440 - INFO - BruceFeIix获取到 102 个URL
2025-07-26 18:43:17,440 - INFO - === 开始处理 2025-07-22 的数据 ===
2025-07-26 18:43:17,440 - INFO - Doonsec原始数据: 0 个
2025-07-26 18:43:17,440 - INFO - ChainReactors原始数据: 103 个
2025-07-26 18:43:17,440 - INFO - BruceFeIix原始数据: 102 个
2025-07-26 18:43:17,441 - INFO - 开始处理Doonsec数据...
2025-07-26 18:43:17,441 - INFO - 开始处理ChainReactors数据...
2025-07-26 18:43:17,441 - INFO - 开始处理BruceFeIix数据...
2025-07-26 18:43:17,441 - INFO - 去重后共 75 个URL待处理，跳过 130 个重复URL
2025-07-26 18:43:17,441 - INFO - 去重后统计 - Doonsec: 0 个, ChainReactors: 75 个, BruceFeIix: 0 个
2025-07-26 18:43:17,441 - INFO - === 开始关键词过滤 ===
2025-07-26 18:43:17,445 - INFO - 关键词过滤: 匹配 21 个，跳过 54 个
2025-07-26 18:43:17,445 - INFO - 关键词过滤后统计 - Doonsec: 0 个, ChainReactors: 21 个, BruceFeIix: 0 个
2025-07-26 18:43:17,446 - INFO - 已创建每日报告: md/2025-07-22.md
2025-07-26 18:43:17,446 - INFO - 开始处理URL: https://mp.weixin.qq.com/s?__biz=MzI3NzM5NDA0NA==&mid=2247491720&idx=1&sn=3858300026cf1ba7c1a5b209208ed675
2025-07-26 18:43:17,446 - INFO - 目标日期: 2025-07-22
2025-07-26 18:43:17,446 - INFO - 数据源: ChainReactors
2025-07-26 18:43:17,446 - INFO - 生成目录结构: doc/2025/2025-07/2025-W30/2025-07-22
2025-07-26 18:43:17,450 - ERROR - === 第 1/5 天处理失败: [Errno 8] Exec format error: './bin/wechatmp2markdown-v1.1.11_linux_amd64' ===
2025-07-26 18:43:17,450 - ERROR - 跳过 2025-07-22 的处理，继续下一个日期
2025-07-26 18:43:17,450 - INFO - === 处理第 2/5 天: 2025-07-23 ===
2025-07-26 18:43:17,450 - INFO - 开始获取Doonsec RSS
2025-07-26 18:43:17,450 - INFO - 目标日期: 2025-07-23
2025-07-26 18:43:17,993 - INFO - Doonsec RSS请求成功
2025-07-26 18:43:17,995 - INFO - RSS中共有 200 个条目
2025-07-26 18:43:17,996 - INFO - Doonsec获取到 0 个2025-07-23的微信文章URL
2025-07-26 18:43:17,998 - INFO - ChainReactors md文件URL: https://raw.githubusercontent.com/chainreactors/picker/refs/heads/master/archive/daily/2025/2025-07-23.md
2025-07-26 18:43:18,567 - INFO - ChainReactors md文件下载状态码: 200
2025-07-26 18:43:18,569 - INFO - ChainReactors获取到 109 个URL
2025-07-26 18:43:18,569 - INFO - BruceFeIix md文件URL: https://raw.githubusercontent.com/BruceFeIix/picker/refs/heads/master/archive/daily/2025/2025-07-23.md
2025-07-26 18:43:19,144 - INFO - BruceFeIix md文件下载状态码: 200
2025-07-26 18:43:19,145 - INFO - BruceFeIix获取到 106 个URL
2025-07-26 18:43:19,145 - INFO - === 开始处理 2025-07-23 的数据 ===
2025-07-26 18:43:19,145 - INFO - Doonsec原始数据: 0 个
2025-07-26 18:43:19,146 - INFO - ChainReactors原始数据: 109 个
2025-07-26 18:43:19,146 - INFO - BruceFeIix原始数据: 106 个
2025-07-26 18:43:19,146 - INFO - 开始处理Doonsec数据...
2025-07-26 18:43:19,146 - INFO - 开始处理ChainReactors数据...
2025-07-26 18:43:19,146 - INFO - 开始处理BruceFeIix数据...
2025-07-26 18:43:19,146 - INFO - 去重后共 95 个URL待处理，跳过 120 个重复URL
2025-07-26 18:43:19,146 - INFO - 去重后统计 - Doonsec: 0 个, ChainReactors: 95 个, BruceFeIix: 0 个
2025-07-26 18:43:19,146 - INFO - === 开始关键词过滤 ===
2025-07-26 18:43:19,151 - INFO - 关键词过滤: 匹配 33 个，跳过 62 个
2025-07-26 18:43:19,151 - INFO - 关键词过滤后统计 - Doonsec: 0 个, ChainReactors: 33 个, BruceFeIix: 0 个
2025-07-26 18:43:19,152 - INFO - 已创建每日报告: md/2025-07-23.md
2025-07-26 18:43:19,152 - INFO - 开始处理URL: https://mp.weixin.qq.com/s?__biz=Mzk0MTIzNTgzMQ==&mid=2247522088&idx=1&sn=8f1bf0c4bc674820cb968ff6028063a0
2025-07-26 18:43:19,152 - INFO - 目标日期: 2025-07-23
2025-07-26 18:43:19,152 - INFO - 数据源: ChainReactors
2025-07-26 18:43:19,152 - INFO - 生成目录结构: doc/2025/2025-07/2025-W30/2025-07-23
2025-07-26 18:43:19,155 - ERROR - === 第 2/5 天处理失败: [Errno 8] Exec format error: './bin/wechatmp2markdown-v1.1.11_linux_amd64' ===
2025-07-26 18:43:19,156 - ERROR - 跳过 2025-07-23 的处理，继续下一个日期
2025-07-26 18:43:19,156 - INFO - === 处理第 3/5 天: 2025-07-24 ===
2025-07-26 18:43:19,156 - INFO - 开始获取Doonsec RSS
2025-07-26 18:43:19,156 - INFO - 目标日期: 2025-07-24
2025-07-26 18:43:19,553 - INFO - Doonsec RSS请求成功
2025-07-26 18:43:19,556 - INFO - RSS中共有 200 个条目
2025-07-26 18:43:19,557 - INFO - Doonsec获取到 0 个2025-07-24的微信文章URL
2025-07-26 18:43:19,558 - INFO - ChainReactors md文件URL: https://raw.githubusercontent.com/chainreactors/picker/refs/heads/master/archive/daily/2025/2025-07-24.md
2025-07-26 18:43:20,179 - INFO - ChainReactors md文件下载状态码: 200
2025-07-26 18:43:20,181 - INFO - ChainReactors获取到 233 个URL
2025-07-26 18:43:20,181 - INFO - BruceFeIix md文件URL: https://raw.githubusercontent.com/BruceFeIix/picker/refs/heads/master/archive/daily/2025/2025-07-24.md
2025-07-26 18:43:20,829 - INFO - BruceFeIix md文件下载状态码: 200
2025-07-26 18:43:20,831 - INFO - BruceFeIix获取到 231 个URL
2025-07-26 18:43:20,831 - INFO - === 开始处理 2025-07-24 的数据 ===
2025-07-26 18:43:20,831 - INFO - Doonsec原始数据: 0 个
2025-07-26 18:43:20,831 - INFO - ChainReactors原始数据: 233 个
2025-07-26 18:43:20,831 - INFO - BruceFeIix原始数据: 231 个
2025-07-26 18:43:20,832 - INFO - 开始处理Doonsec数据...
2025-07-26 18:43:20,832 - INFO - 开始处理ChainReactors数据...
2025-07-26 18:43:20,832 - INFO - 开始处理BruceFeIix数据...
2025-07-26 18:43:20,832 - INFO - 去重后共 206 个URL待处理，跳过 258 个重复URL
2025-07-26 18:43:20,832 - INFO - 去重后统计 - Doonsec: 0 个, ChainReactors: 206 个, BruceFeIix: 0 个
2025-07-26 18:43:20,832 - INFO - === 开始关键词过滤 ===
2025-07-26 18:43:20,841 - INFO - 关键词过滤: 匹配 59 个，跳过 147 个
2025-07-26 18:43:20,841 - INFO - 关键词过滤后统计 - Doonsec: 0 个, ChainReactors: 59 个, BruceFeIix: 0 个
2025-07-26 18:43:20,843 - INFO - 已创建每日报告: md/2025-07-24.md
2025-07-26 18:43:20,843 - INFO - 开始处理URL: https://mp.weixin.qq.com/s?__biz=MzkzNjQwOTc4MQ==&mid=2247490568&idx=1&sn=35923a080a740d874c24091c7a1a22ea
2025-07-26 18:43:20,843 - INFO - 目标日期: 2025-07-24
2025-07-26 18:43:20,844 - INFO - 数据源: ChainReactors
2025-07-26 18:43:20,844 - INFO - 生成目录结构: doc/2025/2025-07/2025-W30/2025-07-24
2025-07-26 18:43:20,847 - ERROR - === 第 3/5 天处理失败: [Errno 8] Exec format error: './bin/wechatmp2markdown-v1.1.11_linux_amd64' ===
2025-07-26 18:43:20,847 - ERROR - 跳过 2025-07-24 的处理，继续下一个日期
2025-07-26 18:43:20,847 - INFO - === 处理第 4/5 天: 2025-07-25 ===
2025-07-26 18:43:20,848 - INFO - 开始获取Doonsec RSS
2025-07-26 18:43:20,848 - INFO - 目标日期: 2025-07-25
2025-07-26 18:43:21,272 - INFO - Doonsec RSS请求成功
2025-07-26 18:43:21,275 - INFO - RSS中共有 200 个条目
2025-07-26 18:43:21,275 - INFO - Doonsec获取到 84 个2025-07-25的微信文章URL
2025-07-26 18:43:21,277 - INFO - ChainReactors md文件URL: https://raw.githubusercontent.com/chainreactors/picker/refs/heads/master/archive/daily/2025/2025-07-25.md
2025-07-26 18:43:21,924 - INFO - ChainReactors md文件下载状态码: 200
2025-07-26 18:43:21,926 - INFO - ChainReactors获取到 196 个URL
2025-07-26 18:43:21,926 - INFO - BruceFeIix md文件URL: https://raw.githubusercontent.com/BruceFeIix/picker/refs/heads/master/archive/daily/2025/2025-07-25.md
2025-07-26 18:43:22,563 - INFO - BruceFeIix md文件下载状态码: 200
2025-07-26 18:43:22,565 - INFO - BruceFeIix获取到 193 个URL
2025-07-26 18:43:22,565 - INFO - === 开始处理 2025-07-25 的数据 ===
2025-07-26 18:43:22,565 - INFO - Doonsec原始数据: 84 个
2025-07-26 18:43:22,565 - INFO - ChainReactors原始数据: 196 个
2025-07-26 18:43:22,565 - INFO - BruceFeIix原始数据: 193 个
2025-07-26 18:43:22,565 - INFO - 开始处理Doonsec数据...
2025-07-26 18:43:22,565 - INFO - 开始处理ChainReactors数据...
2025-07-26 18:43:22,565 - INFO - 开始处理BruceFeIix数据...
2025-07-26 18:43:22,566 - INFO - 去重后共 200 个URL待处理，跳过 273 个重复URL
2025-07-26 18:43:22,566 - INFO - 去重后统计 - Doonsec: 67 个, ChainReactors: 133 个, BruceFeIix: 0 个
2025-07-26 18:43:22,566 - INFO - === 开始关键词过滤 ===
2025-07-26 18:43:22,576 - INFO - 关键词过滤: 匹配 0 个，跳过 200 个
2025-07-26 18:43:22,576 - INFO - 关键词过滤后统计 - Doonsec: 0 个, ChainReactors: 0 个, BruceFeIix: 0 个
2025-07-26 18:43:22,576 - INFO - === 完成第 4/5 天处理 ===
2025-07-26 18:43:22,576 - INFO - === 处理第 5/5 天: 2025-07-26 ===
2025-07-26 18:43:22,576 - INFO - 开始获取Doonsec RSS
2025-07-26 18:43:22,577 - INFO - 目标日期: 2025-07-26
2025-07-26 18:43:23,011 - INFO - Doonsec RSS请求成功
2025-07-26 18:43:23,013 - INFO - RSS中共有 200 个条目
2025-07-26 18:43:23,014 - INFO - Doonsec获取到 116 个2025-07-26的微信文章URL
2025-07-26 18:43:23,015 - INFO - ChainReactors md文件URL: https://raw.githubusercontent.com/chainreactors/picker/refs/heads/master/archive/daily/2025/2025-07-26.md
2025-07-26 18:43:23,748 - INFO - ChainReactors md文件下载状态码: 200
2025-07-26 18:43:23,750 - INFO - ChainReactors获取到 219 个URL
2025-07-26 18:43:23,750 - INFO - BruceFeIix md文件URL: https://raw.githubusercontent.com/BruceFeIix/picker/refs/heads/master/archive/daily/2025/2025-07-26.md
2025-07-26 18:43:24,424 - INFO - BruceFeIix md文件下载状态码: 200
2025-07-26 18:43:24,426 - INFO - BruceFeIix获取到 215 个URL
2025-07-26 18:43:24,426 - INFO - === 开始处理 2025-07-26 的数据 ===
2025-07-26 18:43:24,426 - INFO - Doonsec原始数据: 116 个
2025-07-26 18:43:24,426 - INFO - ChainReactors原始数据: 219 个
2025-07-26 18:43:24,426 - INFO - BruceFeIix原始数据: 215 个
2025-07-26 18:43:24,426 - INFO - 开始处理Doonsec数据...
2025-07-26 18:43:24,426 - INFO - 开始处理ChainReactors数据...
2025-07-26 18:43:24,427 - INFO - 开始处理BruceFeIix数据...
2025-07-26 18:43:24,427 - INFO - 去重后共 262 个URL待处理，跳过 288 个重复URL
2025-07-26 18:43:24,427 - INFO - 去重后统计 - Doonsec: 115 个, ChainReactors: 147 个, BruceFeIix: 0 个
2025-07-26 18:43:24,427 - INFO - === 开始关键词过滤 ===
2025-07-26 18:43:24,441 - INFO - 关键词过滤: 匹配 0 个，跳过 262 个
2025-07-26 18:43:24,441 - INFO - 关键词过滤后统计 - Doonsec: 0 个, ChainReactors: 0 个, BruceFeIix: 0 个
2025-07-26 18:43:24,441 - INFO - === 完成第 5/5 天处理 ===
2025-07-26 18:43:24,441 - INFO - === 执行完成 ===
2025-07-26 10:46:54,746 - INFO - === 开始执行微信文章归档工具 ===
2025-07-26 10:46:54,747 - INFO - 数据文件: data.json
2025-07-26 10:46:54,747 - INFO - 可执行文件: ./bin/wechatmp2markdown-v1.1.11_linux_amd64
2025-07-26 10:46:54,747 - INFO - 文档目录: doc
2025-07-26 10:46:54,777 - INFO - 已加载 17202 条历史记录
2025-07-26 10:46:54,777 - INFO - === 开始今日拉取 ===
2025-07-26 10:46:54,778 - INFO - 开始获取Doonsec RSS
2025-07-26 10:46:54,778 - INFO - 目标日期: 2025-07-26
2025-07-26 10:46:56,441 - INFO - Doonsec RSS请求成功
2025-07-26 10:46:56,443 - INFO - RSS中共有 200 个条目
2025-07-26 10:46:56,443 - INFO - Doonsec获取到 116 个2025-07-26的微信文章URL
2025-07-26 10:46:56,444 - INFO - ChainReactors md文件URL: https://raw.githubusercontent.com/chainreactors/picker/refs/heads/master/archive/daily/2025/2025-07-26.md
2025-07-26 10:46:56,569 - INFO - ChainReactors md文件下载状态码: 200
2025-07-26 10:46:56,571 - INFO - ChainReactors获取到 219 个URL
2025-07-26 10:46:56,571 - INFO - BruceFeIix md文件URL: https://raw.githubusercontent.com/BruceFeIix/picker/refs/heads/master/archive/daily/2025/2025-07-26.md
2025-07-26 10:46:56,676 - INFO - BruceFeIix md文件下载状态码: 200
2025-07-26 10:46:56,677 - INFO - BruceFeIix获取到 215 个URL
2025-07-26 10:46:56,677 - INFO - === 开始处理 2025-07-26 的数据 ===
2025-07-26 10:46:56,677 - INFO - Doonsec原始数据: 116 个
2025-07-26 10:46:56,677 - INFO - ChainReactors原始数据: 219 个
2025-07-26 10:46:56,677 - INFO - BruceFeIix原始数据: 215 个
2025-07-26 10:46:56,677 - INFO - 开始处理Doonsec数据...
2025-07-26 10:46:56,677 - INFO - 开始处理ChainReactors数据...
2025-07-26 10:46:56,678 - INFO - 开始处理BruceFeIix数据...
2025-07-26 10:46:56,678 - INFO - 去重后共 262 个URL待处理，跳过 288 个重复URL
2025-07-26 10:46:56,678 - INFO - 去重后统计 - Doonsec: 115 个, ChainReactors: 147 个, BruceFeIix: 0 个
2025-07-26 10:46:56,678 - INFO - === 开始关键词过滤 ===
2025-07-26 10:46:56,687 - INFO - 关键词过滤: 匹配 30 个，跳过 232 个
2025-07-26 10:46:56,687 - INFO - 关键词过滤后统计 - Doonsec: 30 个, ChainReactors: 0 个, BruceFeIix: 0 个
2025-07-26 10:46:56,722 - INFO - 已创建每日报告: md/2025-07-26.md
2025-07-26 10:46:56,723 - INFO - === 跳过二进制文件处理，只更新data.json ===
2025-07-26 10:46:56,752 - INFO - 已更新data.json，添加了 30 个URL
2025-07-26 10:46:56,752 - INFO - 已创建每日报告: md/2025-07-26.md
2025-07-26 10:46:56,753 - INFO - === 执行完成 ===
2025-07-26 12:19:15,657 - INFO - === 开始执行微信文章归档工具 ===
2025-07-26 12:19:15,657 - INFO - 数据文件: data.json
2025-07-26 12:19:15,658 - INFO - 可执行文件: ./bin/wechatmp2markdown-v1.1.11_linux_amd64
2025-07-26 12:19:15,658 - INFO - 文档目录: doc
2025-07-26 12:19:15,687 - INFO - 已加载 17232 条历史记录
2025-07-26 12:19:15,687 - INFO - === 开始今日拉取 ===
2025-07-26 12:19:15,687 - INFO - 开始获取Doonsec RSS
2025-07-26 12:19:15,688 - INFO - 目标日期: 2025-07-26
2025-07-26 12:19:17,047 - INFO - Doonsec RSS请求成功
2025-07-26 12:19:17,049 - INFO - RSS中共有 200 个条目
2025-07-26 12:19:17,049 - INFO - Doonsec获取到 140 个2025-07-26的微信文章URL
2025-07-26 12:19:17,050 - INFO - ChainReactors md文件URL: https://raw.githubusercontent.com/chainreactors/picker/refs/heads/master/archive/daily/2025/2025-07-26.md
2025-07-26 12:19:17,169 - INFO - ChainReactors md文件下载状态码: 200
2025-07-26 12:19:17,170 - INFO - ChainReactors获取到 219 个URL
2025-07-26 12:19:17,170 - INFO - BruceFeIix md文件URL: https://raw.githubusercontent.com/BruceFeIix/picker/refs/heads/master/archive/daily/2025/2025-07-26.md
2025-07-26 12:19:17,288 - INFO - BruceFeIix md文件下载状态码: 200
2025-07-26 12:19:17,290 - INFO - BruceFeIix获取到 215 个URL
2025-07-26 12:19:17,290 - INFO - === 开始处理 2025-07-26 的数据 ===
2025-07-26 12:19:17,290 - INFO - Doonsec原始数据: 140 个
2025-07-26 12:19:17,290 - INFO - ChainReactors原始数据: 219 个
2025-07-26 12:19:17,290 - INFO - BruceFeIix原始数据: 215 个
2025-07-26 12:19:17,290 - INFO - 开始处理Doonsec数据...
2025-07-26 12:19:17,290 - INFO - 开始处理ChainReactors数据...
2025-07-26 12:19:17,291 - INFO - 开始处理BruceFeIix数据...
2025-07-26 12:19:17,291 - INFO - 去重后共 256 个URL待处理，跳过 318 个重复URL
2025-07-26 12:19:17,291 - INFO - 去重后统计 - Doonsec: 109 个, ChainReactors: 147 个, BruceFeIix: 0 个
2025-07-26 12:19:17,291 - INFO - === 开始关键词过滤 ===
2025-07-26 12:19:17,300 - INFO - 关键词过滤: 匹配 4 个，跳过 252 个
2025-07-26 12:19:17,300 - INFO - 关键词过滤后统计 - Doonsec: 4 个, ChainReactors: 0 个, BruceFeIix: 0 个
2025-07-26 12:19:17,313 - INFO - 已创建每日报告: md/2025-07-26.md
2025-07-26 12:19:17,313 - INFO - === 跳过二进制文件处理，只更新data.json ===
2025-07-26 12:19:17,342 - INFO - 已更新data.json，添加了 4 个URL
2025-07-26 12:19:17,342 - INFO - 已创建每日报告: md/2025-07-26.md
2025-07-26 12:19:17,342 - INFO - === 执行完成 ===
2025-07-26 16:12:07,143 - INFO - === 开始执行微信文章归档工具 ===
2025-07-26 16:12:07,144 - INFO - 数据文件: data.json
2025-07-26 16:12:07,144 - INFO - 可执行文件: ./bin/wechatmp2markdown-v1.1.11_linux_amd64
2025-07-26 16:12:07,144 - INFO - 文档目录: doc
2025-07-26 16:12:07,176 - INFO - 已加载 17236 条历史记录
2025-07-26 16:12:07,176 - INFO - === 开始今日拉取 ===
2025-07-26 16:12:07,176 - INFO - 开始获取Doonsec RSS
2025-07-26 16:12:07,176 - INFO - 目标日期: 2025-07-26
2025-07-26 16:12:08,499 - INFO - Doonsec RSS请求成功
2025-07-26 16:12:08,501 - INFO - RSS中共有 200 个条目
2025-07-26 16:12:08,501 - INFO - Doonsec获取到 151 个2025-07-26的微信文章URL
2025-07-26 16:12:08,502 - INFO - ChainReactors md文件URL: https://raw.githubusercontent.com/chainreactors/picker/refs/heads/master/archive/daily/2025/2025-07-26.md
2025-07-26 16:12:08,634 - INFO - ChainReactors md文件下载状态码: 200
2025-07-26 16:12:08,635 - INFO - ChainReactors获取到 219 个URL
2025-07-26 16:12:08,635 - INFO - BruceFeIix md文件URL: https://raw.githubusercontent.com/BruceFeIix/picker/refs/heads/master/archive/daily/2025/2025-07-26.md
2025-07-26 16:12:08,746 - INFO - BruceFeIix md文件下载状态码: 200
2025-07-26 16:12:08,747 - INFO - BruceFeIix获取到 215 个URL
2025-07-26 16:12:08,747 - INFO - === 开始处理 2025-07-26 的数据 ===
2025-07-26 16:12:08,747 - INFO - Doonsec原始数据: 151 个
2025-07-26 16:12:08,747 - INFO - ChainReactors原始数据: 219 个
2025-07-26 16:12:08,747 - INFO - BruceFeIix原始数据: 215 个
2025-07-26 16:12:08,747 - INFO - 开始处理Doonsec数据...
2025-07-26 16:12:08,747 - INFO - 开始处理ChainReactors数据...
2025-07-26 16:12:08,748 - INFO - 开始处理BruceFeIix数据...
2025-07-26 16:12:08,748 - INFO - 去重后共 263 个URL待处理，跳过 322 个重复URL
2025-07-26 16:12:08,748 - INFO - 去重后统计 - Doonsec: 116 个, ChainReactors: 147 个, BruceFeIix: 0 个
2025-07-26 16:12:08,748 - INFO - === 开始关键词过滤 ===
2025-07-26 16:12:08,758 - INFO - 关键词过滤: 匹配 3 个，跳过 260 个
2025-07-26 16:12:08,758 - INFO - 关键词过滤后统计 - Doonsec: 3 个, ChainReactors: 0 个, BruceFeIix: 0 个
2025-07-26 16:12:08,787 - INFO - 已创建每日报告: md/2025-07-26.md
2025-07-26 16:12:08,787 - INFO - === 跳过二进制文件处理，只更新data.json ===
2025-07-26 16:12:08,816 - INFO - 已更新data.json，添加了 3 个URL
2025-07-26 16:12:08,816 - INFO - 已创建每日报告: md/2025-07-26.md
2025-07-26 16:12:08,816 - INFO - === 执行完成 ===
2025-07-26 20:11:27,290 - INFO - === 开始执行微信文章归档工具 ===
2025-07-26 20:11:27,291 - INFO - 数据文件: data.json
2025-07-26 20:11:27,291 - INFO - 可执行文件: ./bin/wechatmp2markdown-v1.1.11_linux_amd64
2025-07-26 20:11:27,291 - INFO - 文档目录: doc
2025-07-26 20:11:27,322 - INFO - 已加载 17239 条历史记录
2025-07-26 20:11:27,322 - INFO - === 开始今日拉取 ===
2025-07-26 20:11:27,322 - INFO - 开始获取Doonsec RSS
2025-07-26 20:11:27,323 - INFO - 目标日期: 2025-07-26
2025-07-26 20:11:30,738 - INFO - Doonsec RSS请求成功
2025-07-26 20:11:30,740 - INFO - RSS中共有 200 个条目
2025-07-26 20:11:30,740 - INFO - Doonsec获取到 160 个2025-07-26的微信文章URL
2025-07-26 20:11:30,741 - INFO - ChainReactors md文件URL: https://raw.githubusercontent.com/chainreactors/picker/refs/heads/master/archive/daily/2025/2025-07-26.md
2025-07-26 20:11:30,914 - INFO - ChainReactors md文件下载状态码: 200
2025-07-26 20:11:30,915 - INFO - ChainReactors获取到 219 个URL
2025-07-26 20:11:30,915 - INFO - BruceFeIix md文件URL: https://raw.githubusercontent.com/BruceFeIix/picker/refs/heads/master/archive/daily/2025/2025-07-26.md
2025-07-26 20:11:31,062 - INFO - BruceFeIix md文件下载状态码: 200
2025-07-26 20:11:31,063 - INFO - BruceFeIix获取到 215 个URL
2025-07-26 20:11:31,063 - INFO - === 开始处理 2025-07-26 的数据 ===
2025-07-26 20:11:31,063 - INFO - Doonsec原始数据: 160 个
2025-07-26 20:11:31,063 - INFO - ChainReactors原始数据: 219 个
2025-07-26 20:11:31,063 - INFO - BruceFeIix原始数据: 215 个
2025-07-26 20:11:31,063 - INFO - 开始处理Doonsec数据...
2025-07-26 20:11:31,064 - INFO - 开始处理ChainReactors数据...
2025-07-26 20:11:31,064 - INFO - 开始处理BruceFeIix数据...
2025-07-26 20:11:31,065 - INFO - 去重后共 269 个URL待处理，跳过 325 个重复URL
2025-07-26 20:11:31,065 - INFO - 去重后统计 - Doonsec: 122 个, ChainReactors: 147 个, BruceFeIix: 0 个
2025-07-26 20:11:31,065 - INFO - === 开始关键词过滤 ===
2025-07-26 20:11:31,074 - INFO - 关键词过滤: 匹配 4 个，跳过 265 个
2025-07-26 20:11:31,075 - INFO - 关键词过滤后统计 - Doonsec: 4 个, ChainReactors: 0 个, BruceFeIix: 0 个
2025-07-26 20:11:31,090 - INFO - 已创建每日报告: md/2025-07-26.md
2025-07-26 20:11:31,090 - INFO - === 跳过二进制文件处理，只更新data.json ===
2025-07-26 20:11:31,120 - INFO - 已更新data.json，添加了 4 个URL
2025-07-26 20:11:31,121 - INFO - 已创建每日报告: md/2025-07-26.md
2025-07-26 20:11:31,121 - INFO - === 执行完成 ===
2025-07-27 01:02:13,041 - INFO - === 开始执行微信文章归档工具 ===
2025-07-27 01:02:13,042 - INFO - 数据文件: data.json
2025-07-27 01:02:13,042 - INFO - 可执行文件: ./bin/wechatmp2markdown-v1.1.11_linux_amd64
2025-07-27 01:02:13,042 - INFO - 文档目录: doc
2025-07-27 01:02:13,075 - INFO - 已加载 17243 条历史记录
2025-07-27 01:02:13,075 - INFO - === 开始今日拉取 ===
2025-07-27 01:02:13,076 - INFO - 开始获取Doonsec RSS
2025-07-27 01:02:13,076 - INFO - 目标日期: 2025-07-27
2025-07-27 01:02:15,261 - INFO - Doonsec RSS请求成功
2025-07-27 01:02:15,264 - INFO - RSS中共有 200 个条目
2025-07-27 01:02:15,265 - INFO - Doonsec获取到 23 个2025-07-27的微信文章URL
2025-07-27 01:02:15,265 - INFO - ChainReactors md文件URL: https://raw.githubusercontent.com/chainreactors/picker/refs/heads/master/archive/daily/2025/2025-07-27.md
2025-07-27 01:02:15,299 - INFO - ChainReactors md文件下载状态码: 404
2025-07-27 01:02:15,300 - WARNING - ChainReactors md文件下载失败: https://raw.githubusercontent.com/chainreactors/picker/refs/heads/master/archive/daily/2025/2025-07-27.md 状态码: 404
2025-07-27 01:02:15,300 - INFO - BruceFeIix md文件URL: https://raw.githubusercontent.com/BruceFeIix/picker/refs/heads/master/archive/daily/2025/2025-07-27.md
2025-07-27 01:02:15,351 - INFO - BruceFeIix md文件下载状态码: 404
2025-07-27 01:02:15,351 - WARNING - BruceFeIix md文件下载失败: https://raw.githubusercontent.com/BruceFeIix/picker/refs/heads/master/archive/daily/2025/2025-07-27.md 状态码: 404
2025-07-27 01:02:15,351 - INFO - === 开始处理 2025-07-27 的数据 ===
2025-07-27 01:02:15,351 - INFO - Doonsec原始数据: 23 个
2025-07-27 01:02:15,351 - INFO - ChainReactors原始数据: 0 个
2025-07-27 01:02:15,351 - INFO - BruceFeIix原始数据: 0 个
2025-07-27 01:02:15,351 - INFO - 开始处理Doonsec数据...
2025-07-27 01:02:15,351 - INFO - 开始处理ChainReactors数据...
2025-07-27 01:02:15,351 - INFO - 开始处理BruceFeIix数据...
2025-07-27 01:02:15,351 - INFO - 去重后共 23 个URL待处理，跳过 0 个重复URL
2025-07-27 01:02:15,351 - INFO - 去重后统计 - Doonsec: 23 个, ChainReactors: 0 个, BruceFeIix: 0 个
2025-07-27 01:02:15,351 - INFO - === 开始关键词过滤 ===
2025-07-27 01:02:15,353 - INFO - 关键词过滤: 匹配 7 个，跳过 16 个
2025-07-27 01:02:15,353 - INFO - 关键词过滤后统计 - Doonsec: 7 个, ChainReactors: 0 个, BruceFeIix: 0 个
2025-07-27 01:02:15,368 - INFO - 已创建每日报告: md/2025-07-27.md
2025-07-27 01:02:15,368 - INFO - === 跳过二进制文件处理，只更新data.json ===
2025-07-27 01:02:15,397 - INFO - 已更新data.json，添加了 7 个URL
2025-07-27 01:02:15,398 - INFO - 已创建每日报告: md/2025-07-27.md
2025-07-27 01:02:15,398 - INFO - === 执行完成 ===
2025-07-27 04:35:52,034 - INFO - === 开始执行微信文章归档工具 ===
2025-07-27 04:35:52,034 - INFO - 数据文件: data.json
2025-07-27 04:35:52,035 - INFO - 可执行文件: ./bin/wechatmp2markdown-v1.1.11_linux_amd64
2025-07-27 04:35:52,035 - INFO - 文档目录: doc
2025-07-27 04:35:52,065 - INFO - 已加载 17250 条历史记录
2025-07-27 04:35:52,065 - INFO - === 开始今日拉取 ===
2025-07-27 04:35:52,065 - INFO - 开始获取Doonsec RSS
2025-07-27 04:35:52,065 - INFO - 目标日期: 2025-07-27
2025-07-27 04:35:54,516 - INFO - Doonsec RSS请求成功
2025-07-27 04:35:54,519 - INFO - RSS中共有 200 个条目
2025-07-27 04:35:54,520 - INFO - Doonsec获取到 44 个2025-07-27的微信文章URL
2025-07-27 04:35:54,520 - INFO - ChainReactors md文件URL: https://raw.githubusercontent.com/chainreactors/picker/refs/heads/master/archive/daily/2025/2025-07-27.md
2025-07-27 04:35:54,548 - INFO - ChainReactors md文件下载状态码: 200
2025-07-27 04:35:54,549 - INFO - ChainReactors获取到 21 个URL
2025-07-27 04:35:54,549 - INFO - BruceFeIix md文件URL: https://raw.githubusercontent.com/BruceFeIix/picker/refs/heads/master/archive/daily/2025/2025-07-27.md
2025-07-27 04:35:54,578 - INFO - BruceFeIix md文件下载状态码: 200
2025-07-27 04:35:54,579 - INFO - BruceFeIix获取到 177 个URL
2025-07-27 04:35:54,579 - INFO - === 开始处理 2025-07-27 的数据 ===
2025-07-27 04:35:54,579 - INFO - Doonsec原始数据: 44 个
2025-07-27 04:35:54,579 - INFO - ChainReactors原始数据: 21 个
2025-07-27 04:35:54,579 - INFO - BruceFeIix原始数据: 177 个
2025-07-27 04:35:54,579 - INFO - 开始处理Doonsec数据...
2025-07-27 04:35:54,579 - INFO - 开始处理ChainReactors数据...
2025-07-27 04:35:54,579 - INFO - 开始处理BruceFeIix数据...
2025-07-27 04:35:54,579 - INFO - 去重后共 158 个URL待处理，跳过 84 个重复URL
2025-07-27 04:35:54,579 - INFO - 去重后统计 - Doonsec: 37 个, ChainReactors: 13 个, BruceFeIix: 108 个
2025-07-27 04:35:54,579 - INFO - === 开始关键词过滤 ===
2025-07-27 04:35:54,585 - INFO - 关键词过滤: 匹配 7 个，跳过 151 个
2025-07-27 04:35:54,585 - INFO - 关键词过滤后统计 - Doonsec: 7 个, ChainReactors: 0 个, BruceFeIix: 0 个
2025-07-27 04:35:54,598 - INFO - 已创建每日报告: md/2025-07-27.md
2025-07-27 04:35:54,598 - INFO - === 跳过二进制文件处理，只更新data.json ===
2025-07-27 04:35:54,627 - INFO - 已更新data.json，添加了 7 个URL
2025-07-27 04:35:54,628 - INFO - 已创建每日报告: md/2025-07-27.md
2025-07-27 04:35:54,628 - INFO - === 执行完成 ===
2025-07-27 08:13:56,618 - INFO - === 开始执行微信文章归档工具 ===
2025-07-27 08:13:56,619 - INFO - 数据文件: data.json
2025-07-27 08:13:56,619 - INFO - 可执行文件: ./bin/wechatmp2markdown-v1.1.11_linux_amd64
2025-07-27 08:13:56,619 - INFO - 文档目录: doc
2025-07-27 08:13:56,655 - INFO - 已加载 17257 条历史记录
2025-07-27 08:13:56,655 - INFO - === 开始今日拉取 ===
2025-07-27 08:13:56,655 - INFO - 开始获取Doonsec RSS
2025-07-27 08:13:56,655 - INFO - 目标日期: 2025-07-27
2025-07-27 08:13:59,064 - INFO - Doonsec RSS请求成功
2025-07-27 08:13:59,066 - INFO - RSS中共有 200 个条目
2025-07-27 08:13:59,067 - INFO - Doonsec获取到 62 个2025-07-27的微信文章URL
2025-07-27 08:13:59,067 - INFO - ChainReactors md文件URL: https://raw.githubusercontent.com/chainreactors/picker/refs/heads/master/archive/daily/2025/2025-07-27.md
2025-07-27 08:13:59,169 - INFO - ChainReactors md文件下载状态码: 200
2025-07-27 08:13:59,169 - INFO - ChainReactors获取到 21 个URL
2025-07-27 08:13:59,169 - INFO - BruceFeIix md文件URL: https://raw.githubusercontent.com/BruceFeIix/picker/refs/heads/master/archive/daily/2025/2025-07-27.md
2025-07-27 08:13:59,252 - INFO - BruceFeIix md文件下载状态码: 200
2025-07-27 08:13:59,253 - INFO - BruceFeIix获取到 177 个URL
2025-07-27 08:13:59,253 - INFO - === 开始处理 2025-07-27 的数据 ===
2025-07-27 08:13:59,253 - INFO - Doonsec原始数据: 62 个
2025-07-27 08:13:59,253 - INFO - ChainReactors原始数据: 21 个
2025-07-27 08:13:59,253 - INFO - BruceFeIix原始数据: 177 个
2025-07-27 08:13:59,253 - INFO - 开始处理Doonsec数据...
2025-07-27 08:13:59,254 - INFO - 开始处理ChainReactors数据...
2025-07-27 08:13:59,254 - INFO - 开始处理BruceFeIix数据...
2025-07-27 08:13:59,254 - INFO - 去重后共 169 个URL待处理，跳过 91 个重复URL
2025-07-27 08:13:59,254 - INFO - 去重后统计 - Doonsec: 48 个, ChainReactors: 13 个, BruceFeIix: 108 个
2025-07-27 08:13:59,254 - INFO - === 开始关键词过滤 ===
2025-07-27 08:13:59,260 - INFO - 关键词过滤: 匹配 1 个，跳过 168 个
2025-07-27 08:13:59,260 - INFO - 关键词过滤后统计 - Doonsec: 1 个, ChainReactors: 0 个, BruceFeIix: 0 个
2025-07-27 08:13:59,274 - INFO - 已创建每日报告: md/2025-07-27.md
2025-07-27 08:13:59,274 - INFO - === 跳过二进制文件处理，只更新data.json ===
2025-07-27 08:13:59,303 - INFO - 已更新data.json，添加了 1 个URL
2025-07-27 08:13:59,303 - INFO - 已创建每日报告: md/2025-07-27.md
2025-07-27 08:13:59,303 - INFO - === 执行完成 ===
2025-07-27 12:20:09,118 - INFO - === 开始执行微信文章归档工具 ===
2025-07-27 12:20:09,118 - INFO - 数据文件: data.json
2025-07-27 12:20:09,119 - INFO - 可执行文件: ./bin/wechatmp2markdown-v1.1.11_linux_amd64
2025-07-27 12:20:09,119 - INFO - 文档目录: doc
2025-07-27 12:20:09,149 - INFO - 已加载 17258 条历史记录
2025-07-27 12:20:09,149 - INFO - === 开始今日拉取 ===
2025-07-27 12:20:09,149 - INFO - 开始获取Doonsec RSS
2025-07-27 12:20:09,149 - INFO - 目标日期: 2025-07-27
2025-07-27 12:20:10,779 - INFO - Doonsec RSS请求成功
2025-07-27 12:20:10,781 - INFO - RSS中共有 200 个条目
2025-07-27 12:20:10,782 - INFO - Doonsec获取到 70 个2025-07-27的微信文章URL
2025-07-27 12:20:10,782 - INFO - ChainReactors md文件URL: https://raw.githubusercontent.com/chainreactors/picker/refs/heads/master/archive/daily/2025/2025-07-27.md
2025-07-27 12:20:10,915 - INFO - ChainReactors md文件下载状态码: 200
2025-07-27 12:20:10,916 - INFO - ChainReactors获取到 21 个URL
2025-07-27 12:20:10,916 - INFO - BruceFeIix md文件URL: https://raw.githubusercontent.com/BruceFeIix/picker/refs/heads/master/archive/daily/2025/2025-07-27.md
2025-07-27 12:20:11,036 - INFO - BruceFeIix md文件下载状态码: 200
2025-07-27 12:20:11,037 - INFO - BruceFeIix获取到 177 个URL
2025-07-27 12:20:11,037 - INFO - === 开始处理 2025-07-27 的数据 ===
2025-07-27 12:20:11,037 - INFO - Doonsec原始数据: 70 个
2025-07-27 12:20:11,037 - INFO - ChainReactors原始数据: 21 个
2025-07-27 12:20:11,037 - INFO - BruceFeIix原始数据: 177 个
2025-07-27 12:20:11,037 - INFO - 开始处理Doonsec数据...
2025-07-27 12:20:11,037 - INFO - 开始处理ChainReactors数据...
2025-07-27 12:20:11,037 - INFO - 开始处理BruceFeIix数据...
2025-07-27 12:20:11,037 - INFO - 去重后共 176 个URL待处理，跳过 92 个重复URL
2025-07-27 12:20:11,038 - INFO - 去重后统计 - Doonsec: 55 个, ChainReactors: 13 个, BruceFeIix: 108 个
2025-07-27 12:20:11,038 - INFO - === 开始关键词过滤 ===
2025-07-27 12:20:11,044 - INFO - 关键词过滤: 匹配 1 个，跳过 175 个
2025-07-27 12:20:11,044 - INFO - 关键词过滤后统计 - Doonsec: 1 个, ChainReactors: 0 个, BruceFeIix: 0 个
2025-07-27 12:20:11,075 - INFO - 已创建每日报告: md/2025-07-27.md
2025-07-27 12:20:11,075 - INFO - === 跳过二进制文件处理，只更新data.json ===
2025-07-27 12:20:11,104 - INFO - 已更新data.json，添加了 1 个URL
2025-07-27 12:20:11,104 - INFO - 已创建每日报告: md/2025-07-27.md
2025-07-27 12:20:11,104 - INFO - === 执行完成 ===
2025-07-27 16:12:27,812 - INFO - === 开始执行微信文章归档工具 ===
2025-07-27 16:12:27,813 - INFO - 数据文件: data.json
2025-07-27 16:12:27,813 - INFO - 可执行文件: ./bin/wechatmp2markdown-v1.1.11_linux_amd64
2025-07-27 16:12:27,813 - INFO - 文档目录: doc
2025-07-27 16:12:27,844 - INFO - 已加载 17259 条历史记录
2025-07-27 16:12:27,844 - INFO - === 开始今日拉取 ===
2025-07-27 16:12:27,844 - INFO - 开始获取Doonsec RSS
2025-07-27 16:12:27,844 - INFO - 目标日期: 2025-07-27
2025-07-27 16:12:29,262 - INFO - Doonsec RSS请求成功
2025-07-27 16:12:29,264 - INFO - RSS中共有 200 个条目
2025-07-27 16:12:29,264 - INFO - Doonsec获取到 70 个2025-07-27的微信文章URL
2025-07-27 16:12:29,265 - INFO - ChainReactors md文件URL: https://raw.githubusercontent.com/chainreactors/picker/refs/heads/master/archive/daily/2025/2025-07-27.md
2025-07-27 16:12:29,543 - INFO - ChainReactors md文件下载状态码: 200
2025-07-27 16:12:29,543 - INFO - ChainReactors获取到 21 个URL
2025-07-27 16:12:29,544 - INFO - BruceFeIix md文件URL: https://raw.githubusercontent.com/BruceFeIix/picker/refs/heads/master/archive/daily/2025/2025-07-27.md
2025-07-27 16:12:29,765 - INFO - BruceFeIix md文件下载状态码: 200
2025-07-27 16:12:29,765 - INFO - BruceFeIix获取到 177 个URL
2025-07-27 16:12:29,765 - INFO - === 开始处理 2025-07-27 的数据 ===
2025-07-27 16:12:29,766 - INFO - Doonsec原始数据: 70 个
2025-07-27 16:12:29,766 - INFO - ChainReactors原始数据: 21 个
2025-07-27 16:12:29,766 - INFO - BruceFeIix原始数据: 177 个
2025-07-27 16:12:29,766 - INFO - 开始处理Doonsec数据...
2025-07-27 16:12:29,766 - INFO - 开始处理ChainReactors数据...
2025-07-27 16:12:29,766 - INFO - 开始处理BruceFeIix数据...
2025-07-27 16:12:29,766 - INFO - 去重后共 175 个URL待处理，跳过 93 个重复URL
2025-07-27 16:12:29,766 - INFO - 去重后统计 - Doonsec: 54 个, ChainReactors: 13 个, BruceFeIix: 108 个
2025-07-27 16:12:29,766 - INFO - === 开始关键词过滤 ===
2025-07-27 16:12:29,773 - INFO - 关键词过滤: 匹配 0 个，跳过 175 个
2025-07-27 16:12:29,773 - INFO - 关键词过滤后统计 - Doonsec: 0 个, ChainReactors: 0 个, BruceFeIix: 0 个
2025-07-27 16:12:29,773 - INFO - === 跳过二进制文件处理，只更新data.json ===
2025-07-27 16:12:29,801 - INFO - 已更新data.json，添加了 0 个URL
2025-07-27 16:12:29,802 - INFO - === 执行完成 ===
2025-07-27 20:11:53,875 - INFO - === 开始执行微信文章归档工具 ===
2025-07-27 20:11:53,876 - INFO - 数据文件: data.json
2025-07-27 20:11:53,876 - INFO - 可执行文件: ./bin/wechatmp2markdown-v1.1.11_linux_amd64
2025-07-27 20:11:53,876 - INFO - 文档目录: doc
2025-07-27 20:11:53,906 - INFO - 已加载 17259 条历史记录
2025-07-27 20:11:53,906 - INFO - === 开始今日拉取 ===
2025-07-27 20:11:53,906 - INFO - 开始获取Doonsec RSS
2025-07-27 20:11:53,906 - INFO - 目标日期: 2025-07-27
2025-07-27 20:11:58,096 - INFO - Doonsec RSS请求成功
2025-07-27 20:11:58,098 - INFO - RSS中共有 200 个条目
2025-07-27 20:11:58,098 - INFO - Doonsec获取到 78 个2025-07-27的微信文章URL
2025-07-27 20:11:58,098 - INFO - ChainReactors md文件URL: https://raw.githubusercontent.com/chainreactors/picker/refs/heads/master/archive/daily/2025/2025-07-27.md
2025-07-27 20:11:58,304 - INFO - ChainReactors md文件下载状态码: 200
2025-07-27 20:11:58,305 - INFO - ChainReactors获取到 21 个URL
2025-07-27 20:11:58,305 - INFO - BruceFeIix md文件URL: https://raw.githubusercontent.com/BruceFeIix/picker/refs/heads/master/archive/daily/2025/2025-07-27.md
2025-07-27 20:11:58,497 - INFO - BruceFeIix md文件下载状态码: 200
2025-07-27 20:11:58,498 - INFO - BruceFeIix获取到 177 个URL
2025-07-27 20:11:58,498 - INFO - === 开始处理 2025-07-27 的数据 ===
2025-07-27 20:11:58,498 - INFO - Doonsec原始数据: 78 个
2025-07-27 20:11:58,498 - INFO - ChainReactors原始数据: 21 个
2025-07-27 20:11:58,498 - INFO - BruceFeIix原始数据: 177 个
2025-07-27 20:11:58,498 - INFO - 开始处理Doonsec数据...
2025-07-27 20:11:58,499 - INFO - 开始处理ChainReactors数据...
2025-07-27 20:11:58,499 - INFO - 开始处理BruceFeIix数据...
2025-07-27 20:11:58,499 - INFO - 去重后共 183 个URL待处理，跳过 93 个重复URL
2025-07-27 20:11:58,499 - INFO - 去重后统计 - Doonsec: 62 个, ChainReactors: 13 个, BruceFeIix: 108 个
2025-07-27 20:11:58,499 - INFO - === 开始关键词过滤 ===
2025-07-27 20:11:58,506 - INFO - 关键词过滤: 匹配 2 个，跳过 181 个
2025-07-27 20:11:58,506 - INFO - 关键词过滤后统计 - Doonsec: 2 个, ChainReactors: 0 个, BruceFeIix: 0 个
2025-07-27 20:11:58,540 - INFO - 已创建每日报告: md/2025-07-27.md
2025-07-27 20:11:58,540 - INFO - === 跳过二进制文件处理，只更新data.json ===
2025-07-27 20:11:58,569 - INFO - 已更新data.json，添加了 2 个URL
2025-07-27 20:11:58,570 - INFO - 已创建每日报告: md/2025-07-27.md
2025-07-27 20:11:58,570 - INFO - === 执行完成 ===
2025-07-28 01:00:53,698 - INFO - === 开始执行微信文章归档工具 ===
2025-07-28 01:00:53,699 - INFO - 数据文件: data.json
2025-07-28 01:00:53,699 - INFO - 可执行文件: ./bin/wechatmp2markdown-v1.1.11_linux_amd64
2025-07-28 01:00:53,699 - INFO - 文档目录: doc
2025-07-28 01:00:53,730 - INFO - 已加载 17261 条历史记录
2025-07-28 01:00:53,730 - INFO - === 开始今日拉取 ===
2025-07-28 01:00:53,730 - INFO - 开始获取Doonsec RSS
2025-07-28 01:00:53,730 - INFO - 目标日期: 2025-07-28
2025-07-28 01:00:57,128 - INFO - Doonsec RSS请求成功
2025-07-28 01:00:57,130 - INFO - RSS中共有 200 个条目
2025-07-28 01:00:57,130 - INFO - Doonsec获取到 12 个2025-07-28的微信文章URL
2025-07-28 01:00:57,131 - INFO - ChainReactors md文件URL: https://raw.githubusercontent.com/chainreactors/picker/refs/heads/master/archive/daily/2025/2025-07-28.md
2025-07-28 01:00:57,231 - INFO - ChainReactors md文件下载状态码: 404
2025-07-28 01:00:57,231 - WARNING - ChainReactors md文件下载失败: https://raw.githubusercontent.com/chainreactors/picker/refs/heads/master/archive/daily/2025/2025-07-28.md 状态码: 404
2025-07-28 01:00:57,231 - INFO - BruceFeIix md文件URL: https://raw.githubusercontent.com/BruceFeIix/picker/refs/heads/master/archive/daily/2025/2025-07-28.md
2025-07-28 01:00:57,257 - INFO - BruceFeIix md文件下载状态码: 404
2025-07-28 01:00:57,257 - WARNING - BruceFeIix md文件下载失败: https://raw.githubusercontent.com/BruceFeIix/picker/refs/heads/master/archive/daily/2025/2025-07-28.md 状态码: 404
2025-07-28 01:00:57,257 - INFO - === 开始处理 2025-07-28 的数据 ===
2025-07-28 01:00:57,257 - INFO - Doonsec原始数据: 12 个
2025-07-28 01:00:57,257 - INFO - ChainReactors原始数据: 0 个
2025-07-28 01:00:57,257 - INFO - BruceFeIix原始数据: 0 个
2025-07-28 01:00:57,257 - INFO - 开始处理Doonsec数据...
2025-07-28 01:00:57,257 - INFO - 开始处理ChainReactors数据...
2025-07-28 01:00:57,257 - INFO - 开始处理BruceFeIix数据...
2025-07-28 01:00:57,257 - INFO - 去重后共 12 个URL待处理，跳过 0 个重复URL
2025-07-28 01:00:57,257 - INFO - 去重后统计 - Doonsec: 12 个, ChainReactors: 0 个, BruceFeIix: 0 个
2025-07-28 01:00:57,257 - INFO - === 开始关键词过滤 ===
2025-07-28 01:00:57,258 - INFO - 关键词过滤: 匹配 6 个，跳过 6 个
2025-07-28 01:00:57,258 - INFO - 关键词过滤后统计 - Doonsec: 6 个, ChainReactors: 0 个, BruceFeIix: 0 个
2025-07-28 01:00:57,271 - INFO - 已创建每日报告: md/2025-07-28.md
2025-07-28 01:00:57,271 - INFO - === 跳过二进制文件处理，只更新data.json ===
2025-07-28 01:00:57,300 - INFO - 已更新data.json，添加了 6 个URL
2025-07-28 01:00:57,300 - INFO - 已创建每日报告: md/2025-07-28.md
2025-07-28 01:00:57,300 - INFO - === 执行完成 ===
2025-07-28 04:37:38,851 - INFO - === 开始执行微信文章归档工具 ===
2025-07-28 04:37:38,852 - INFO - 数据文件: data.json
2025-07-28 04:37:38,852 - INFO - 可执行文件: ./bin/wechatmp2markdown-v1.1.11_linux_amd64
2025-07-28 04:37:38,852 - INFO - 文档目录: doc
2025-07-28 04:37:38,882 - INFO - 已加载 17267 条历史记录
2025-07-28 04:37:38,882 - INFO - === 开始今日拉取 ===
2025-07-28 04:37:38,882 - INFO - 开始获取Doonsec RSS
2025-07-28 04:37:38,882 - INFO - 目标日期: 2025-07-28
2025-07-28 04:37:41,030 - INFO - Doonsec RSS请求成功
2025-07-28 04:37:41,031 - ERROR - Doonsec RSS解析失败: mismatched tag: line 1, column 9650
2025-07-28 04:37:41,031 - INFO - ChainReactors md文件URL: https://raw.githubusercontent.com/chainreactors/picker/refs/heads/master/archive/daily/2025/2025-07-28.md
2025-07-28 04:37:41,154 - INFO - ChainReactors md文件下载状态码: 200
2025-07-28 04:37:41,155 - INFO - ChainReactors获取到 16 个URL
2025-07-28 04:37:41,155 - INFO - BruceFeIix md文件URL: https://raw.githubusercontent.com/BruceFeIix/picker/refs/heads/master/archive/daily/2025/2025-07-28.md
2025-07-28 04:37:41,244 - INFO - BruceFeIix md文件下载状态码: 200
2025-07-28 04:37:41,244 - INFO - BruceFeIix获取到 15 个URL
2025-07-28 04:37:41,244 - INFO - === 开始处理 2025-07-28 的数据 ===
2025-07-28 04:37:41,244 - INFO - Doonsec原始数据: 0 个
2025-07-28 04:37:41,244 - INFO - ChainReactors原始数据: 16 个
2025-07-28 04:37:41,244 - INFO - BruceFeIix原始数据: 15 个
2025-07-28 04:37:41,244 - INFO - 开始处理Doonsec数据...
2025-07-28 04:37:41,244 - INFO - 开始处理ChainReactors数据...
2025-07-28 04:37:41,245 - INFO - 开始处理BruceFeIix数据...
2025-07-28 04:37:41,245 - INFO - 去重后共 14 个URL待处理，跳过 17 个重复URL
2025-07-28 04:37:41,245 - INFO - 去重后统计 - Doonsec: 0 个, ChainReactors: 14 个, BruceFeIix: 0 个
2025-07-28 04:37:41,245 - INFO - === 开始关键词过滤 ===
2025-07-28 04:37:41,246 - INFO - 关键词过滤: 匹配 2 个，跳过 12 个
2025-07-28 04:37:41,246 - INFO - 关键词过滤后统计 - Doonsec: 0 个, ChainReactors: 2 个, BruceFeIix: 0 个
2025-07-28 04:37:41,279 - INFO - 已创建每日报告: md/2025-07-28.md
2025-07-28 04:37:41,279 - INFO - === 跳过二进制文件处理，只更新data.json ===
2025-07-28 04:37:41,308 - INFO - 已更新data.json，添加了 2 个URL
2025-07-28 04:37:41,308 - INFO - 已创建每日报告: md/2025-07-28.md
2025-07-28 04:37:41,308 - INFO - === 执行完成 ===
2025-07-28 08:17:49,567 - INFO - === 开始执行微信文章归档工具 ===
2025-07-28 08:17:49,568 - INFO - 数据文件: data.json
2025-07-28 08:17:49,568 - INFO - 可执行文件: ./bin/wechatmp2markdown-v1.1.11_linux_amd64
2025-07-28 08:17:49,568 - INFO - 文档目录: doc
2025-07-28 08:17:49,599 - INFO - 已加载 17269 条历史记录
2025-07-28 08:17:49,599 - INFO - === 开始今日拉取 ===
2025-07-28 08:17:49,599 - INFO - 开始获取Doonsec RSS
2025-07-28 08:17:49,599 - INFO - 目标日期: 2025-07-28
2025-07-28 08:17:52,228 - INFO - Doonsec RSS请求成功
2025-07-28 08:17:52,228 - ERROR - Doonsec RSS解析失败: mismatched tag: line 1, column 9650
2025-07-28 08:17:52,229 - INFO - ChainReactors md文件URL: https://raw.githubusercontent.com/chainreactors/picker/refs/heads/master/archive/daily/2025/2025-07-28.md
2025-07-28 08:17:52,252 - INFO - ChainReactors md文件下载状态码: 200
2025-07-28 08:17:52,252 - INFO - ChainReactors获取到 16 个URL
2025-07-28 08:17:52,253 - INFO - BruceFeIix md文件URL: https://raw.githubusercontent.com/BruceFeIix/picker/refs/heads/master/archive/daily/2025/2025-07-28.md
2025-07-28 08:17:52,275 - INFO - BruceFeIix md文件下载状态码: 200
2025-07-28 08:17:52,275 - INFO - BruceFeIix获取到 15 个URL
2025-07-28 08:17:52,276 - INFO - === 开始处理 2025-07-28 的数据 ===
2025-07-28 08:17:52,276 - INFO - Doonsec原始数据: 0 个
2025-07-28 08:17:52,276 - INFO - ChainReactors原始数据: 16 个
2025-07-28 08:17:52,276 - INFO - BruceFeIix原始数据: 15 个
2025-07-28 08:17:52,276 - INFO - 开始处理Doonsec数据...
2025-07-28 08:17:52,276 - INFO - 开始处理ChainReactors数据...
2025-07-28 08:17:52,276 - INFO - 开始处理BruceFeIix数据...
2025-07-28 08:17:52,276 - INFO - 去重后共 12 个URL待处理，跳过 19 个重复URL
2025-07-28 08:17:52,276 - INFO - 去重后统计 - Doonsec: 0 个, ChainReactors: 12 个, BruceFeIix: 0 个
2025-07-28 08:17:52,276 - INFO - === 开始关键词过滤 ===
2025-07-28 08:17:52,277 - INFO - 关键词过滤: 匹配 0 个，跳过 12 个
2025-07-28 08:17:52,277 - INFO - 关键词过滤后统计 - Doonsec: 0 个, ChainReactors: 0 个, BruceFeIix: 0 个
2025-07-28 08:17:52,277 - INFO - === 跳过二进制文件处理，只更新data.json ===
2025-07-28 08:17:52,308 - INFO - 已更新data.json，添加了 0 个URL
2025-07-28 08:17:52,308 - INFO - === 执行完成 ===
2025-07-28 12:22:33,157 - INFO - === 开始执行微信文章归档工具 ===
2025-07-28 12:22:33,157 - INFO - 数据文件: data.json
2025-07-28 12:22:33,157 - INFO - 可执行文件: ./bin/wechatmp2markdown-v1.1.11_linux_amd64
2025-07-28 12:22:33,158 - INFO - 文档目录: doc
2025-07-28 12:22:33,189 - INFO - 已加载 17269 条历史记录
2025-07-28 12:22:33,189 - INFO - === 开始今日拉取 ===
2025-07-28 12:22:33,189 - INFO - 开始获取Doonsec RSS
2025-07-28 12:22:33,189 - INFO - 目标日期: 2025-07-28
2025-07-28 12:27:32,784 - ERROR - Doonsec RSS解析失败: ('Connection aborted.', ConnectionResetError(104, 'Connection reset by peer'))
2025-07-28 12:27:32,784 - INFO - ChainReactors md文件URL: https://raw.githubusercontent.com/chainreactors/picker/refs/heads/master/archive/daily/2025/2025-07-28.md
2025-07-28 12:27:33,050 - INFO - ChainReactors md文件下载状态码: 200
2025-07-28 12:27:33,051 - INFO - ChainReactors获取到 16 个URL
2025-07-28 12:27:33,051 - INFO - BruceFeIix md文件URL: https://raw.githubusercontent.com/BruceFeIix/picker/refs/heads/master/archive/daily/2025/2025-07-28.md
2025-07-28 12:27:33,199 - INFO - BruceFeIix md文件下载状态码: 200
2025-07-28 12:27:33,200 - INFO - BruceFeIix获取到 15 个URL
2025-07-28 12:27:33,200 - INFO - === 开始处理 2025-07-28 的数据 ===
2025-07-28 12:27:33,200 - INFO - Doonsec原始数据: 0 个
2025-07-28 12:27:33,200 - INFO - ChainReactors原始数据: 16 个
2025-07-28 12:27:33,200 - INFO - BruceFeIix原始数据: 15 个
2025-07-28 12:27:33,200 - INFO - 开始处理Doonsec数据...
2025-07-28 12:27:33,200 - INFO - 开始处理ChainReactors数据...
2025-07-28 12:27:33,200 - INFO - 开始处理BruceFeIix数据...
2025-07-28 12:27:33,201 - INFO - 去重后共 12 个URL待处理，跳过 19 个重复URL
2025-07-28 12:27:33,201 - INFO - 去重后统计 - Doonsec: 0 个, ChainReactors: 12 个, BruceFeIix: 0 个
2025-07-28 12:27:33,201 - INFO - === 开始关键词过滤 ===
2025-07-28 12:27:33,202 - INFO - 关键词过滤: 匹配 0 个，跳过 12 个
2025-07-28 12:27:33,202 - INFO - 关键词过滤后统计 - Doonsec: 0 个, ChainReactors: 0 个, BruceFeIix: 0 个
2025-07-28 12:27:33,202 - INFO - === 跳过二进制文件处理，只更新data.json ===
2025-07-28 12:27:33,234 - INFO - 已更新data.json，添加了 0 个URL
2025-07-28 12:27:33,234 - INFO - === 执行完成 ===
2025-07-28 16:14:38,379 - INFO - === 开始执行微信文章归档工具 ===
2025-07-28 16:14:38,380 - INFO - 数据文件: data.json
2025-07-28 16:14:38,380 - INFO - 可执行文件: ./bin/wechatmp2markdown-v1.1.11_linux_amd64
2025-07-28 16:14:38,380 - INFO - 文档目录: doc
2025-07-28 16:14:38,417 - INFO - 已加载 17269 条历史记录
2025-07-28 16:14:38,418 - INFO - === 开始今日拉取 ===
2025-07-28 16:14:38,418 - INFO - 开始获取Doonsec RSS
2025-07-28 16:14:38,418 - INFO - 目标日期: 2025-07-28
2025-07-28 16:14:41,502 - INFO - Doonsec RSS请求成功
2025-07-28 16:14:41,504 - INFO - RSS中共有 200 个条目
2025-07-28 16:14:41,504 - INFO - Doonsec获取到 200 个2025-07-28的微信文章URL
2025-07-28 16:14:41,505 - INFO - ChainReactors md文件URL: https://raw.githubusercontent.com/chainreactors/picker/refs/heads/master/archive/daily/2025/2025-07-28.md
2025-07-28 16:14:41,686 - INFO - ChainReactors md文件下载状态码: 200
2025-07-28 16:14:41,687 - INFO - ChainReactors获取到 16 个URL
2025-07-28 16:14:41,687 - INFO - BruceFeIix md文件URL: https://raw.githubusercontent.com/BruceFeIix/picker/refs/heads/master/archive/daily/2025/2025-07-28.md
2025-07-28 16:14:41,868 - INFO - BruceFeIix md文件下载状态码: 200
2025-07-28 16:14:41,868 - INFO - BruceFeIix获取到 15 个URL
2025-07-28 16:14:41,868 - INFO - === 开始处理 2025-07-28 的数据 ===
2025-07-28 16:14:41,868 - INFO - Doonsec原始数据: 200 个
2025-07-28 16:14:41,868 - INFO - ChainReactors原始数据: 16 个
2025-07-28 16:14:41,868 - INFO - BruceFeIix原始数据: 15 个
2025-07-28 16:14:41,869 - INFO - 开始处理Doonsec数据...
2025-07-28 16:14:41,869 - INFO - 开始处理ChainReactors数据...
2025-07-28 16:14:41,869 - INFO - 开始处理BruceFeIix数据...
2025-07-28 16:14:41,869 - INFO - 去重后共 212 个URL待处理，跳过 19 个重复URL
2025-07-28 16:14:41,869 - INFO - 去重后统计 - Doonsec: 200 个, ChainReactors: 12 个, BruceFeIix: 0 个
2025-07-28 16:14:41,869 - INFO - === 开始关键词过滤 ===
2025-07-28 16:14:41,876 - INFO - 关键词过滤: 匹配 44 个，跳过 168 个
2025-07-28 16:14:41,876 - INFO - 关键词过滤后统计 - Doonsec: 44 个, ChainReactors: 0 个, BruceFeIix: 0 个
2025-07-28 16:14:41,894 - INFO - 已创建每日报告: md/2025-07-28.md
2025-07-28 16:14:41,894 - INFO - === 跳过二进制文件处理，只更新data.json ===
2025-07-28 16:14:41,923 - INFO - 已更新data.json，添加了 44 个URL
2025-07-28 16:14:41,924 - INFO - 已创建每日报告: md/2025-07-28.md
2025-07-28 16:14:41,924 - INFO - === 执行完成 ===
2025-07-28 20:13:05,121 - INFO - === 开始执行微信文章归档工具 ===
2025-07-28 20:13:05,122 - INFO - 数据文件: data.json
2025-07-28 20:13:05,122 - INFO - 可执行文件: ./bin/wechatmp2markdown-v1.1.11_linux_amd64
2025-07-28 20:13:05,122 - INFO - 文档目录: doc
2025-07-28 20:13:05,153 - INFO - 已加载 17313 条历史记录
2025-07-28 20:13:05,153 - INFO - === 开始今日拉取 ===
2025-07-28 20:13:05,153 - INFO - 开始获取Doonsec RSS
2025-07-28 20:13:05,153 - INFO - 目标日期: 2025-07-28
2025-07-28 20:13:08,979 - INFO - Doonsec RSS请求成功
2025-07-28 20:13:08,981 - INFO - RSS中共有 200 个条目
2025-07-28 20:13:08,982 - INFO - Doonsec获取到 200 个2025-07-28的微信文章URL
2025-07-28 20:13:08,982 - INFO - ChainReactors md文件URL: https://raw.githubusercontent.com/chainreactors/picker/refs/heads/master/archive/daily/2025/2025-07-28.md
2025-07-28 20:13:09,080 - INFO - ChainReactors md文件下载状态码: 200
2025-07-28 20:13:09,081 - INFO - ChainReactors获取到 16 个URL
2025-07-28 20:13:09,081 - INFO - BruceFeIix md文件URL: https://raw.githubusercontent.com/BruceFeIix/picker/refs/heads/master/archive/daily/2025/2025-07-28.md
2025-07-28 20:13:09,166 - INFO - BruceFeIix md文件下载状态码: 200
2025-07-28 20:13:09,167 - INFO - BruceFeIix获取到 15 个URL
2025-07-28 20:13:09,167 - INFO - === 开始处理 2025-07-28 的数据 ===
2025-07-28 20:13:09,167 - INFO - Doonsec原始数据: 200 个
2025-07-28 20:13:09,167 - INFO - ChainReactors原始数据: 16 个
2025-07-28 20:13:09,167 - INFO - BruceFeIix原始数据: 15 个
2025-07-28 20:13:09,167 - INFO - 开始处理Doonsec数据...
2025-07-28 20:13:09,167 - INFO - 开始处理ChainReactors数据...
2025-07-28 20:13:09,167 - INFO - 开始处理BruceFeIix数据...
2025-07-28 20:13:09,168 - INFO - 去重后共 168 个URL待处理，跳过 63 个重复URL
2025-07-28 20:13:09,168 - INFO - 去重后统计 - Doonsec: 156 个, ChainReactors: 12 个, BruceFeIix: 0 个
2025-07-28 20:13:09,168 - INFO - === 开始关键词过滤 ===
2025-07-28 20:13:09,174 - INFO - 关键词过滤: 匹配 0 个，跳过 168 个
2025-07-28 20:13:09,174 - INFO - 关键词过滤后统计 - Doonsec: 0 个, ChainReactors: 0 个, BruceFeIix: 0 个
2025-07-28 20:13:09,174 - INFO - === 跳过二进制文件处理，只更新data.json ===
2025-07-28 20:13:09,203 - INFO - 已更新data.json，添加了 0 个URL
2025-07-28 20:13:09,203 - INFO - === 执行完成 ===
2025-07-29 01:02:33,177 - INFO - === 开始执行微信文章归档工具 ===
2025-07-29 01:02:33,178 - INFO - 数据文件: data.json
2025-07-29 01:02:33,178 - INFO - 可执行文件: ./bin/wechatmp2markdown-v1.1.11_linux_amd64
2025-07-29 01:02:33,178 - INFO - 文档目录: doc
2025-07-29 01:02:33,208 - INFO - 已加载 17313 条历史记录
2025-07-29 01:02:33,209 - INFO - === 开始今日拉取 ===
2025-07-29 01:02:33,209 - INFO - 开始获取Doonsec RSS
2025-07-29 01:02:33,209 - INFO - 目标日期: 2025-07-29
2025-07-29 01:18:18,582 - ERROR - Doonsec RSS解析失败: HTTPSConnectionPool(host='wechat.doonsec.com', port=443): Max retries exceeded with url: /rss.xml (Caused by ConnectTimeoutError(<urllib3.connection.HTTPSConnection object at 0x7faeea638370>, 'Connection to wechat.doonsec.com timed out. (connect timeout=None)'))
2025-07-29 01:18:18,582 - INFO - ChainReactors md文件URL: https://raw.githubusercontent.com/chainreactors/picker/refs/heads/master/archive/daily/2025/2025-07-29.md
2025-07-29 01:18:18,664 - INFO - ChainReactors md文件下载状态码: 404
2025-07-29 01:18:18,664 - WARNING - ChainReactors md文件下载失败: https://raw.githubusercontent.com/chainreactors/picker/refs/heads/master/archive/daily/2025/2025-07-29.md 状态码: 404
2025-07-29 01:18:18,664 - INFO - BruceFeIix md文件URL: https://raw.githubusercontent.com/BruceFeIix/picker/refs/heads/master/archive/daily/2025/2025-07-29.md
2025-07-29 01:18:18,757 - INFO - BruceFeIix md文件下载状态码: 404
2025-07-29 01:18:18,757 - WARNING - BruceFeIix md文件下载失败: https://raw.githubusercontent.com/BruceFeIix/picker/refs/heads/master/archive/daily/2025/2025-07-29.md 状态码: 404
2025-07-29 01:18:18,757 - INFO - === 开始处理 2025-07-29 的数据 ===
2025-07-29 01:18:18,758 - INFO - Doonsec原始数据: 0 个
2025-07-29 01:18:18,758 - INFO - ChainReactors原始数据: 0 个
2025-07-29 01:18:18,758 - INFO - BruceFeIix原始数据: 0 个
2025-07-29 01:18:18,758 - INFO - 开始处理Doonsec数据...
2025-07-29 01:18:18,758 - INFO - 开始处理ChainReactors数据...
2025-07-29 01:18:18,758 - INFO - 开始处理BruceFeIix数据...
2025-07-29 01:18:18,758 - INFO - 去重后共 0 个URL待处理，跳过 0 个重复URL
2025-07-29 01:18:18,758 - INFO - 去重后统计 - Doonsec: 0 个, ChainReactors: 0 个, BruceFeIix: 0 个
2025-07-29 01:18:18,758 - INFO - === 开始关键词过滤 ===
2025-07-29 01:18:18,758 - INFO - 关键词过滤: 匹配 0 个，跳过 0 个
2025-07-29 01:18:18,758 - INFO - 关键词过滤后统计 - Doonsec: 0 个, ChainReactors: 0 个, BruceFeIix: 0 个
2025-07-29 01:18:18,758 - INFO - === 跳过二进制文件处理，只更新data.json ===
2025-07-29 01:18:18,787 - INFO - 已更新data.json，添加了 0 个URL
2025-07-29 01:18:18,787 - INFO - === 执行完成 ===
2025-07-29 04:39:18,483 - INFO - === 开始执行微信文章归档工具 ===
2025-07-29 04:39:18,484 - INFO - 数据文件: data.json
2025-07-29 04:39:18,484 - INFO - 可执行文件: ./bin/wechatmp2markdown-v1.1.11_linux_amd64
2025-07-29 04:39:18,484 - INFO - 文档目录: doc
2025-07-29 04:39:18,532 - INFO - 已加载 17313 条历史记录
2025-07-29 04:39:18,533 - INFO - === 开始今日拉取 ===
2025-07-29 04:39:18,533 - INFO - 开始获取Doonsec RSS
2025-07-29 04:39:18,533 - INFO - 目标日期: 2025-07-29
2025-07-29 04:39:21,268 - INFO - Doonsec RSS请求成功
2025-07-29 04:39:21,270 - INFO - RSS中共有 200 个条目
2025-07-29 04:39:21,270 - INFO - Doonsec获取到 0 个2025-07-29的微信文章URL
2025-07-29 04:39:21,271 - INFO - ChainReactors md文件URL: https://raw.githubusercontent.com/chainreactors/picker/refs/heads/master/archive/daily/2025/2025-07-29.md
2025-07-29 04:39:21,378 - INFO - ChainReactors md文件下载状态码: 200
2025-07-29 04:39:21,379 - INFO - ChainReactors获取到 249 个URL
2025-07-29 04:39:21,379 - INFO - BruceFeIix md文件URL: https://raw.githubusercontent.com/BruceFeIix/picker/refs/heads/master/archive/daily/2025/2025-07-29.md
2025-07-29 04:39:21,460 - INFO - BruceFeIix md文件下载状态码: 200
2025-07-29 04:39:21,462 - INFO - BruceFeIix获取到 246 个URL
2025-07-29 04:39:21,462 - INFO - === 开始处理 2025-07-29 的数据 ===
2025-07-29 04:39:21,462 - INFO - Doonsec原始数据: 0 个
2025-07-29 04:39:21,462 - INFO - ChainReactors原始数据: 249 个
2025-07-29 04:39:21,462 - INFO - BruceFeIix原始数据: 246 个
2025-07-29 04:39:21,462 - INFO - 开始处理Doonsec数据...
2025-07-29 04:39:21,462 - INFO - 开始处理ChainReactors数据...
2025-07-29 04:39:21,462 - INFO - 开始处理BruceFeIix数据...
2025-07-29 04:39:21,463 - INFO - 去重后共 178 个URL待处理，跳过 317 个重复URL
2025-07-29 04:39:21,463 - INFO - 去重后统计 - Doonsec: 0 个, ChainReactors: 178 个, BruceFeIix: 0 个
2025-07-29 04:39:21,463 - INFO - === 开始关键词过滤 ===
2025-07-29 04:39:21,469 - INFO - 关键词过滤: 匹配 8 个，跳过 170 个
2025-07-29 04:39:21,469 - INFO - 关键词过滤后统计 - Doonsec: 0 个, ChainReactors: 8 个, BruceFeIix: 0 个
2025-07-29 04:39:21,481 - INFO - 已创建每日报告: md/2025-07-29.md
2025-07-29 04:39:21,481 - INFO - === 跳过二进制文件处理，只更新data.json ===
2025-07-29 04:39:21,511 - INFO - 已更新data.json，添加了 8 个URL
2025-07-29 04:39:21,511 - INFO - 已创建每日报告: md/2025-07-29.md
2025-07-29 04:39:21,511 - INFO - === 执行完成 ===
2025-07-29 08:16:08,026 - INFO - === 开始执行微信文章归档工具 ===
2025-07-29 08:16:08,027 - INFO - 数据文件: data.json
2025-07-29 08:16:08,027 - INFO - 可执行文件: ./bin/wechatmp2markdown-v1.1.11_linux_amd64
2025-07-29 08:16:08,027 - INFO - 文档目录: doc
2025-07-29 08:16:08,058 - INFO - 已加载 17321 条历史记录
2025-07-29 08:16:08,058 - INFO - === 开始今日拉取 ===
2025-07-29 08:16:08,058 - INFO - 开始获取Doonsec RSS
2025-07-29 08:16:08,058 - INFO - 目标日期: 2025-07-29
2025-07-29 08:16:10,393 - INFO - Doonsec RSS请求成功
2025-07-29 08:16:10,394 - INFO - RSS中共有 200 个条目
2025-07-29 08:16:10,395 - INFO - Doonsec获取到 0 个2025-07-29的微信文章URL
2025-07-29 08:16:10,395 - INFO - ChainReactors md文件URL: https://raw.githubusercontent.com/chainreactors/picker/refs/heads/master/archive/daily/2025/2025-07-29.md
2025-07-29 08:16:10,571 - INFO - ChainReactors md文件下载状态码: 200
2025-07-29 08:16:10,573 - INFO - ChainReactors获取到 249 个URL
2025-07-29 08:16:10,573 - INFO - BruceFeIix md文件URL: https://raw.githubusercontent.com/BruceFeIix/picker/refs/heads/master/archive/daily/2025/2025-07-29.md
2025-07-29 08:16:10,783 - INFO - BruceFeIix md文件下载状态码: 200
2025-07-29 08:16:10,784 - INFO - BruceFeIix获取到 246 个URL
2025-07-29 08:16:10,784 - INFO - === 开始处理 2025-07-29 的数据 ===
2025-07-29 08:16:10,784 - INFO - Doonsec原始数据: 0 个
2025-07-29 08:16:10,784 - INFO - ChainReactors原始数据: 249 个
2025-07-29 08:16:10,784 - INFO - BruceFeIix原始数据: 246 个
2025-07-29 08:16:10,784 - INFO - 开始处理Doonsec数据...
2025-07-29 08:16:10,784 - INFO - 开始处理ChainReactors数据...
2025-07-29 08:16:10,785 - INFO - 开始处理BruceFeIix数据...
2025-07-29 08:16:10,785 - INFO - 去重后共 170 个URL待处理，跳过 325 个重复URL
2025-07-29 08:16:10,785 - INFO - 去重后统计 - Doonsec: 0 个, ChainReactors: 170 个, BruceFeIix: 0 个
2025-07-29 08:16:10,785 - INFO - === 开始关键词过滤 ===
2025-07-29 08:16:10,791 - INFO - 关键词过滤: 匹配 0 个，跳过 170 个
2025-07-29 08:16:10,791 - INFO - 关键词过滤后统计 - Doonsec: 0 个, ChainReactors: 0 个, BruceFeIix: 0 个
2025-07-29 08:16:10,791 - INFO - === 跳过二进制文件处理，只更新data.json ===
2025-07-29 08:16:10,820 - INFO - 已更新data.json，添加了 0 个URL
2025-07-29 08:16:10,821 - INFO - === 执行完成 ===
2025-07-29 12:22:51,174 - INFO - === 开始执行微信文章归档工具 ===
2025-07-29 12:22:51,175 - INFO - 数据文件: data.json
2025-07-29 12:22:51,175 - INFO - 可执行文件: ./bin/wechatmp2markdown-v1.1.11_linux_amd64
2025-07-29 12:22:51,175 - INFO - 文档目录: doc
2025-07-29 12:22:51,206 - INFO - 已加载 17321 条历史记录
2025-07-29 12:22:51,207 - INFO - === 开始今日拉取 ===
2025-07-29 12:22:51,207 - INFO - 开始获取Doonsec RSS
2025-07-29 12:22:51,207 - INFO - 目标日期: 2025-07-29
2025-07-29 12:22:53,024 - INFO - Doonsec RSS请求成功
2025-07-29 12:22:53,024 - ERROR - Doonsec RSS解析失败: mismatched tag: line 1, column 9650
2025-07-29 12:22:53,024 - INFO - ChainReactors md文件URL: https://raw.githubusercontent.com/chainreactors/picker/refs/heads/master/archive/daily/2025/2025-07-29.md
2025-07-29 12:22:53,038 - INFO - ChainReactors md文件下载状态码: 200
2025-07-29 12:22:53,039 - INFO - ChainReactors获取到 249 个URL
2025-07-29 12:22:53,040 - INFO - BruceFeIix md文件URL: https://raw.githubusercontent.com/BruceFeIix/picker/refs/heads/master/archive/daily/2025/2025-07-29.md
2025-07-29 12:22:53,052 - INFO - BruceFeIix md文件下载状态码: 200
2025-07-29 12:22:53,053 - INFO - BruceFeIix获取到 246 个URL
2025-07-29 12:22:53,054 - INFO - === 开始处理 2025-07-29 的数据 ===
2025-07-29 12:22:53,054 - INFO - Doonsec原始数据: 0 个
2025-07-29 12:22:53,054 - INFO - ChainReactors原始数据: 249 个
2025-07-29 12:22:53,054 - INFO - BruceFeIix原始数据: 246 个
2025-07-29 12:22:53,054 - INFO - 开始处理Doonsec数据...
2025-07-29 12:22:53,054 - INFO - 开始处理ChainReactors数据...
2025-07-29 12:22:53,054 - INFO - 开始处理BruceFeIix数据...
2025-07-29 12:22:53,055 - INFO - 去重后共 170 个URL待处理，跳过 325 个重复URL
2025-07-29 12:22:53,055 - INFO - 去重后统计 - Doonsec: 0 个, ChainReactors: 170 个, BruceFeIix: 0 个
2025-07-29 12:22:53,055 - INFO - === 开始关键词过滤 ===
2025-07-29 12:22:53,061 - INFO - 关键词过滤: 匹配 0 个，跳过 170 个
2025-07-29 12:22:53,061 - INFO - 关键词过滤后统计 - Doonsec: 0 个, ChainReactors: 0 个, BruceFeIix: 0 个
2025-07-29 12:22:53,061 - INFO - === 跳过二进制文件处理，只更新data.json ===
2025-07-29 12:22:53,090 - INFO - 已更新data.json，添加了 0 个URL
2025-07-29 12:22:53,090 - INFO - === 执行完成 ===
2025-07-29 16:13:56,558 - INFO - === 开始执行微信文章归档工具 ===
2025-07-29 16:13:56,559 - INFO - 数据文件: data.json
2025-07-29 16:13:56,559 - INFO - 可执行文件: ./bin/wechatmp2markdown-v1.1.11_linux_amd64
2025-07-29 16:13:56,560 - INFO - 文档目录: doc
2025-07-29 16:13:56,591 - INFO - 已加载 17321 条历史记录
2025-07-29 16:13:56,591 - INFO - === 开始今日拉取 ===
2025-07-29 16:13:56,591 - INFO - 开始获取Doonsec RSS
2025-07-29 16:13:56,591 - INFO - 目标日期: 2025-07-29
2025-07-29 16:13:59,558 - INFO - Doonsec RSS请求成功
2025-07-29 16:13:59,560 - INFO - RSS中共有 200 个条目
2025-07-29 16:13:59,561 - INFO - Doonsec获取到 190 个2025-07-29的微信文章URL
2025-07-29 16:13:59,561 - INFO - ChainReactors md文件URL: https://raw.githubusercontent.com/chainreactors/picker/refs/heads/master/archive/daily/2025/2025-07-29.md
2025-07-29 16:13:59,642 - INFO - ChainReactors md文件下载状态码: 200
2025-07-29 16:13:59,644 - INFO - ChainReactors获取到 249 个URL
2025-07-29 16:13:59,644 - INFO - BruceFeIix md文件URL: https://raw.githubusercontent.com/BruceFeIix/picker/refs/heads/master/archive/daily/2025/2025-07-29.md
2025-07-29 16:13:59,814 - INFO - BruceFeIix md文件下载状态码: 200
2025-07-29 16:13:59,815 - INFO - BruceFeIix获取到 246 个URL
2025-07-29 16:13:59,815 - INFO - === 开始处理 2025-07-29 的数据 ===
2025-07-29 16:13:59,815 - INFO - Doonsec原始数据: 190 个
2025-07-29 16:13:59,815 - INFO - ChainReactors原始数据: 249 个
2025-07-29 16:13:59,815 - INFO - BruceFeIix原始数据: 246 个
2025-07-29 16:13:59,815 - INFO - 开始处理Doonsec数据...
2025-07-29 16:13:59,816 - INFO - 开始处理ChainReactors数据...
2025-07-29 16:13:59,816 - INFO - 开始处理BruceFeIix数据...
2025-07-29 16:13:59,817 - INFO - 去重后共 360 个URL待处理，跳过 325 个重复URL
2025-07-29 16:13:59,817 - INFO - 去重后统计 - Doonsec: 190 个, ChainReactors: 170 个, BruceFeIix: 0 个
2025-07-29 16:13:59,817 - INFO - === 开始关键词过滤 ===
2025-07-29 16:13:59,828 - INFO - 关键词过滤: 匹配 63 个，跳过 297 个
2025-07-29 16:13:59,828 - INFO - 关键词过滤后统计 - Doonsec: 63 个, ChainReactors: 0 个, BruceFeIix: 0 个
2025-07-29 16:13:59,844 - INFO - 已创建每日报告: md/2025-07-29.md
2025-07-29 16:13:59,844 - INFO - === 跳过二进制文件处理，只更新data.json ===
2025-07-29 16:13:59,873 - INFO - 已更新data.json，添加了 63 个URL
2025-07-29 16:13:59,874 - INFO - 已创建每日报告: md/2025-07-29.md
2025-07-29 16:13:59,875 - INFO - === 执行完成 ===
2025-07-29 20:12:47,796 - INFO - === 开始执行微信文章归档工具 ===
2025-07-29 20:12:47,797 - INFO - 数据文件: data.json
2025-07-29 20:12:47,797 - INFO - 可执行文件: ./bin/wechatmp2markdown-v1.1.11_linux_amd64
2025-07-29 20:12:47,797 - INFO - 文档目录: doc
2025-07-29 20:12:47,827 - INFO - 已加载 17384 条历史记录
2025-07-29 20:12:47,827 - INFO - === 开始今日拉取 ===
2025-07-29 20:12:47,827 - INFO - 开始获取Doonsec RSS
2025-07-29 20:12:47,827 - INFO - 目标日期: 2025-07-29
2025-07-29 20:12:50,075 - INFO - Doonsec RSS请求成功
2025-07-29 20:12:50,078 - INFO - RSS中共有 200 个条目
2025-07-29 20:12:50,078 - INFO - Doonsec获取到 179 个2025-07-29的微信文章URL
2025-07-29 20:12:50,078 - INFO - ChainReactors md文件URL: https://raw.githubusercontent.com/chainreactors/picker/refs/heads/master/archive/daily/2025/2025-07-29.md
2025-07-29 20:12:50,250 - INFO - ChainReactors md文件下载状态码: 200
2025-07-29 20:12:50,252 - INFO - ChainReactors获取到 249 个URL
2025-07-29 20:12:50,252 - INFO - BruceFeIix md文件URL: https://raw.githubusercontent.com/BruceFeIix/picker/refs/heads/master/archive/daily/2025/2025-07-29.md
2025-07-29 20:12:50,499 - INFO - BruceFeIix md文件下载状态码: 200
2025-07-29 20:12:50,501 - INFO - BruceFeIix获取到 246 个URL
2025-07-29 20:12:50,501 - INFO - === 开始处理 2025-07-29 的数据 ===
2025-07-29 20:12:50,501 - INFO - Doonsec原始数据: 179 个
2025-07-29 20:12:50,501 - INFO - ChainReactors原始数据: 249 个
2025-07-29 20:12:50,501 - INFO - BruceFeIix原始数据: 246 个
2025-07-29 20:12:50,501 - INFO - 开始处理Doonsec数据...
2025-07-29 20:12:50,501 - INFO - 开始处理ChainReactors数据...
2025-07-29 20:12:50,502 - INFO - 开始处理BruceFeIix数据...
2025-07-29 20:12:50,502 - INFO - 去重后共 286 个URL待处理，跳过 388 个重复URL
2025-07-29 20:12:50,502 - INFO - 去重后统计 - Doonsec: 116 个, ChainReactors: 170 个, BruceFeIix: 0 个
2025-07-29 20:12:50,502 - INFO - === 开始关键词过滤 ===
2025-07-29 20:12:50,513 - INFO - 关键词过滤: 匹配 0 个，跳过 286 个
2025-07-29 20:12:50,513 - INFO - 关键词过滤后统计 - Doonsec: 0 个, ChainReactors: 0 个, BruceFeIix: 0 个
2025-07-29 20:12:50,513 - INFO - === 跳过二进制文件处理，只更新data.json ===
2025-07-29 20:12:50,542 - INFO - 已更新data.json，添加了 0 个URL
2025-07-29 20:12:50,542 - INFO - === 执行完成 ===
2025-07-30 00:57:48,148 - INFO - === 开始执行微信文章归档工具 ===
2025-07-30 00:57:48,149 - INFO - 数据文件: data.json
2025-07-30 00:57:48,150 - INFO - 可执行文件: ./bin/wechatmp2markdown-v1.1.11_linux_amd64
2025-07-30 00:57:48,150 - INFO - 文档目录: doc
2025-07-30 00:57:48,182 - INFO - 已加载 17384 条历史记录
2025-07-30 00:57:48,183 - INFO - === 开始今日拉取 ===
2025-07-30 00:57:48,183 - INFO - 开始获取Doonsec RSS
2025-07-30 00:57:48,183 - INFO - 目标日期: 2025-07-30
2025-07-30 00:57:51,270 - INFO - Doonsec RSS请求成功
2025-07-30 00:57:51,272 - INFO - RSS中共有 200 个条目
2025-07-30 00:57:51,272 - INFO - Doonsec获取到 27 个2025-07-30的微信文章URL
2025-07-30 00:57:51,272 - INFO - ChainReactors md文件URL: https://raw.githubusercontent.com/chainreactors/picker/refs/heads/master/archive/daily/2025/2025-07-30.md
2025-07-30 00:57:51,402 - INFO - ChainReactors md文件下载状态码: 404
2025-07-30 00:57:51,402 - WARNING - ChainReactors md文件下载失败: https://raw.githubusercontent.com/chainreactors/picker/refs/heads/master/archive/daily/2025/2025-07-30.md 状态码: 404
2025-07-30 00:57:51,402 - INFO - BruceFeIix md文件URL: https://raw.githubusercontent.com/BruceFeIix/picker/refs/heads/master/archive/daily/2025/2025-07-30.md
2025-07-30 00:57:51,535 - INFO - BruceFeIix md文件下载状态码: 404
2025-07-30 00:57:51,535 - WARNING - BruceFeIix md文件下载失败: https://raw.githubusercontent.com/BruceFeIix/picker/refs/heads/master/archive/daily/2025/2025-07-30.md 状态码: 404
2025-07-30 00:57:51,535 - INFO - === 开始处理 2025-07-30 的数据 ===
2025-07-30 00:57:51,535 - INFO - Doonsec原始数据: 27 个
2025-07-30 00:57:51,535 - INFO - ChainReactors原始数据: 0 个
2025-07-30 00:57:51,536 - INFO - BruceFeIix原始数据: 0 个
2025-07-30 00:57:51,536 - INFO - 开始处理Doonsec数据...
2025-07-30 00:57:51,536 - INFO - 开始处理ChainReactors数据...
2025-07-30 00:57:51,536 - INFO - 开始处理BruceFeIix数据...
2025-07-30 00:57:51,536 - INFO - 去重后共 27 个URL待处理，跳过 0 个重复URL
2025-07-30 00:57:51,536 - INFO - 去重后统计 - Doonsec: 27 个, ChainReactors: 0 个, BruceFeIix: 0 个
2025-07-30 00:57:51,536 - INFO - === 开始关键词过滤 ===
2025-07-30 00:57:51,538 - INFO - 关键词过滤: 匹配 8 个，跳过 19 个
2025-07-30 00:57:51,538 - INFO - 关键词过滤后统计 - Doonsec: 8 个, ChainReactors: 0 个, BruceFeIix: 0 个
2025-07-30 00:57:51,601 - INFO - 已创建每日报告: md/2025-07-30.md
2025-07-30 00:57:51,601 - INFO - === 跳过二进制文件处理，只更新data.json ===
2025-07-30 00:57:51,630 - INFO - 已更新data.json，添加了 8 个URL
2025-07-30 00:57:51,631 - INFO - 已创建每日报告: md/2025-07-30.md
2025-07-30 00:57:51,631 - INFO - === 执行完成 ===
2025-07-30 04:34:51,961 - INFO - === 开始执行微信文章归档工具 ===
2025-07-30 04:34:51,962 - INFO - 数据文件: data.json
2025-07-30 04:34:51,962 - INFO - 可执行文件: ./bin/wechatmp2markdown-v1.1.11_linux_amd64
2025-07-30 04:34:51,962 - INFO - 文档目录: doc
2025-07-30 04:34:51,993 - INFO - 已加载 17392 条历史记录
2025-07-30 04:34:51,994 - INFO - === 开始今日拉取 ===
2025-07-30 04:34:51,994 - INFO - 开始获取Doonsec RSS
2025-07-30 04:34:51,994 - INFO - 目标日期: 2025-07-30
2025-07-30 04:34:55,587 - INFO - Doonsec RSS请求成功
2025-07-30 04:34:55,589 - INFO - RSS中共有 200 个条目
2025-07-30 04:34:55,589 - INFO - Doonsec获取到 78 个2025-07-30的微信文章URL
2025-07-30 04:34:55,590 - INFO - ChainReactors md文件URL: https://raw.githubusercontent.com/chainreactors/picker/refs/heads/master/archive/daily/2025/2025-07-30.md
2025-07-30 04:34:55,615 - INFO - ChainReactors md文件下载状态码: 200
2025-07-30 04:34:55,617 - INFO - ChainReactors获取到 180 个URL
2025-07-30 04:34:55,617 - INFO - BruceFeIix md文件URL: https://raw.githubusercontent.com/BruceFeIix/picker/refs/heads/master/archive/daily/2025/2025-07-30.md
2025-07-30 04:34:55,639 - INFO - BruceFeIix md文件下载状态码: 200
2025-07-30 04:34:55,640 - INFO - BruceFeIix获取到 178 个URL
2025-07-30 04:34:55,640 - INFO - === 开始处理 2025-07-30 的数据 ===
2025-07-30 04:34:55,640 - INFO - Doonsec原始数据: 78 个
2025-07-30 04:34:55,640 - INFO - ChainReactors原始数据: 180 个
2025-07-30 04:34:55,640 - INFO - BruceFeIix原始数据: 178 个
2025-07-30 04:34:55,640 - INFO - 开始处理Doonsec数据...
2025-07-30 04:34:55,640 - INFO - 开始处理ChainReactors数据...
2025-07-30 04:34:55,640 - INFO - 开始处理BruceFeIix数据...
2025-07-30 04:34:55,641 - INFO - 去重后共 176 个URL待处理，跳过 260 个重复URL
2025-07-30 04:34:55,641 - INFO - 去重后统计 - Doonsec: 70 个, ChainReactors: 104 个, BruceFeIix: 2 个
2025-07-30 04:34:55,641 - INFO - === 开始关键词过滤 ===
2025-07-30 04:34:55,647 - INFO - 关键词过滤: 匹配 23 个，跳过 153 个
2025-07-30 04:34:55,647 - INFO - 关键词过滤后统计 - Doonsec: 16 个, ChainReactors: 7 个, BruceFeIix: 0 个
2025-07-30 04:34:55,723 - INFO - 已创建每日报告: md/2025-07-30.md
2025-07-30 04:34:55,723 - INFO - === 跳过二进制文件处理，只更新data.json ===
2025-07-30 04:34:55,752 - INFO - 已更新data.json，添加了 23 个URL
2025-07-30 04:34:55,753 - INFO - 已创建每日报告: md/2025-07-30.md
2025-07-30 04:34:55,753 - INFO - === 执行完成 ===
2025-07-30 08:16:12,958 - INFO - === 开始执行微信文章归档工具 ===
2025-07-30 08:16:12,959 - INFO - 数据文件: data.json
2025-07-30 08:16:12,959 - INFO - 可执行文件: ./bin/wechatmp2markdown-v1.1.11_linux_amd64
2025-07-30 08:16:12,959 - INFO - 文档目录: doc
2025-07-30 08:16:12,989 - INFO - 已加载 17415 条历史记录
2025-07-30 08:16:12,989 - INFO - === 开始今日拉取 ===
2025-07-30 08:16:12,989 - INFO - 开始获取Doonsec RSS
2025-07-30 08:16:12,989 - INFO - 目标日期: 2025-07-30
2025-07-30 08:16:15,232 - INFO - Doonsec RSS请求成功
2025-07-30 08:16:15,234 - INFO - RSS中共有 200 个条目
2025-07-30 08:16:15,235 - INFO - Doonsec获取到 124 个2025-07-30的微信文章URL
2025-07-30 08:16:15,235 - INFO - ChainReactors md文件URL: https://raw.githubusercontent.com/chainreactors/picker/refs/heads/master/archive/daily/2025/2025-07-30.md
2025-07-30 08:16:15,308 - INFO - ChainReactors md文件下载状态码: 200
2025-07-30 08:16:15,309 - INFO - ChainReactors获取到 180 个URL
2025-07-30 08:16:15,309 - INFO - BruceFeIix md文件URL: https://raw.githubusercontent.com/BruceFeIix/picker/refs/heads/master/archive/daily/2025/2025-07-30.md
2025-07-30 08:16:15,390 - INFO - BruceFeIix md文件下载状态码: 200
2025-07-30 08:16:15,391 - INFO - BruceFeIix获取到 178 个URL
2025-07-30 08:16:15,391 - INFO - === 开始处理 2025-07-30 的数据 ===
2025-07-30 08:16:15,391 - INFO - Doonsec原始数据: 124 个
2025-07-30 08:16:15,392 - INFO - ChainReactors原始数据: 180 个
2025-07-30 08:16:15,392 - INFO - BruceFeIix原始数据: 178 个
2025-07-30 08:16:15,392 - INFO - 开始处理Doonsec数据...
2025-07-30 08:16:15,392 - INFO - 开始处理ChainReactors数据...
2025-07-30 08:16:15,392 - INFO - 开始处理BruceFeIix数据...
2025-07-30 08:16:15,392 - INFO - 去重后共 199 个URL待处理，跳过 283 个重复URL
2025-07-30 08:16:15,393 - INFO - 去重后统计 - Doonsec: 100 个, ChainReactors: 97 个, BruceFeIix: 2 个
2025-07-30 08:16:15,393 - INFO - === 开始关键词过滤 ===
2025-07-30 08:16:15,399 - INFO - 关键词过滤: 匹配 14 个，跳过 185 个
2025-07-30 08:16:15,399 - INFO - 关键词过滤后统计 - Doonsec: 14 个, ChainReactors: 0 个, BruceFeIix: 0 个
2025-07-30 08:16:15,418 - INFO - 已创建每日报告: md/2025-07-30.md
2025-07-30 08:16:15,418 - INFO - === 跳过二进制文件处理，只更新data.json ===
2025-07-30 08:16:15,447 - INFO - 已更新data.json，添加了 14 个URL
2025-07-30 08:16:15,447 - INFO - 已创建每日报告: md/2025-07-30.md
2025-07-30 08:16:15,447 - INFO - === 执行完成 ===
2025-07-30 12:22:41,094 - INFO - === 开始执行微信文章归档工具 ===
2025-07-30 12:22:41,095 - INFO - 数据文件: data.json
2025-07-30 12:22:41,095 - INFO - 可执行文件: ./bin/wechatmp2markdown-v1.1.11_linux_amd64
2025-07-30 12:22:41,095 - INFO - 文档目录: doc
2025-07-30 12:22:41,126 - INFO - 已加载 17429 条历史记录
2025-07-30 12:22:41,126 - INFO - === 开始今日拉取 ===
2025-07-30 12:22:41,126 - INFO - 开始获取Doonsec RSS
2025-07-30 12:22:41,126 - INFO - 目标日期: 2025-07-30
2025-07-30 12:22:43,011 - INFO - Doonsec RSS请求成功
2025-07-30 12:22:43,013 - INFO - RSS中共有 200 个条目
2025-07-30 12:22:43,014 - INFO - Doonsec获取到 200 个2025-07-30的微信文章URL
2025-07-30 12:22:43,014 - INFO - ChainReactors md文件URL: https://raw.githubusercontent.com/chainreactors/picker/refs/heads/master/archive/daily/2025/2025-07-30.md
2025-07-30 12:22:43,075 - INFO - ChainReactors md文件下载状态码: 200
2025-07-30 12:22:43,076 - INFO - ChainReactors获取到 180 个URL
2025-07-30 12:22:43,076 - INFO - BruceFeIix md文件URL: https://raw.githubusercontent.com/BruceFeIix/picker/refs/heads/master/archive/daily/2025/2025-07-30.md
2025-07-30 12:22:43,135 - INFO - BruceFeIix md文件下载状态码: 200
2025-07-30 12:22:43,136 - INFO - BruceFeIix获取到 178 个URL
2025-07-30 12:22:43,136 - INFO - === 开始处理 2025-07-30 的数据 ===
2025-07-30 12:22:43,136 - INFO - Doonsec原始数据: 200 个
2025-07-30 12:22:43,136 - INFO - ChainReactors原始数据: 180 个
2025-07-30 12:22:43,136 - INFO - BruceFeIix原始数据: 178 个
2025-07-30 12:22:43,136 - INFO - 开始处理Doonsec数据...
2025-07-30 12:22:43,137 - INFO - 开始处理ChainReactors数据...
2025-07-30 12:22:43,137 - INFO - 开始处理BruceFeIix数据...
2025-07-30 12:22:43,137 - INFO - 去重后共 266 个URL待处理，跳过 292 个重复URL
2025-07-30 12:22:43,137 - INFO - 去重后统计 - Doonsec: 167 个, ChainReactors: 97 个, BruceFeIix: 2 个
2025-07-30 12:22:43,137 - INFO - === 开始关键词过滤 ===
2025-07-30 12:22:43,146 - INFO - 关键词过滤: 匹配 34 个，跳过 232 个
2025-07-30 12:22:43,146 - INFO - 关键词过滤后统计 - Doonsec: 34 个, ChainReactors: 0 个, BruceFeIix: 0 个
2025-07-30 12:22:43,161 - INFO - 已创建每日报告: md/2025-07-30.md
2025-07-30 12:22:43,161 - INFO - === 跳过二进制文件处理，只更新data.json ===
2025-07-30 12:22:43,190 - INFO - 已更新data.json，添加了 34 个URL
2025-07-30 12:22:43,191 - INFO - 已创建每日报告: md/2025-07-30.md
2025-07-30 12:22:43,191 - INFO - === 执行完成 ===
2025-07-30 16:14:09,720 - INFO - === 开始执行微信文章归档工具 ===
2025-07-30 16:14:09,721 - INFO - 数据文件: data.json
2025-07-30 16:14:09,721 - INFO - 可执行文件: ./bin/wechatmp2markdown-v1.1.11_linux_amd64
2025-07-30 16:14:09,721 - INFO - 文档目录: doc
2025-07-30 16:14:09,753 - INFO - 已加载 17463 条历史记录
2025-07-30 16:14:09,753 - INFO - === 开始今日拉取 ===
2025-07-30 16:14:09,753 - INFO - 开始获取Doonsec RSS
2025-07-30 16:14:09,753 - INFO - 目标日期: 2025-07-30
2025-07-30 16:14:13,113 - INFO - Doonsec RSS请求成功
2025-07-30 16:14:13,115 - INFO - RSS中共有 200 个条目
2025-07-30 16:14:13,115 - INFO - Doonsec获取到 200 个2025-07-30的微信文章URL
2025-07-30 16:14:13,116 - INFO - ChainReactors md文件URL: https://raw.githubusercontent.com/chainreactors/picker/refs/heads/master/archive/daily/2025/2025-07-30.md
2025-07-30 16:14:13,197 - INFO - ChainReactors md文件下载状态码: 200
2025-07-30 16:14:13,199 - INFO - ChainReactors获取到 180 个URL
2025-07-30 16:14:13,199 - INFO - BruceFeIix md文件URL: https://raw.githubusercontent.com/BruceFeIix/picker/refs/heads/master/archive/daily/2025/2025-07-30.md
2025-07-30 16:14:13,259 - INFO - BruceFeIix md文件下载状态码: 200
2025-07-30 16:14:13,260 - INFO - BruceFeIix获取到 178 个URL
2025-07-30 16:14:13,260 - INFO - === 开始处理 2025-07-30 的数据 ===
2025-07-30 16:14:13,260 - INFO - Doonsec原始数据: 200 个
2025-07-30 16:14:13,260 - INFO - ChainReactors原始数据: 180 个
2025-07-30 16:14:13,260 - INFO - BruceFeIix原始数据: 178 个
2025-07-30 16:14:13,260 - INFO - 开始处理Doonsec数据...
2025-07-30 16:14:13,260 - INFO - 开始处理ChainReactors数据...
2025-07-30 16:14:13,261 - INFO - 开始处理BruceFeIix数据...
2025-07-30 16:14:13,261 - INFO - 去重后共 253 个URL待处理，跳过 305 个重复URL
2025-07-30 16:14:13,261 - INFO - 去重后统计 - Doonsec: 154 个, ChainReactors: 97 个, BruceFeIix: 2 个
2025-07-30 16:14:13,261 - INFO - === 开始关键词过滤 ===
2025-07-30 16:14:13,270 - INFO - 关键词过滤: 匹配 17 个，跳过 236 个
2025-07-30 16:14:13,271 - INFO - 关键词过滤后统计 - Doonsec: 17 个, ChainReactors: 0 个, BruceFeIix: 0 个
2025-07-30 16:14:13,284 - INFO - 已创建每日报告: md/2025-07-30.md
2025-07-30 16:14:13,284 - INFO - === 跳过二进制文件处理，只更新data.json ===
2025-07-30 16:14:13,313 - INFO - 已更新data.json，添加了 17 个URL
2025-07-30 16:14:13,314 - INFO - 已创建每日报告: md/2025-07-30.md
2025-07-30 16:14:13,314 - INFO - === 执行完成 ===
2025-07-30 20:11:22,829 - INFO - === 开始执行微信文章归档工具 ===
2025-07-30 20:11:22,830 - INFO - 数据文件: data.json
2025-07-30 20:11:22,830 - INFO - 可执行文件: ./bin/wechatmp2markdown-v1.1.11_linux_amd64
2025-07-30 20:11:22,830 - INFO - 文档目录: doc
2025-07-30 20:11:22,861 - INFO - 已加载 17480 条历史记录
2025-07-30 20:11:22,861 - INFO - === 开始今日拉取 ===
2025-07-30 20:11:22,861 - INFO - 开始获取Doonsec RSS
2025-07-30 20:11:22,861 - INFO - 目标日期: 2025-07-30
2025-07-30 20:11:24,270 - INFO - Doonsec RSS请求成功
2025-07-30 20:11:24,272 - INFO - RSS中共有 200 个条目
2025-07-30 20:11:24,273 - INFO - Doonsec获取到 186 个2025-07-30的微信文章URL
2025-07-30 20:11:24,273 - INFO - ChainReactors md文件URL: https://raw.githubusercontent.com/chainreactors/picker/refs/heads/master/archive/daily/2025/2025-07-30.md
2025-07-30 20:11:24,440 - INFO - ChainReactors md文件下载状态码: 200
2025-07-30 20:11:24,441 - INFO - ChainReactors获取到 180 个URL
2025-07-30 20:11:24,441 - INFO - BruceFeIix md文件URL: https://raw.githubusercontent.com/BruceFeIix/picker/refs/heads/master/archive/daily/2025/2025-07-30.md
2025-07-30 20:11:24,452 - INFO - BruceFeIix md文件下载状态码: 200
2025-07-30 20:11:24,453 - INFO - BruceFeIix获取到 178 个URL
2025-07-30 20:11:24,453 - INFO - === 开始处理 2025-07-30 的数据 ===
2025-07-30 20:11:24,453 - INFO - Doonsec原始数据: 186 个
2025-07-30 20:11:24,453 - INFO - ChainReactors原始数据: 180 个
2025-07-30 20:11:24,453 - INFO - BruceFeIix原始数据: 178 个
2025-07-30 20:11:24,453 - INFO - 开始处理Doonsec数据...
2025-07-30 20:11:24,454 - INFO - 开始处理ChainReactors数据...
2025-07-30 20:11:24,454 - INFO - 开始处理BruceFeIix数据...
2025-07-30 20:11:24,454 - INFO - 去重后共 223 个URL待处理，跳过 321 个重复URL
2025-07-30 20:11:24,454 - INFO - 去重后统计 - Doonsec: 124 个, ChainReactors: 97 个, BruceFeIix: 2 个
2025-07-30 20:11:24,455 - INFO - === 开始关键词过滤 ===
2025-07-30 20:11:24,462 - INFO - 关键词过滤: 匹配 0 个，跳过 223 个
2025-07-30 20:11:24,463 - INFO - 关键词过滤后统计 - Doonsec: 0 个, ChainReactors: 0 个, BruceFeIix: 0 个
2025-07-30 20:11:24,463 - INFO - === 跳过二进制文件处理，只更新data.json ===
2025-07-30 20:11:24,492 - INFO - 已更新data.json，添加了 0 个URL
2025-07-30 20:11:24,492 - INFO - === 执行完成 ===
2025-07-31 00:57:41,377 - INFO - === 开始执行微信文章归档工具 ===
2025-07-31 00:57:41,378 - INFO - 数据文件: data.json
2025-07-31 00:57:41,378 - INFO - 可执行文件: ./bin/wechatmp2markdown-v1.1.11_linux_amd64
2025-07-31 00:57:41,378 - INFO - 文档目录: doc
2025-07-31 00:57:41,416 - INFO - 已加载 17480 条历史记录
2025-07-31 00:57:41,416 - INFO - === 开始今日拉取 ===
2025-07-31 00:57:41,416 - INFO - 开始获取Doonsec RSS
2025-07-31 00:57:41,416 - INFO - 目标日期: 2025-07-31
2025-07-31 00:57:43,820 - INFO - Doonsec RSS请求成功
2025-07-31 00:57:43,823 - INFO - RSS中共有 200 个条目
2025-07-31 00:57:43,823 - INFO - Doonsec获取到 50 个2025-07-31的微信文章URL
2025-07-31 00:57:43,824 - INFO - ChainReactors md文件URL: https://raw.githubusercontent.com/chainreactors/picker/refs/heads/master/archive/daily/2025/2025-07-31.md
2025-07-31 00:57:43,965 - INFO - ChainReactors md文件下载状态码: 404
2025-07-31 00:57:43,965 - WARNING - ChainReactors md文件下载失败: https://raw.githubusercontent.com/chainreactors/picker/refs/heads/master/archive/daily/2025/2025-07-31.md 状态码: 404
2025-07-31 00:57:43,965 - INFO - BruceFeIix md文件URL: https://raw.githubusercontent.com/BruceFeIix/picker/refs/heads/master/archive/daily/2025/2025-07-31.md
2025-07-31 00:57:44,109 - INFO - BruceFeIix md文件下载状态码: 404
2025-07-31 00:57:44,110 - WARNING - BruceFeIix md文件下载失败: https://raw.githubusercontent.com/BruceFeIix/picker/refs/heads/master/archive/daily/2025/2025-07-31.md 状态码: 404
2025-07-31 00:57:44,110 - INFO - === 开始处理 2025-07-31 的数据 ===
2025-07-31 00:57:44,110 - INFO - Doonsec原始数据: 50 个
2025-07-31 00:57:44,110 - INFO - ChainReactors原始数据: 0 个
2025-07-31 00:57:44,110 - INFO - BruceFeIix原始数据: 0 个
2025-07-31 00:57:44,110 - INFO - 开始处理Doonsec数据...
2025-07-31 00:57:44,110 - INFO - 开始处理ChainReactors数据...
2025-07-31 00:57:44,110 - INFO - 开始处理BruceFeIix数据...
2025-07-31 00:57:44,110 - INFO - 去重后共 50 个URL待处理，跳过 0 个重复URL
2025-07-31 00:57:44,110 - INFO - 去重后统计 - Doonsec: 50 个, ChainReactors: 0 个, BruceFeIix: 0 个
2025-07-31 00:57:44,110 - INFO - === 开始关键词过滤 ===
2025-07-31 00:57:44,112 - INFO - 关键词过滤: 匹配 22 个，跳过 28 个
2025-07-31 00:57:44,112 - INFO - 关键词过滤后统计 - Doonsec: 22 个, ChainReactors: 0 个, BruceFeIix: 0 个
2025-07-31 00:57:44,158 - INFO - 已创建每日报告: md/2025-07-31.md
2025-07-31 00:57:44,158 - INFO - === 跳过二进制文件处理，只更新data.json ===
2025-07-31 00:57:44,188 - INFO - 已更新data.json，添加了 22 个URL
2025-07-31 00:57:44,188 - INFO - 已创建每日报告: md/2025-07-31.md
2025-07-31 00:57:44,188 - INFO - === 执行完成 ===
2025-07-31 04:33:10,919 - INFO - === 开始执行微信文章归档工具 ===
2025-07-31 04:33:10,921 - INFO - 数据文件: data.json
2025-07-31 04:33:10,921 - INFO - 可执行文件: ./bin/wechatmp2markdown-v1.1.11_linux_amd64
2025-07-31 04:33:10,921 - INFO - 文档目录: doc
2025-07-31 04:33:10,958 - INFO - 已加载 17502 条历史记录
2025-07-31 04:33:10,958 - INFO - === 开始今日拉取 ===
2025-07-31 04:33:10,959 - INFO - 开始获取Doonsec RSS
2025-07-31 04:33:10,959 - INFO - 目标日期: 2025-07-31
2025-07-31 04:33:12,944 - INFO - Doonsec RSS请求成功
2025-07-31 04:33:12,947 - INFO - RSS中共有 200 个条目
2025-07-31 04:33:12,948 - INFO - Doonsec获取到 50 个2025-07-31的微信文章URL
2025-07-31 04:33:12,948 - INFO - ChainReactors md文件URL: https://raw.githubusercontent.com/chainreactors/picker/refs/heads/master/archive/daily/2025/2025-07-31.md
2025-07-31 04:33:12,962 - INFO - ChainReactors md文件下载状态码: 200
2025-07-31 04:33:12,963 - INFO - ChainReactors获取到 198 个URL
2025-07-31 04:33:12,964 - INFO - BruceFeIix md文件URL: https://raw.githubusercontent.com/BruceFeIix/picker/refs/heads/master/archive/daily/2025/2025-07-31.md
2025-07-31 04:33:12,979 - INFO - BruceFeIix md文件下载状态码: 200
2025-07-31 04:33:12,981 - INFO - BruceFeIix获取到 196 个URL
2025-07-31 04:33:12,981 - INFO - === 开始处理 2025-07-31 的数据 ===
2025-07-31 04:33:12,981 - INFO - Doonsec原始数据: 50 个
2025-07-31 04:33:12,981 - INFO - ChainReactors原始数据: 198 个
2025-07-31 04:33:12,981 - INFO - BruceFeIix原始数据: 196 个
2025-07-31 04:33:12,981 - INFO - 开始处理Doonsec数据...
2025-07-31 04:33:12,981 - INFO - 开始处理ChainReactors数据...
2025-07-31 04:33:12,981 - INFO - 开始处理BruceFeIix数据...
2025-07-31 04:33:12,981 - INFO - 去重后共 158 个URL待处理，跳过 286 个重复URL
2025-07-31 04:33:12,982 - INFO - 去重后统计 - Doonsec: 28 个, ChainReactors: 130 个, BruceFeIix: 0 个
2025-07-31 04:33:12,982 - INFO - === 开始关键词过滤 ===
2025-07-31 04:33:12,987 - INFO - 关键词过滤: 匹配 11 个，跳过 147 个
2025-07-31 04:33:12,987 - INFO - 关键词过滤后统计 - Doonsec: 0 个, ChainReactors: 11 个, BruceFeIix: 0 个
2025-07-31 04:33:13,007 - INFO - 已创建每日报告: md/2025-07-31.md
2025-07-31 04:33:13,007 - INFO - === 跳过二进制文件处理，只更新data.json ===
2025-07-31 04:33:13,039 - INFO - 已更新data.json，添加了 11 个URL
2025-07-31 04:33:13,039 - INFO - 已创建每日报告: md/2025-07-31.md
2025-07-31 04:33:13,039 - INFO - === 执行完成 ===
2025-07-31 08:16:50,112 - INFO - === 开始执行微信文章归档工具 ===
2025-07-31 08:16:50,113 - INFO - 数据文件: data.json
2025-07-31 08:16:50,113 - INFO - 可执行文件: ./bin/wechatmp2markdown-v1.1.11_linux_amd64
2025-07-31 08:16:50,113 - INFO - 文档目录: doc
2025-07-31 08:16:50,144 - INFO - 已加载 17513 条历史记录
2025-07-31 08:16:50,144 - INFO - === 开始今日拉取 ===
2025-07-31 08:16:50,144 - INFO - 开始获取Doonsec RSS
2025-07-31 08:16:50,144 - INFO - 目标日期: 2025-07-31
2025-07-31 08:16:52,383 - INFO - Doonsec RSS请求成功
2025-07-31 08:16:52,386 - INFO - RSS中共有 200 个条目
2025-07-31 08:16:52,386 - INFO - Doonsec获取到 200 个2025-07-31的微信文章URL
2025-07-31 08:16:52,386 - INFO - ChainReactors md文件URL: https://raw.githubusercontent.com/chainreactors/picker/refs/heads/master/archive/daily/2025/2025-07-31.md
2025-07-31 08:16:52,722 - INFO - ChainReactors md文件下载状态码: 200
2025-07-31 08:16:52,723 - INFO - ChainReactors获取到 198 个URL
2025-07-31 08:16:52,723 - INFO - BruceFeIix md文件URL: https://raw.githubusercontent.com/BruceFeIix/picker/refs/heads/master/archive/daily/2025/2025-07-31.md
2025-07-31 08:16:52,954 - INFO - BruceFeIix md文件下载状态码: 200
2025-07-31 08:16:52,956 - INFO - BruceFeIix获取到 196 个URL
2025-07-31 08:16:52,956 - INFO - === 开始处理 2025-07-31 的数据 ===
2025-07-31 08:16:52,956 - INFO - Doonsec原始数据: 200 个
2025-07-31 08:16:52,956 - INFO - ChainReactors原始数据: 198 个
2025-07-31 08:16:52,956 - INFO - BruceFeIix原始数据: 196 个
2025-07-31 08:16:52,957 - INFO - 开始处理Doonsec数据...
2025-07-31 08:16:52,957 - INFO - 开始处理ChainReactors数据...
2025-07-31 08:16:52,957 - INFO - 开始处理BruceFeIix数据...
2025-07-31 08:16:52,958 - INFO - 去重后共 299 个URL待处理，跳过 295 个重复URL
2025-07-31 08:16:52,958 - INFO - 去重后统计 - Doonsec: 180 个, ChainReactors: 119 个, BruceFeIix: 0 个
2025-07-31 08:16:52,958 - INFO - === 开始关键词过滤 ===
2025-07-31 08:16:52,967 - INFO - 关键词过滤: 匹配 43 个，跳过 256 个
2025-07-31 08:16:52,967 - INFO - 关键词过滤后统计 - Doonsec: 43 个, ChainReactors: 0 个, BruceFeIix: 0 个
2025-07-31 08:16:52,999 - INFO - 已创建每日报告: md/2025-07-31.md
2025-07-31 08:16:52,999 - INFO - === 跳过二进制文件处理，只更新data.json ===
2025-07-31 08:16:53,029 - INFO - 已更新data.json，添加了 43 个URL
2025-07-31 08:16:53,029 - INFO - 已创建每日报告: md/2025-07-31.md
2025-07-31 08:16:53,029 - INFO - === 执行完成 ===
2025-07-31 12:20:42,160 - INFO - === 开始执行微信文章归档工具 ===
2025-07-31 12:20:42,161 - INFO - 数据文件: data.json
2025-07-31 12:20:42,161 - INFO - 可执行文件: ./bin/wechatmp2markdown-v1.1.11_linux_amd64
2025-07-31 12:20:42,161 - INFO - 文档目录: doc
2025-07-31 12:20:42,194 - INFO - 已加载 17556 条历史记录
2025-07-31 12:20:42,194 - INFO - === 开始今日拉取 ===
2025-07-31 12:20:42,194 - INFO - 开始获取Doonsec RSS
2025-07-31 12:20:42,194 - INFO - 目标日期: 2025-07-31
2025-07-31 12:20:43,741 - INFO - Doonsec RSS请求成功
2025-07-31 12:20:43,743 - INFO - RSS中共有 200 个条目
2025-07-31 12:20:43,744 - INFO - Doonsec获取到 200 个2025-07-31的微信文章URL
2025-07-31 12:20:43,744 - INFO - ChainReactors md文件URL: https://raw.githubusercontent.com/chainreactors/picker/refs/heads/master/archive/daily/2025/2025-07-31.md
2025-07-31 12:20:43,889 - INFO - ChainReactors md文件下载状态码: 200
2025-07-31 12:20:43,891 - INFO - ChainReactors获取到 198 个URL
2025-07-31 12:20:43,891 - INFO - BruceFeIix md文件URL: https://raw.githubusercontent.com/BruceFeIix/picker/refs/heads/master/archive/daily/2025/2025-07-31.md
2025-07-31 12:20:44,041 - INFO - BruceFeIix md文件下载状态码: 200
2025-07-31 12:20:44,043 - INFO - BruceFeIix获取到 196 个URL
2025-07-31 12:20:44,043 - INFO - === 开始处理 2025-07-31 的数据 ===
2025-07-31 12:20:44,043 - INFO - Doonsec原始数据: 200 个
2025-07-31 12:20:44,043 - INFO - ChainReactors原始数据: 198 个
2025-07-31 12:20:44,043 - INFO - BruceFeIix原始数据: 196 个
2025-07-31 12:20:44,043 - INFO - 开始处理Doonsec数据...
2025-07-31 12:20:44,043 - INFO - 开始处理ChainReactors数据...
2025-07-31 12:20:44,044 - INFO - 开始处理BruceFeIix数据...
2025-07-31 12:20:44,044 - INFO - 去重后共 312 个URL待处理，跳过 282 个重复URL
2025-07-31 12:20:44,044 - INFO - 去重后统计 - Doonsec: 192 个, ChainReactors: 120 个, BruceFeIix: 0 个
2025-07-31 12:20:44,044 - INFO - === 开始关键词过滤 ===
2025-07-31 12:20:44,054 - INFO - 关键词过滤: 匹配 60 个，跳过 252 个
2025-07-31 12:20:44,054 - INFO - 关键词过滤后统计 - Doonsec: 60 个, ChainReactors: 0 个, BruceFeIix: 0 个
2025-07-31 12:20:44,071 - INFO - 已创建每日报告: md/2025-07-31.md
2025-07-31 12:20:44,071 - INFO - === 跳过二进制文件处理，只更新data.json ===
2025-07-31 12:20:44,101 - INFO - 已更新data.json，添加了 60 个URL
2025-07-31 12:20:44,102 - INFO - 已创建每日报告: md/2025-07-31.md
2025-07-31 12:20:44,102 - INFO - === 执行完成 ===
2025-07-31 16:14:26,899 - INFO - === 开始执行微信文章归档工具 ===
2025-07-31 16:14:26,900 - INFO - 数据文件: data.json
2025-07-31 16:14:26,900 - INFO - 可执行文件: ./bin/wechatmp2markdown-v1.1.11_linux_amd64
2025-07-31 16:14:26,900 - INFO - 文档目录: doc
2025-07-31 16:14:26,931 - INFO - 已加载 17616 条历史记录
2025-07-31 16:14:26,931 - INFO - === 开始今日拉取 ===
2025-07-31 16:14:26,931 - INFO - 开始获取Doonsec RSS
2025-07-31 16:14:26,931 - INFO - 目标日期: 2025-07-31
2025-07-31 16:14:28,662 - INFO - Doonsec RSS请求成功
2025-07-31 16:14:28,664 - INFO - RSS中共有 200 个条目
2025-07-31 16:14:28,665 - INFO - Doonsec获取到 196 个2025-07-31的微信文章URL
2025-07-31 16:14:28,665 - INFO - ChainReactors md文件URL: https://raw.githubusercontent.com/chainreactors/picker/refs/heads/master/archive/daily/2025/2025-07-31.md
2025-07-31 16:14:28,745 - INFO - ChainReactors md文件下载状态码: 200
2025-07-31 16:14:28,746 - INFO - ChainReactors获取到 198 个URL
2025-07-31 16:14:28,746 - INFO - BruceFeIix md文件URL: https://raw.githubusercontent.com/BruceFeIix/picker/refs/heads/master/archive/daily/2025/2025-07-31.md
2025-07-31 16:14:28,846 - INFO - BruceFeIix md文件下载状态码: 200
2025-07-31 16:14:28,847 - INFO - BruceFeIix获取到 196 个URL
2025-07-31 16:14:28,847 - INFO - === 开始处理 2025-07-31 的数据 ===
2025-07-31 16:14:28,847 - INFO - Doonsec原始数据: 196 个
2025-07-31 16:14:28,847 - INFO - ChainReactors原始数据: 198 个
2025-07-31 16:14:28,847 - INFO - BruceFeIix原始数据: 196 个
2025-07-31 16:14:28,847 - INFO - 开始处理Doonsec数据...
2025-07-31 16:14:28,847 - INFO - 开始处理ChainReactors数据...
2025-07-31 16:14:28,848 - INFO - 开始处理BruceFeIix数据...
2025-07-31 16:14:28,848 - INFO - 去重后共 257 个URL待处理，跳过 333 个重复URL
2025-07-31 16:14:28,848 - INFO - 去重后统计 - Doonsec: 137 个, ChainReactors: 120 个, BruceFeIix: 0 个
2025-07-31 16:14:28,848 - INFO - === 开始关键词过滤 ===
2025-07-31 16:14:28,857 - INFO - 关键词过滤: 匹配 13 个，跳过 244 个
2025-07-31 16:14:28,857 - INFO - 关键词过滤后统计 - Doonsec: 13 个, ChainReactors: 0 个, BruceFeIix: 0 个
2025-07-31 16:14:28,871 - INFO - 已创建每日报告: md/2025-07-31.md
2025-07-31 16:14:28,871 - INFO - === 跳过二进制文件处理，只更新data.json ===
2025-07-31 16:14:28,900 - INFO - 已更新data.json，添加了 13 个URL
2025-07-31 16:14:28,901 - INFO - 已创建每日报告: md/2025-07-31.md
2025-07-31 16:14:28,901 - INFO - === 执行完成 ===
2025-07-31 20:12:46,263 - INFO - === 开始执行微信文章归档工具 ===
2025-07-31 20:12:46,263 - INFO - 数据文件: data.json
2025-07-31 20:12:46,263 - INFO - 可执行文件: ./bin/wechatmp2markdown-v1.1.11_linux_amd64
2025-07-31 20:12:46,264 - INFO - 文档目录: doc
2025-07-31 20:12:46,295 - INFO - 已加载 17629 条历史记录
2025-07-31 20:12:46,295 - INFO - === 开始今日拉取 ===
2025-07-31 20:12:46,295 - INFO - 开始获取Doonsec RSS
2025-07-31 20:12:46,295 - INFO - 目标日期: 2025-07-31
2025-07-31 20:12:48,322 - INFO - Doonsec RSS请求成功
2025-07-31 20:12:48,324 - INFO - RSS中共有 200 个条目
2025-07-31 20:12:48,324 - INFO - Doonsec获取到 180 个2025-07-31的微信文章URL
2025-07-31 20:12:48,325 - INFO - ChainReactors md文件URL: https://raw.githubusercontent.com/chainreactors/picker/refs/heads/master/archive/daily/2025/2025-07-31.md
2025-07-31 20:12:48,384 - INFO - ChainReactors md文件下载状态码: 200
2025-07-31 20:12:48,385 - INFO - ChainReactors获取到 198 个URL
2025-07-31 20:12:48,385 - INFO - BruceFeIix md文件URL: https://raw.githubusercontent.com/BruceFeIix/picker/refs/heads/master/archive/daily/2025/2025-07-31.md
2025-07-31 20:12:48,434 - INFO - BruceFeIix md文件下载状态码: 200
2025-07-31 20:12:48,435 - INFO - BruceFeIix获取到 196 个URL
2025-07-31 20:12:48,435 - INFO - === 开始处理 2025-07-31 的数据 ===
2025-07-31 20:12:48,435 - INFO - Doonsec原始数据: 180 个
2025-07-31 20:12:48,435 - INFO - ChainReactors原始数据: 198 个
2025-07-31 20:12:48,435 - INFO - BruceFeIix原始数据: 196 个
2025-07-31 20:12:48,435 - INFO - 开始处理Doonsec数据...
2025-07-31 20:12:48,436 - INFO - 开始处理ChainReactors数据...
2025-07-31 20:12:48,436 - INFO - 开始处理BruceFeIix数据...
2025-07-31 20:12:48,436 - INFO - 去重后共 240 个URL待处理，跳过 334 个重复URL
2025-07-31 20:12:48,436 - INFO - 去重后统计 - Doonsec: 120 个, ChainReactors: 120 个, BruceFeIix: 0 个
2025-07-31 20:12:48,436 - INFO - === 开始关键词过滤 ===
2025-07-31 20:12:48,445 - INFO - 关键词过滤: 匹配 1 个，跳过 239 个
2025-07-31 20:12:48,445 - INFO - 关键词过滤后统计 - Doonsec: 1 个, ChainReactors: 0 个, BruceFeIix: 0 个
2025-07-31 20:12:48,458 - INFO - 已创建每日报告: md/2025-07-31.md
2025-07-31 20:12:48,458 - INFO - === 跳过二进制文件处理，只更新data.json ===
2025-07-31 20:12:48,488 - INFO - 已更新data.json，添加了 1 个URL
2025-07-31 20:12:48,488 - INFO - 已创建每日报告: md/2025-07-31.md
2025-07-31 20:12:48,488 - INFO - === 执行完成 ===
2025-08-01 01:04:16,002 - INFO - === 开始执行微信文章归档工具 ===
2025-08-01 01:04:16,003 - INFO - 数据文件: data.json
2025-08-01 01:04:16,003 - INFO - 可执行文件: ./bin/wechatmp2markdown-v1.1.11_linux_amd64
2025-08-01 01:04:16,003 - INFO - 文档目录: doc
2025-08-01 01:04:16,040 - INFO - 已加载 17630 条历史记录
2025-08-01 01:04:16,040 - INFO - === 开始今日拉取 ===
2025-08-01 01:04:16,040 - INFO - 开始获取Doonsec RSS
2025-08-01 01:04:16,040 - INFO - 目标日期: 2025-08-01
2025-08-01 01:04:18,037 - INFO - Doonsec RSS请求成功
2025-08-01 01:04:18,039 - INFO - RSS中共有 200 个条目
2025-08-01 01:04:18,040 - INFO - Doonsec获取到 67 个2025-08-01的微信文章URL
2025-08-01 01:04:18,040 - INFO - ChainReactors md文件URL: https://raw.githubusercontent.com/chainreactors/picker/refs/heads/master/archive/daily/2025/2025-08-01.md
2025-08-01 01:04:18,219 - INFO - ChainReactors md文件下载状态码: 404
2025-08-01 01:04:18,219 - WARNING - ChainReactors md文件下载失败: https://raw.githubusercontent.com/chainreactors/picker/refs/heads/master/archive/daily/2025/2025-08-01.md 状态码: 404
2025-08-01 01:04:18,219 - INFO - BruceFeIix md文件URL: https://raw.githubusercontent.com/BruceFeIix/picker/refs/heads/master/archive/daily/2025/2025-08-01.md
2025-08-01 01:04:18,368 - INFO - BruceFeIix md文件下载状态码: 404
2025-08-01 01:04:18,369 - WARNING - BruceFeIix md文件下载失败: https://raw.githubusercontent.com/BruceFeIix/picker/refs/heads/master/archive/daily/2025/2025-08-01.md 状态码: 404
2025-08-01 01:04:18,369 - INFO - === 开始处理 2025-08-01 的数据 ===
2025-08-01 01:04:18,369 - INFO - Doonsec原始数据: 67 个
2025-08-01 01:04:18,369 - INFO - ChainReactors原始数据: 0 个
2025-08-01 01:04:18,369 - INFO - BruceFeIix原始数据: 0 个
2025-08-01 01:04:18,369 - INFO - 开始处理Doonsec数据...
2025-08-01 01:04:18,369 - INFO - 开始处理ChainReactors数据...
2025-08-01 01:04:18,369 - INFO - 开始处理BruceFeIix数据...
2025-08-01 01:04:18,369 - INFO - 去重后共 67 个URL待处理，跳过 0 个重复URL
2025-08-01 01:04:18,369 - INFO - 去重后统计 - Doonsec: 67 个, ChainReactors: 0 个, BruceFeIix: 0 个
2025-08-01 01:04:18,369 - INFO - === 开始关键词过滤 ===
2025-08-01 01:04:18,371 - INFO - 关键词过滤: 匹配 23 个，跳过 44 个
2025-08-01 01:04:18,371 - INFO - 关键词过滤后统计 - Doonsec: 23 个, ChainReactors: 0 个, BruceFeIix: 0 个
2025-08-01 01:04:18,411 - INFO - 已创建每日报告: md/2025-08-01.md
2025-08-01 01:04:18,411 - INFO - === 跳过二进制文件处理，只更新data.json ===
2025-08-01 01:04:18,441 - INFO - 已更新data.json，添加了 23 个URL
2025-08-01 01:04:18,441 - INFO - 已创建每日报告: md/2025-08-01.md
2025-08-01 01:04:18,441 - INFO - === 执行完成 ===
2025-08-01 04:45:11,709 - INFO - === 开始执行微信文章归档工具 ===
2025-08-01 04:45:11,710 - INFO - 数据文件: data.json
2025-08-01 04:45:11,710 - INFO - 可执行文件: ./bin/wechatmp2markdown-v1.1.11_linux_amd64
2025-08-01 04:45:11,710 - INFO - 文档目录: doc
2025-08-01 04:45:11,743 - INFO - 已加载 17653 条历史记录
2025-08-01 04:45:11,743 - INFO - === 开始今日拉取 ===
2025-08-01 04:45:11,743 - INFO - 开始获取Doonsec RSS
2025-08-01 04:45:11,743 - INFO - 目标日期: 2025-08-01
2025-08-01 04:45:14,003 - INFO - Doonsec RSS请求成功
2025-08-01 04:45:14,005 - INFO - RSS中共有 200 个条目
2025-08-01 04:45:14,005 - INFO - Doonsec获取到 169 个2025-08-01的微信文章URL
2025-08-01 04:45:14,006 - INFO - ChainReactors md文件URL: https://raw.githubusercontent.com/chainreactors/picker/refs/heads/master/archive/daily/2025/2025-08-01.md
2025-08-01 04:45:14,066 - INFO - ChainReactors md文件下载状态码: 200
2025-08-01 04:45:14,067 - INFO - ChainReactors获取到 95 个URL
2025-08-01 04:45:14,067 - INFO - BruceFeIix md文件URL: https://raw.githubusercontent.com/BruceFeIix/picker/refs/heads/master/archive/daily/2025/2025-08-01.md
2025-08-01 04:45:14,113 - INFO - BruceFeIix md文件下载状态码: 200
2025-08-01 04:45:14,114 - INFO - BruceFeIix获取到 94 个URL
2025-08-01 04:45:14,114 - INFO - === 开始处理 2025-08-01 的数据 ===
2025-08-01 04:45:14,114 - INFO - Doonsec原始数据: 169 个
2025-08-01 04:45:14,114 - INFO - ChainReactors原始数据: 95 个
2025-08-01 04:45:14,114 - INFO - BruceFeIix原始数据: 94 个
2025-08-01 04:45:14,114 - INFO - 开始处理Doonsec数据...
2025-08-01 04:45:14,115 - INFO - 开始处理ChainReactors数据...
2025-08-01 04:45:14,115 - INFO - 开始处理BruceFeIix数据...
2025-08-01 04:45:14,115 - INFO - 去重后共 208 个URL待处理，跳过 150 个重复URL
2025-08-01 04:45:14,115 - INFO - 去重后统计 - Doonsec: 146 个, ChainReactors: 62 个, BruceFeIix: 0 个
2025-08-01 04:45:14,115 - INFO - === 开始关键词过滤 ===
2025-08-01 04:45:14,122 - INFO - 关键词过滤: 匹配 26 个，跳过 182 个
2025-08-01 04:45:14,122 - INFO - 关键词过滤后统计 - Doonsec: 25 个, ChainReactors: 1 个, BruceFeIix: 0 个
2025-08-01 04:45:14,138 - INFO - 已创建每日报告: md/2025-08-01.md
2025-08-01 04:45:14,138 - INFO - === 跳过二进制文件处理，只更新data.json ===
2025-08-01 04:45:14,169 - INFO - 已更新data.json，添加了 26 个URL
2025-08-01 04:45:14,169 - INFO - 已创建每日报告: md/2025-08-01.md
2025-08-01 04:45:14,170 - INFO - === 执行完成 ===
2025-08-01 08:16:13,491 - INFO - === 开始执行微信文章归档工具 ===
2025-08-01 08:16:13,492 - INFO - 数据文件: data.json
2025-08-01 08:16:13,492 - INFO - 可执行文件: ./bin/wechatmp2markdown-v1.1.11_linux_amd64
2025-08-01 08:16:13,492 - INFO - 文档目录: doc
2025-08-01 08:16:13,522 - INFO - 已加载 17679 条历史记录
2025-08-01 08:16:13,522 - INFO - === 开始今日拉取 ===
2025-08-01 08:16:13,522 - INFO - 开始获取Doonsec RSS
2025-08-01 08:16:13,523 - INFO - 目标日期: 2025-08-01
2025-08-01 08:16:15,361 - INFO - Doonsec RSS请求成功
2025-08-01 08:16:15,364 - INFO - RSS中共有 200 个条目
2025-08-01 08:16:15,364 - INFO - Doonsec获取到 200 个2025-08-01的微信文章URL
2025-08-01 08:16:15,364 - INFO - ChainReactors md文件URL: https://raw.githubusercontent.com/chainreactors/picker/refs/heads/master/archive/daily/2025/2025-08-01.md
2025-08-01 08:16:15,378 - INFO - ChainReactors md文件下载状态码: 200
2025-08-01 08:16:15,379 - INFO - ChainReactors获取到 95 个URL
2025-08-01 08:16:15,379 - INFO - BruceFeIix md文件URL: https://raw.githubusercontent.com/BruceFeIix/picker/refs/heads/master/archive/daily/2025/2025-08-01.md
2025-08-01 08:16:15,393 - INFO - BruceFeIix md文件下载状态码: 200
2025-08-01 08:16:15,394 - INFO - BruceFeIix获取到 94 个URL
2025-08-01 08:16:15,394 - INFO - === 开始处理 2025-08-01 的数据 ===
2025-08-01 08:16:15,394 - INFO - Doonsec原始数据: 200 个
2025-08-01 08:16:15,395 - INFO - ChainReactors原始数据: 95 个
2025-08-01 08:16:15,395 - INFO - BruceFeIix原始数据: 94 个
2025-08-01 08:16:15,395 - INFO - 开始处理Doonsec数据...
2025-08-01 08:16:15,395 - INFO - 开始处理ChainReactors数据...
2025-08-01 08:16:15,395 - INFO - 开始处理BruceFeIix数据...
2025-08-01 08:16:15,395 - INFO - 去重后共 238 个URL待处理，跳过 151 个重复URL
2025-08-01 08:16:15,396 - INFO - 去重后统计 - Doonsec: 177 个, ChainReactors: 61 个, BruceFeIix: 0 个
2025-08-01 08:16:15,396 - INFO - === 开始关键词过滤 ===
2025-08-01 08:16:15,404 - INFO - 关键词过滤: 匹配 30 个，跳过 208 个
2025-08-01 08:16:15,404 - INFO - 关键词过滤后统计 - Doonsec: 30 个, ChainReactors: 0 个, BruceFeIix: 0 个
2025-08-01 08:16:15,421 - INFO - 已创建每日报告: md/2025-08-01.md
2025-08-01 08:16:15,421 - INFO - === 跳过二进制文件处理，只更新data.json ===
2025-08-01 08:16:15,451 - INFO - 已更新data.json，添加了 30 个URL
2025-08-01 08:16:15,451 - INFO - 已创建每日报告: md/2025-08-01.md
2025-08-01 08:16:15,451 - INFO - === 执行完成 ===
2025-08-01 12:21:50,526 - INFO - === 开始执行微信文章归档工具 ===
2025-08-01 12:21:50,527 - INFO - 数据文件: data.json
2025-08-01 12:21:50,527 - INFO - 可执行文件: ./bin/wechatmp2markdown-v1.1.11_linux_amd64
2025-08-01 12:21:50,528 - INFO - 文档目录: doc
2025-08-01 12:21:50,560 - INFO - 已加载 17709 条历史记录
2025-08-01 12:21:50,560 - INFO - === 开始今日拉取 ===
2025-08-01 12:21:50,560 - INFO - 开始获取Doonsec RSS
2025-08-01 12:21:50,560 - INFO - 目标日期: 2025-08-01
2025-08-01 12:21:51,203 - ERROR - Doonsec RSS解析失败: HTTPSConnectionPool(host='wechat.doonsec.com', port=443): Max retries exceeded with url: /rss.xml (Caused by SSLError(SSLCertVerificationError(1, "[SSL: CERTIFICATE_VERIFY_FAILED] certificate verify failed: Hostname mismatch, certificate is not valid for 'wechat.doonsec.com'. (_ssl.c:1017)")))
2025-08-01 12:21:51,203 - INFO - ChainReactors md文件URL: https://raw.githubusercontent.com/chainreactors/picker/refs/heads/master/archive/daily/2025/2025-08-01.md
2025-08-01 12:21:51,217 - INFO - ChainReactors md文件下载状态码: 200
2025-08-01 12:21:51,219 - INFO - ChainReactors获取到 95 个URL
2025-08-01 12:21:51,219 - INFO - BruceFeIix md文件URL: https://raw.githubusercontent.com/BruceFeIix/picker/refs/heads/master/archive/daily/2025/2025-08-01.md
2025-08-01 12:21:51,233 - INFO - BruceFeIix md文件下载状态码: 200
2025-08-01 12:21:51,234 - INFO - BruceFeIix获取到 94 个URL
2025-08-01 12:21:51,234 - INFO - === 开始处理 2025-08-01 的数据 ===
2025-08-01 12:21:51,234 - INFO - Doonsec原始数据: 0 个
2025-08-01 12:21:51,234 - INFO - ChainReactors原始数据: 95 个
2025-08-01 12:21:51,234 - INFO - BruceFeIix原始数据: 94 个
2025-08-01 12:21:51,234 - INFO - 开始处理Doonsec数据...
2025-08-01 12:21:51,234 - INFO - 开始处理ChainReactors数据...
2025-08-01 12:21:51,234 - INFO - 开始处理BruceFeIix数据...
2025-08-01 12:21:51,234 - INFO - 去重后共 61 个URL待处理，跳过 128 个重复URL
2025-08-01 12:21:51,234 - INFO - 去重后统计 - Doonsec: 0 个, ChainReactors: 61 个, BruceFeIix: 0 个
2025-08-01 12:21:51,235 - INFO - === 开始关键词过滤 ===
2025-08-01 12:21:51,237 - INFO - 关键词过滤: 匹配 0 个，跳过 61 个
2025-08-01 12:21:51,237 - INFO - 关键词过滤后统计 - Doonsec: 0 个, ChainReactors: 0 个, BruceFeIix: 0 个
2025-08-01 12:21:51,237 - INFO - === 跳过二进制文件处理，只更新data.json ===
2025-08-01 12:21:51,267 - INFO - 已更新data.json，添加了 0 个URL
2025-08-01 12:21:51,267 - INFO - === 执行完成 ===
2025-08-01 16:14:18,918 - INFO - === 开始执行微信文章归档工具 ===
2025-08-01 16:14:18,919 - INFO - 数据文件: data.json
2025-08-01 16:14:18,919 - INFO - 可执行文件: ./bin/wechatmp2markdown-v1.1.11_linux_amd64
2025-08-01 16:14:18,919 - INFO - 文档目录: doc
2025-08-01 16:14:18,951 - INFO - 已加载 17709 条历史记录
2025-08-01 16:14:18,951 - INFO - === 开始今日拉取 ===
2025-08-01 16:14:18,952 - INFO - 开始获取Doonsec RSS
2025-08-01 16:14:18,952 - INFO - 目标日期: 2025-08-01
2025-08-01 16:14:21,373 - INFO - Doonsec RSS请求成功
2025-08-01 16:14:21,376 - INFO - RSS中共有 200 个条目
2025-08-01 16:14:21,376 - INFO - Doonsec获取到 194 个2025-08-01的微信文章URL
2025-08-01 16:14:21,377 - INFO - ChainReactors md文件URL: https://raw.githubusercontent.com/chainreactors/picker/refs/heads/master/archive/daily/2025/2025-08-01.md
2025-08-01 16:14:21,392 - INFO - ChainReactors md文件下载状态码: 200
2025-08-01 16:14:21,393 - INFO - ChainReactors获取到 95 个URL
2025-08-01 16:14:21,393 - INFO - BruceFeIix md文件URL: https://raw.githubusercontent.com/BruceFeIix/picker/refs/heads/master/archive/daily/2025/2025-08-01.md
2025-08-01 16:14:21,406 - INFO - BruceFeIix md文件下载状态码: 200
2025-08-01 16:14:21,406 - INFO - BruceFeIix获取到 94 个URL
2025-08-01 16:14:21,406 - INFO - === 开始处理 2025-08-01 的数据 ===
2025-08-01 16:14:21,407 - INFO - Doonsec原始数据: 194 个
2025-08-01 16:14:21,407 - INFO - ChainReactors原始数据: 95 个
2025-08-01 16:14:21,407 - INFO - BruceFeIix原始数据: 94 个
2025-08-01 16:14:21,407 - INFO - 开始处理Doonsec数据...
2025-08-01 16:14:21,407 - INFO - 开始处理ChainReactors数据...
2025-08-01 16:14:21,407 - INFO - 开始处理BruceFeIix数据...
2025-08-01 16:14:21,407 - INFO - 去重后共 243 个URL待处理，跳过 140 个重复URL
2025-08-01 16:14:21,407 - INFO - 去重后统计 - Doonsec: 182 个, ChainReactors: 61 个, BruceFeIix: 0 个
2025-08-01 16:14:21,407 - INFO - === 开始关键词过滤 ===
2025-08-01 16:14:21,415 - INFO - 关键词过滤: 匹配 50 个，跳过 193 个
2025-08-01 16:14:21,415 - INFO - 关键词过滤后统计 - Doonsec: 50 个, ChainReactors: 0 个, BruceFeIix: 0 个
2025-08-01 16:14:21,431 - INFO - 已创建每日报告: md/2025-08-01.md
2025-08-01 16:14:21,431 - INFO - === 跳过二进制文件处理，只更新data.json ===
2025-08-01 16:14:21,461 - INFO - 已更新data.json，添加了 50 个URL
2025-08-01 16:14:21,461 - INFO - 已创建每日报告: md/2025-08-01.md
2025-08-01 16:14:21,462 - INFO - === 执行完成 ===
2025-08-01 20:12:23,402 - INFO - === 开始执行微信文章归档工具 ===
2025-08-01 20:12:23,403 - INFO - 数据文件: data.json
2025-08-01 20:12:23,403 - INFO - 可执行文件: ./bin/wechatmp2markdown-v1.1.11_linux_amd64
2025-08-01 20:12:23,403 - INFO - 文档目录: doc
2025-08-01 20:12:23,434 - INFO - 已加载 17759 条历史记录
2025-08-01 20:12:23,435 - INFO - === 开始今日拉取 ===
2025-08-01 20:12:23,435 - INFO - 开始获取Doonsec RSS
2025-08-01 20:12:23,435 - INFO - 目标日期: 2025-08-01
2025-08-01 20:12:25,744 - INFO - Doonsec RSS请求成功
2025-08-01 20:12:25,746 - INFO - RSS中共有 200 个条目
2025-08-01 20:12:25,746 - INFO - Doonsec获取到 188 个2025-08-01的微信文章URL
2025-08-01 20:12:25,747 - INFO - ChainReactors md文件URL: https://raw.githubusercontent.com/chainreactors/picker/refs/heads/master/archive/daily/2025/2025-08-01.md
2025-08-01 20:12:25,785 - INFO - ChainReactors md文件下载状态码: 200
2025-08-01 20:12:25,787 - INFO - ChainReactors获取到 95 个URL
2025-08-01 20:12:25,787 - INFO - BruceFeIix md文件URL: https://raw.githubusercontent.com/BruceFeIix/picker/refs/heads/master/archive/daily/2025/2025-08-01.md
2025-08-01 20:12:25,809 - INFO - BruceFeIix md文件下载状态码: 200
2025-08-01 20:12:25,810 - INFO - BruceFeIix获取到 94 个URL
2025-08-01 20:12:25,810 - INFO - === 开始处理 2025-08-01 的数据 ===
2025-08-01 20:12:25,810 - INFO - Doonsec原始数据: 188 个
2025-08-01 20:12:25,810 - INFO - ChainReactors原始数据: 95 个
2025-08-01 20:12:25,810 - INFO - BruceFeIix原始数据: 94 个
2025-08-01 20:12:25,810 - INFO - 开始处理Doonsec数据...
2025-08-01 20:12:25,811 - INFO - 开始处理ChainReactors数据...
2025-08-01 20:12:25,811 - INFO - 开始处理BruceFeIix数据...
2025-08-01 20:12:25,811 - INFO - 去重后共 189 个URL待处理，跳过 188 个重复URL
2025-08-01 20:12:25,811 - INFO - 去重后统计 - Doonsec: 128 个, ChainReactors: 61 个, BruceFeIix: 0 个
2025-08-01 20:12:25,811 - INFO - === 开始关键词过滤 ===
2025-08-01 20:12:25,818 - INFO - 关键词过滤: 匹配 0 个，跳过 189 个
2025-08-01 20:12:25,818 - INFO - 关键词过滤后统计 - Doonsec: 0 个, ChainReactors: 0 个, BruceFeIix: 0 个
2025-08-01 20:12:25,818 - INFO - === 跳过二进制文件处理，只更新data.json ===
2025-08-01 20:12:25,848 - INFO - 已更新data.json，添加了 0 个URL
2025-08-01 20:12:25,848 - INFO - === 执行完成 ===
2025-08-02 00:55:01,165 - INFO - === 开始执行微信文章归档工具 ===
2025-08-02 00:55:01,166 - INFO - 数据文件: data.json
2025-08-02 00:55:01,166 - INFO - 可执行文件: ./bin/wechatmp2markdown-v1.1.11_linux_amd64
2025-08-02 00:55:01,166 - INFO - 文档目录: doc
2025-08-02 00:55:01,198 - INFO - 已加载 17759 条历史记录
2025-08-02 00:55:01,198 - INFO - === 开始今日拉取 ===
2025-08-02 00:55:01,199 - INFO - 开始获取Doonsec RSS
2025-08-02 00:55:01,199 - INFO - 目标日期: 2025-08-02
2025-08-02 00:55:02,925 - INFO - Doonsec RSS请求成功
2025-08-02 00:55:02,927 - INFO - RSS中共有 200 个条目
2025-08-02 00:55:02,928 - INFO - Doonsec获取到 12 个2025-08-02的微信文章URL
2025-08-02 00:55:02,928 - INFO - ChainReactors md文件URL: https://raw.githubusercontent.com/chainreactors/picker/refs/heads/master/archive/daily/2025/2025-08-02.md
2025-08-02 00:55:03,074 - INFO - ChainReactors md文件下载状态码: 404
2025-08-02 00:55:03,074 - WARNING - ChainReactors md文件下载失败: https://raw.githubusercontent.com/chainreactors/picker/refs/heads/master/archive/daily/2025/2025-08-02.md 状态码: 404
2025-08-02 00:55:03,075 - INFO - BruceFeIix md文件URL: https://raw.githubusercontent.com/BruceFeIix/picker/refs/heads/master/archive/daily/2025/2025-08-02.md
2025-08-02 00:55:03,145 - INFO - BruceFeIix md文件下载状态码: 404
2025-08-02 00:55:03,145 - WARNING - BruceFeIix md文件下载失败: https://raw.githubusercontent.com/BruceFeIix/picker/refs/heads/master/archive/daily/2025/2025-08-02.md 状态码: 404
2025-08-02 00:55:03,145 - INFO - === 开始处理 2025-08-02 的数据 ===
2025-08-02 00:55:03,145 - INFO - Doonsec原始数据: 12 个
2025-08-02 00:55:03,145 - INFO - ChainReactors原始数据: 0 个
2025-08-02 00:55:03,145 - INFO - BruceFeIix原始数据: 0 个
2025-08-02 00:55:03,145 - INFO - 开始处理Doonsec数据...
2025-08-02 00:55:03,145 - INFO - 开始处理ChainReactors数据...
2025-08-02 00:55:03,146 - INFO - 开始处理BruceFeIix数据...
2025-08-02 00:55:03,146 - INFO - 去重后共 12 个URL待处理，跳过 0 个重复URL
2025-08-02 00:55:03,146 - INFO - 去重后统计 - Doonsec: 12 个, ChainReactors: 0 个, BruceFeIix: 0 个
2025-08-02 00:55:03,146 - INFO - === 开始关键词过滤 ===
2025-08-02 00:55:03,146 - INFO - 关键词过滤: 匹配 3 个，跳过 9 个
2025-08-02 00:55:03,147 - INFO - 关键词过滤后统计 - Doonsec: 3 个, ChainReactors: 0 个, BruceFeIix: 0 个
2025-08-02 00:55:03,161 - INFO - 已创建每日报告: md/2025-08-02.md
2025-08-02 00:55:03,161 - INFO - === 跳过二进制文件处理，只更新data.json ===
2025-08-02 00:55:03,191 - INFO - 已更新data.json，添加了 3 个URL
2025-08-02 00:55:03,192 - INFO - 已创建每日报告: md/2025-08-02.md
2025-08-02 00:55:03,192 - INFO - === 执行完成 ===
2025-08-02 04:27:17,812 - INFO - === 开始执行微信文章归档工具 ===
2025-08-02 04:27:17,813 - INFO - 数据文件: data.json
2025-08-02 04:27:17,813 - INFO - 可执行文件: ./bin/wechatmp2markdown-v1.1.11_linux_amd64
2025-08-02 04:27:17,813 - INFO - 文档目录: doc
2025-08-02 04:27:17,844 - INFO - 已加载 17762 条历史记录
2025-08-02 04:27:17,844 - INFO - === 开始今日拉取 ===
2025-08-02 04:27:17,844 - INFO - 开始获取Doonsec RSS
2025-08-02 04:27:17,844 - INFO - 目标日期: 2025-08-02
2025-08-02 04:27:20,352 - INFO - Doonsec RSS请求成功
2025-08-02 04:27:20,354 - INFO - RSS中共有 200 个条目
2025-08-02 04:27:20,354 - INFO - Doonsec获取到 14 个2025-08-02的微信文章URL
2025-08-02 04:27:20,354 - INFO - ChainReactors md文件URL: https://raw.githubusercontent.com/chainreactors/picker/refs/heads/master/archive/daily/2025/2025-08-02.md
2025-08-02 04:27:20,389 - INFO - ChainReactors md文件下载状态码: 200
2025-08-02 04:27:20,391 - INFO - ChainReactors获取到 246 个URL
2025-08-02 04:27:20,391 - INFO - BruceFeIix md文件URL: https://raw.githubusercontent.com/BruceFeIix/picker/refs/heads/master/archive/daily/2025/2025-08-02.md
2025-08-02 04:27:20,423 - INFO - BruceFeIix md文件下载状态码: 200
2025-08-02 04:27:20,424 - INFO - BruceFeIix获取到 243 个URL
2025-08-02 04:27:20,424 - INFO - === 开始处理 2025-08-02 的数据 ===
2025-08-02 04:27:20,424 - INFO - Doonsec原始数据: 14 个
2025-08-02 04:27:20,424 - INFO - ChainReactors原始数据: 246 个
2025-08-02 04:27:20,424 - INFO - BruceFeIix原始数据: 243 个
2025-08-02 04:27:20,424 - INFO - 开始处理Doonsec数据...
2025-08-02 04:27:20,424 - INFO - 开始处理ChainReactors数据...
2025-08-02 04:27:20,425 - INFO - 开始处理BruceFeIix数据...
2025-08-02 04:27:20,425 - INFO - 去重后共 156 个URL待处理，跳过 347 个重复URL
2025-08-02 04:27:20,425 - INFO - 去重后统计 - Doonsec: 11 个, ChainReactors: 145 个, BruceFeIix: 0 个
2025-08-02 04:27:20,425 - INFO - === 开始关键词过滤 ===
2025-08-02 04:27:20,431 - INFO - 关键词过滤: 匹配 3 个，跳过 153 个
2025-08-02 04:27:20,431 - INFO - 关键词过滤后统计 - Doonsec: 0 个, ChainReactors: 3 个, BruceFeIix: 0 个
2025-08-02 04:27:20,465 - INFO - 已创建每日报告: md/2025-08-02.md
2025-08-02 04:27:20,465 - INFO - === 跳过二进制文件处理，只更新data.json ===
2025-08-02 04:27:20,495 - INFO - 已更新data.json，添加了 3 个URL
2025-08-02 04:27:20,495 - INFO - 已创建每日报告: md/2025-08-02.md
2025-08-02 04:27:20,495 - INFO - === 执行完成 ===
2025-08-02 08:14:02,442 - INFO - === 开始执行微信文章归档工具 ===
2025-08-02 08:14:02,443 - INFO - 数据文件: data.json
2025-08-02 08:14:02,443 - INFO - 可执行文件: ./bin/wechatmp2markdown-v1.1.11_linux_amd64
2025-08-02 08:14:02,443 - INFO - 文档目录: doc
2025-08-02 08:14:02,474 - INFO - 已加载 17765 条历史记录
2025-08-02 08:14:02,474 - INFO - === 开始今日拉取 ===
2025-08-02 08:14:02,475 - INFO - 开始获取Doonsec RSS
2025-08-02 08:14:02,475 - INFO - 目标日期: 2025-08-02
2025-08-02 08:14:04,247 - INFO - Doonsec RSS请求成功
2025-08-02 08:14:04,250 - INFO - RSS中共有 200 个条目
2025-08-02 08:14:04,251 - INFO - Doonsec获取到 25 个2025-08-02的微信文章URL
2025-08-02 08:14:04,251 - INFO - ChainReactors md文件URL: https://raw.githubusercontent.com/chainreactors/picker/refs/heads/master/archive/daily/2025/2025-08-02.md
2025-08-02 08:14:04,431 - INFO - ChainReactors md文件下载状态码: 200
2025-08-02 08:14:04,432 - INFO - ChainReactors获取到 246 个URL
2025-08-02 08:14:04,433 - INFO - BruceFeIix md文件URL: https://raw.githubusercontent.com/BruceFeIix/picker/refs/heads/master/archive/daily/2025/2025-08-02.md
2025-08-02 08:14:04,600 - INFO - BruceFeIix md文件下载状态码: 200
2025-08-02 08:14:04,601 - INFO - BruceFeIix获取到 243 个URL
2025-08-02 08:14:04,601 - INFO - === 开始处理 2025-08-02 的数据 ===
2025-08-02 08:14:04,602 - INFO - Doonsec原始数据: 25 个
2025-08-02 08:14:04,602 - INFO - ChainReactors原始数据: 246 个
2025-08-02 08:14:04,602 - INFO - BruceFeIix原始数据: 243 个
2025-08-02 08:14:04,602 - INFO - 开始处理Doonsec数据...
2025-08-02 08:14:04,602 - INFO - 开始处理ChainReactors数据...
2025-08-02 08:14:04,602 - INFO - 开始处理BruceFeIix数据...
2025-08-02 08:14:04,603 - INFO - 去重后共 164 个URL待处理，跳过 350 个重复URL
2025-08-02 08:14:04,603 - INFO - 去重后统计 - Doonsec: 22 个, ChainReactors: 142 个, BruceFeIix: 0 个
2025-08-02 08:14:04,603 - INFO - === 开始关键词过滤 ===
2025-08-02 08:14:04,609 - INFO - 关键词过滤: 匹配 6 个，跳过 158 个
2025-08-02 08:14:04,609 - INFO - 关键词过滤后统计 - Doonsec: 6 个, ChainReactors: 0 个, BruceFeIix: 0 个
2025-08-02 08:14:04,623 - INFO - 已创建每日报告: md/2025-08-02.md
2025-08-02 08:14:04,623 - INFO - === 跳过二进制文件处理，只更新data.json ===
2025-08-02 08:14:04,652 - INFO - 已更新data.json，添加了 6 个URL
2025-08-02 08:14:04,653 - INFO - 已创建每日报告: md/2025-08-02.md
2025-08-02 08:14:04,653 - INFO - === 执行完成 ===
2025-08-02 12:19:35,294 - INFO - === 开始执行微信文章归档工具 ===
2025-08-02 12:19:35,295 - INFO - 数据文件: data.json
2025-08-02 12:19:35,295 - INFO - 可执行文件: ./bin/wechatmp2markdown-v1.1.11_linux_amd64
2025-08-02 12:19:35,295 - INFO - 文档目录: doc
2025-08-02 12:19:35,325 - INFO - 已加载 17771 条历史记录
2025-08-02 12:19:35,325 - INFO - === 开始今日拉取 ===
2025-08-02 12:19:35,325 - INFO - 开始获取Doonsec RSS
2025-08-02 12:19:35,325 - INFO - 目标日期: 2025-08-02
2025-08-02 12:19:38,621 - INFO - Doonsec RSS请求成功
2025-08-02 12:19:38,623 - INFO - RSS中共有 200 个条目
2025-08-02 12:19:38,623 - INFO - Doonsec获取到 63 个2025-08-02的微信文章URL
2025-08-02 12:19:38,624 - INFO - ChainReactors md文件URL: https://raw.githubusercontent.com/chainreactors/picker/refs/heads/master/archive/daily/2025/2025-08-02.md
2025-08-02 12:19:38,652 - INFO - ChainReactors md文件下载状态码: 200
2025-08-02 12:19:38,653 - INFO - ChainReactors获取到 246 个URL
2025-08-02 12:19:38,653 - INFO - BruceFeIix md文件URL: https://raw.githubusercontent.com/BruceFeIix/picker/refs/heads/master/archive/daily/2025/2025-08-02.md
2025-08-02 12:19:38,684 - INFO - BruceFeIix md文件下载状态码: 200
2025-08-02 12:19:38,685 - INFO - BruceFeIix获取到 243 个URL
2025-08-02 12:19:38,686 - INFO - === 开始处理 2025-08-02 的数据 ===
2025-08-02 12:19:38,686 - INFO - Doonsec原始数据: 63 个
2025-08-02 12:19:38,686 - INFO - ChainReactors原始数据: 246 个
2025-08-02 12:19:38,686 - INFO - BruceFeIix原始数据: 243 个
2025-08-02 12:19:38,686 - INFO - 开始处理Doonsec数据...
2025-08-02 12:19:38,686 - INFO - 开始处理ChainReactors数据...
2025-08-02 12:19:38,686 - INFO - 开始处理BruceFeIix数据...
2025-08-02 12:19:38,687 - INFO - 去重后共 196 个URL待处理，跳过 356 个重复URL
2025-08-02 12:19:38,687 - INFO - 去重后统计 - Doonsec: 54 个, ChainReactors: 142 个, BruceFeIix: 0 个
2025-08-02 12:19:38,687 - INFO - === 开始关键词过滤 ===
2025-08-02 12:19:38,694 - INFO - 关键词过滤: 匹配 8 个，跳过 188 个
2025-08-02 12:19:38,694 - INFO - 关键词过滤后统计 - Doonsec: 8 个, ChainReactors: 0 个, BruceFeIix: 0 个
2025-08-02 12:19:38,706 - INFO - 已创建每日报告: md/2025-08-02.md
2025-08-02 12:19:38,706 - INFO - === 跳过二进制文件处理，只更新data.json ===
2025-08-02 12:19:38,736 - INFO - 已更新data.json，添加了 8 个URL
2025-08-02 12:19:38,737 - INFO - 已创建每日报告: md/2025-08-02.md
2025-08-02 12:19:38,737 - INFO - === 执行完成 ===
2025-08-02 16:12:24,587 - INFO - === 开始执行微信文章归档工具 ===
2025-08-02 16:12:24,588 - INFO - 数据文件: data.json
2025-08-02 16:12:24,588 - INFO - 可执行文件: ./bin/wechatmp2markdown-v1.1.11_linux_amd64
2025-08-02 16:12:24,588 - INFO - 文档目录: doc
2025-08-02 16:12:24,619 - INFO - 已加载 17779 条历史记录
2025-08-02 16:12:24,619 - INFO - === 开始今日拉取 ===
2025-08-02 16:12:24,619 - INFO - 开始获取Doonsec RSS
2025-08-02 16:12:24,619 - INFO - 目标日期: 2025-08-02
2025-08-02 16:12:26,357 - INFO - Doonsec RSS请求成功
2025-08-02 16:12:26,359 - INFO - RSS中共有 200 个条目
2025-08-02 16:12:26,359 - INFO - Doonsec获取到 100 个2025-08-02的微信文章URL
2025-08-02 16:12:26,360 - INFO - ChainReactors md文件URL: https://raw.githubusercontent.com/chainreactors/picker/refs/heads/master/archive/daily/2025/2025-08-02.md
2025-08-02 16:12:26,501 - INFO - ChainReactors md文件下载状态码: 200
2025-08-02 16:12:26,503 - INFO - ChainReactors获取到 246 个URL
2025-08-02 16:12:26,503 - INFO - BruceFeIix md文件URL: https://raw.githubusercontent.com/BruceFeIix/picker/refs/heads/master/archive/daily/2025/2025-08-02.md
2025-08-02 16:12:26,660 - INFO - BruceFeIix md文件下载状态码: 200
2025-08-02 16:12:26,661 - INFO - BruceFeIix获取到 243 个URL
2025-08-02 16:12:26,661 - INFO - === 开始处理 2025-08-02 的数据 ===
2025-08-02 16:12:26,661 - INFO - Doonsec原始数据: 100 个
2025-08-02 16:12:26,661 - INFO - ChainReactors原始数据: 246 个
2025-08-02 16:12:26,661 - INFO - BruceFeIix原始数据: 243 个
2025-08-02 16:12:26,661 - INFO - 开始处理Doonsec数据...
2025-08-02 16:12:26,662 - INFO - 开始处理ChainReactors数据...
2025-08-02 16:12:26,662 - INFO - 开始处理BruceFeIix数据...
2025-08-02 16:12:26,662 - INFO - 去重后共 225 个URL待处理，跳过 364 个重复URL
2025-08-02 16:12:26,662 - INFO - 去重后统计 - Doonsec: 83 个, ChainReactors: 142 个, BruceFeIix: 0 个
2025-08-02 16:12:26,662 - INFO - === 开始关键词过滤 ===
2025-08-02 16:12:26,670 - INFO - 关键词过滤: 匹配 6 个，跳过 219 个
2025-08-02 16:12:26,670 - INFO - 关键词过滤后统计 - Doonsec: 6 个, ChainReactors: 0 个, BruceFeIix: 0 个
2025-08-02 16:12:26,714 - INFO - 已创建每日报告: md/2025-08-02.md
2025-08-02 16:12:26,714 - INFO - === 跳过二进制文件处理，只更新data.json ===
2025-08-02 16:12:26,744 - INFO - 已更新data.json，添加了 6 个URL
2025-08-02 16:12:26,744 - INFO - 已创建每日报告: md/2025-08-02.md
2025-08-02 16:12:26,744 - INFO - === 执行完成 ===
2025-08-02 20:11:15,171 - INFO - === 开始执行微信文章归档工具 ===
2025-08-02 20:11:15,172 - INFO - 数据文件: data.json
2025-08-02 20:11:15,172 - INFO - 可执行文件: ./bin/wechatmp2markdown-v1.1.11_linux_amd64
2025-08-02 20:11:15,172 - INFO - 文档目录: doc
2025-08-02 20:11:15,203 - INFO - 已加载 17785 条历史记录
2025-08-02 20:11:15,203 - INFO - === 开始今日拉取 ===
2025-08-02 20:11:15,203 - INFO - 开始获取Doonsec RSS
2025-08-02 20:11:15,203 - INFO - 目标日期: 2025-08-02
2025-08-02 20:11:18,109 - INFO - Doonsec RSS请求成功
2025-08-02 20:11:18,111 - INFO - RSS中共有 200 个条目
2025-08-02 20:11:18,111 - INFO - Doonsec获取到 117 个2025-08-02的微信文章URL
2025-08-02 20:11:18,112 - INFO - ChainReactors md文件URL: https://raw.githubusercontent.com/chainreactors/picker/refs/heads/master/archive/daily/2025/2025-08-02.md
2025-08-02 20:11:18,205 - INFO - ChainReactors md文件下载状态码: 200
2025-08-02 20:11:18,207 - INFO - ChainReactors获取到 246 个URL
2025-08-02 20:11:18,207 - INFO - BruceFeIix md文件URL: https://raw.githubusercontent.com/BruceFeIix/picker/refs/heads/master/archive/daily/2025/2025-08-02.md
2025-08-02 20:11:18,291 - INFO - BruceFeIix md文件下载状态码: 200
2025-08-02 20:11:18,292 - INFO - BruceFeIix获取到 243 个URL
2025-08-02 20:11:18,292 - INFO - === 开始处理 2025-08-02 的数据 ===
2025-08-02 20:11:18,292 - INFO - Doonsec原始数据: 117 个
2025-08-02 20:11:18,292 - INFO - ChainReactors原始数据: 246 个
2025-08-02 20:11:18,292 - INFO - BruceFeIix原始数据: 243 个
2025-08-02 20:11:18,292 - INFO - 开始处理Doonsec数据...
2025-08-02 20:11:18,293 - INFO - 开始处理ChainReactors数据...
2025-08-02 20:11:18,293 - INFO - 开始处理BruceFeIix数据...
2025-08-02 20:11:18,293 - INFO - 去重后共 235 个URL待处理，跳过 371 个重复URL
2025-08-02 20:11:18,293 - INFO - 去重后统计 - Doonsec: 94 个, ChainReactors: 141 个, BruceFeIix: 0 个
2025-08-02 20:11:18,293 - INFO - === 开始关键词过滤 ===
2025-08-02 20:11:18,302 - INFO - 关键词过滤: 匹配 5 个，跳过 230 个
2025-08-02 20:11:18,302 - INFO - 关键词过滤后统计 - Doonsec: 5 个, ChainReactors: 0 个, BruceFeIix: 0 个
2025-08-02 20:11:18,316 - INFO - 已创建每日报告: md/2025-08-02.md
2025-08-02 20:11:18,316 - INFO - === 跳过二进制文件处理，只更新data.json ===
2025-08-02 20:11:18,346 - INFO - 已更新data.json，添加了 5 个URL
2025-08-02 20:11:18,346 - INFO - 已创建每日报告: md/2025-08-02.md
2025-08-02 20:11:18,346 - INFO - === 执行完成 ===
2025-08-03 01:03:11,738 - INFO - === 开始执行微信文章归档工具 ===
2025-08-03 01:03:11,739 - INFO - 数据文件: data.json
2025-08-03 01:03:11,739 - INFO - 可执行文件: ./bin/wechatmp2markdown-v1.1.11_linux_amd64
2025-08-03 01:03:11,739 - INFO - 文档目录: doc
2025-08-03 01:03:11,770 - INFO - 已加载 17790 条历史记录
2025-08-03 01:03:11,770 - INFO - === 开始今日拉取 ===
2025-08-03 01:03:11,770 - INFO - 开始获取Doonsec RSS
2025-08-03 01:03:11,770 - INFO - 目标日期: 2025-08-03
2025-08-03 01:03:14,764 - INFO - Doonsec RSS请求成功
2025-08-03 01:03:14,765 - INFO - RSS中共有 200 个条目
2025-08-03 01:03:14,765 - INFO - Doonsec获取到 14 个2025-08-03的微信文章URL
2025-08-03 01:03:14,766 - INFO - ChainReactors md文件URL: https://raw.githubusercontent.com/chainreactors/picker/refs/heads/master/archive/daily/2025/2025-08-03.md
2025-08-03 01:03:14,826 - INFO - ChainReactors md文件下载状态码: 404
2025-08-03 01:03:14,826 - WARNING - ChainReactors md文件下载失败: https://raw.githubusercontent.com/chainreactors/picker/refs/heads/master/archive/daily/2025/2025-08-03.md 状态码: 404
2025-08-03 01:03:14,826 - INFO - BruceFeIix md文件URL: https://raw.githubusercontent.com/BruceFeIix/picker/refs/heads/master/archive/daily/2025/2025-08-03.md
2025-08-03 01:03:14,880 - INFO - BruceFeIix md文件下载状态码: 404
2025-08-03 01:03:14,880 - WARNING - BruceFeIix md文件下载失败: https://raw.githubusercontent.com/BruceFeIix/picker/refs/heads/master/archive/daily/2025/2025-08-03.md 状态码: 404
2025-08-03 01:03:14,880 - INFO - === 开始处理 2025-08-03 的数据 ===
2025-08-03 01:03:14,880 - INFO - Doonsec原始数据: 14 个
2025-08-03 01:03:14,880 - INFO - ChainReactors原始数据: 0 个
2025-08-03 01:03:14,880 - INFO - BruceFeIix原始数据: 0 个
2025-08-03 01:03:14,880 - INFO - 开始处理Doonsec数据...
2025-08-03 01:03:14,880 - INFO - 开始处理ChainReactors数据...
2025-08-03 01:03:14,880 - INFO - 开始处理BruceFeIix数据...
2025-08-03 01:03:14,880 - INFO - 去重后共 14 个URL待处理，跳过 0 个重复URL
2025-08-03 01:03:14,880 - INFO - 去重后统计 - Doonsec: 14 个, ChainReactors: 0 个, BruceFeIix: 0 个
2025-08-03 01:03:14,880 - INFO - === 开始关键词过滤 ===
2025-08-03 01:03:14,881 - INFO - 关键词过滤: 匹配 2 个，跳过 12 个
2025-08-03 01:03:14,881 - INFO - 关键词过滤后统计 - Doonsec: 2 个, ChainReactors: 0 个, BruceFeIix: 0 个
2025-08-03 01:03:14,889 - INFO - 已创建每日报告: md/2025-08-03.md
2025-08-03 01:03:14,889 - INFO - === 跳过二进制文件处理，只更新data.json ===
2025-08-03 01:03:14,921 - INFO - 已更新data.json，添加了 2 个URL
2025-08-03 01:03:14,922 - INFO - 已创建每日报告: md/2025-08-03.md
2025-08-03 01:03:14,922 - INFO - === 执行完成 ===
2025-08-03 04:39:59,230 - INFO - === 开始执行微信文章归档工具 ===
2025-08-03 04:39:59,231 - INFO - 数据文件: data.json
2025-08-03 04:39:59,231 - INFO - 可执行文件: ./bin/wechatmp2markdown-v1.1.11_linux_amd64
2025-08-03 04:39:59,231 - INFO - 文档目录: doc
2025-08-03 04:39:59,264 - INFO - 已加载 17792 条历史记录
2025-08-03 04:39:59,264 - INFO - === 开始今日拉取 ===
2025-08-03 04:39:59,265 - INFO - 开始获取Doonsec RSS
2025-08-03 04:39:59,265 - INFO - 目标日期: 2025-08-03
2025-08-03 04:40:00,783 - INFO - Doonsec RSS请求成功
2025-08-03 04:40:00,786 - INFO - RSS中共有 200 个条目
2025-08-03 04:40:00,786 - INFO - Doonsec获取到 63 个2025-08-03的微信文章URL
2025-08-03 04:40:00,787 - INFO - ChainReactors md文件URL: https://raw.githubusercontent.com/chainreactors/picker/refs/heads/master/archive/daily/2025/2025-08-03.md
2025-08-03 04:40:00,869 - INFO - ChainReactors md文件下载状态码: 200
2025-08-03 04:40:00,870 - INFO - ChainReactors获取到 146 个URL
2025-08-03 04:40:00,870 - INFO - BruceFeIix md文件URL: https://raw.githubusercontent.com/BruceFeIix/picker/refs/heads/master/archive/daily/2025/2025-08-03.md
2025-08-03 04:40:00,943 - INFO - BruceFeIix md文件下载状态码: 200
2025-08-03 04:40:00,944 - INFO - BruceFeIix获取到 146 个URL
2025-08-03 04:40:00,944 - INFO - === 开始处理 2025-08-03 的数据 ===
2025-08-03 04:40:00,944 - INFO - Doonsec原始数据: 63 个
2025-08-03 04:40:00,944 - INFO - ChainReactors原始数据: 146 个
2025-08-03 04:40:00,944 - INFO - BruceFeIix原始数据: 146 个
2025-08-03 04:40:00,944 - INFO - 开始处理Doonsec数据...
2025-08-03 04:40:00,944 - INFO - 开始处理ChainReactors数据...
2025-08-03 04:40:00,945 - INFO - 开始处理BruceFeIix数据...
2025-08-03 04:40:00,945 - INFO - 去重后共 166 个URL待处理，跳过 189 个重复URL
2025-08-03 04:40:00,945 - INFO - 去重后统计 - Doonsec: 61 个, ChainReactors: 105 个, BruceFeIix: 0 个
2025-08-03 04:40:00,945 - INFO - === 开始关键词过滤 ===
2025-08-03 04:40:00,951 - INFO - 关键词过滤: 匹配 17 个，跳过 149 个
2025-08-03 04:40:00,951 - INFO - 关键词过滤后统计 - Doonsec: 11 个, ChainReactors: 6 个, BruceFeIix: 0 个
2025-08-03 04:40:00,970 - INFO - 已创建每日报告: md/2025-08-03.md
2025-08-03 04:40:00,970 - INFO - === 跳过二进制文件处理，只更新data.json ===
2025-08-03 04:40:01,000 - INFO - 已更新data.json，添加了 17 个URL
2025-08-03 04:40:01,001 - INFO - 已创建每日报告: md/2025-08-03.md
2025-08-03 04:40:01,001 - INFO - === 执行完成 ===
2025-08-03 08:13:59,938 - INFO - === 开始执行微信文章归档工具 ===
2025-08-03 08:13:59,939 - INFO - 数据文件: data.json
2025-08-03 08:13:59,939 - INFO - 可执行文件: ./bin/wechatmp2markdown-v1.1.11_linux_amd64
2025-08-03 08:13:59,939 - INFO - 文档目录: doc
2025-08-03 08:13:59,972 - INFO - 已加载 17809 条历史记录
2025-08-03 08:13:59,972 - INFO - === 开始今日拉取 ===
2025-08-03 08:13:59,972 - INFO - 开始获取Doonsec RSS
2025-08-03 08:13:59,972 - INFO - 目标日期: 2025-08-03
2025-08-03 08:14:02,118 - INFO - Doonsec RSS请求成功
2025-08-03 08:14:02,120 - INFO - RSS中共有 200 个条目
2025-08-03 08:14:02,121 - INFO - Doonsec获取到 98 个2025-08-03的微信文章URL
2025-08-03 08:14:02,122 - INFO - ChainReactors md文件URL: https://raw.githubusercontent.com/chainreactors/picker/refs/heads/master/archive/daily/2025/2025-08-03.md
2025-08-03 08:14:02,136 - INFO - ChainReactors md文件下载状态码: 200
2025-08-03 08:14:02,137 - INFO - ChainReactors获取到 146 个URL
2025-08-03 08:14:02,138 - INFO - BruceFeIix md文件URL: https://raw.githubusercontent.com/BruceFeIix/picker/refs/heads/master/archive/daily/2025/2025-08-03.md
2025-08-03 08:14:02,150 - INFO - BruceFeIix md文件下载状态码: 200
2025-08-03 08:14:02,150 - INFO - BruceFeIix获取到 146 个URL
2025-08-03 08:14:02,150 - INFO - === 开始处理 2025-08-03 的数据 ===
2025-08-03 08:14:02,150 - INFO - Doonsec原始数据: 98 个
2025-08-03 08:14:02,150 - INFO - ChainReactors原始数据: 146 个
2025-08-03 08:14:02,150 - INFO - BruceFeIix原始数据: 146 个
2025-08-03 08:14:02,150 - INFO - 开始处理Doonsec数据...
2025-08-03 08:14:02,151 - INFO - 开始处理ChainReactors数据...
2025-08-03 08:14:02,151 - INFO - 开始处理BruceFeIix数据...
2025-08-03 08:14:02,151 - INFO - 去重后共 184 个URL待处理，跳过 206 个重复URL
2025-08-03 08:14:02,151 - INFO - 去重后统计 - Doonsec: 85 个, ChainReactors: 99 个, BruceFeIix: 0 个
2025-08-03 08:14:02,151 - INFO - === 开始关键词过滤 ===
2025-08-03 08:14:02,158 - INFO - 关键词过滤: 匹配 8 个，跳过 176 个
2025-08-03 08:14:02,158 - INFO - 关键词过滤后统计 - Doonsec: 8 个, ChainReactors: 0 个, BruceFeIix: 0 个
2025-08-03 08:14:02,173 - INFO - 已创建每日报告: md/2025-08-03.md
2025-08-03 08:14:02,173 - INFO - === 跳过二进制文件处理，只更新data.json ===
2025-08-03 08:14:02,202 - INFO - 已更新data.json，添加了 8 个URL
2025-08-03 08:14:02,203 - INFO - 已创建每日报告: md/2025-08-03.md
2025-08-03 08:14:02,203 - INFO - === 执行完成 ===
2025-08-03 12:19:58,547 - INFO - === 开始执行微信文章归档工具 ===
2025-08-03 12:19:58,548 - INFO - 数据文件: data.json
2025-08-03 12:19:58,548 - INFO - 可执行文件: ./bin/wechatmp2markdown-v1.1.11_linux_amd64
2025-08-03 12:19:58,548 - INFO - 文档目录: doc
2025-08-03 12:19:58,579 - INFO - 已加载 17817 条历史记录
2025-08-03 12:19:58,580 - INFO - === 开始今日拉取 ===
2025-08-03 12:19:58,580 - INFO - 开始获取Doonsec RSS
2025-08-03 12:19:58,580 - INFO - 目标日期: 2025-08-03
2025-08-03 12:20:01,254 - INFO - Doonsec RSS请求成功
2025-08-03 12:20:01,257 - INFO - RSS中共有 200 个条目
2025-08-03 12:20:01,258 - INFO - Doonsec获取到 139 个2025-08-03的微信文章URL
2025-08-03 12:20:01,258 - INFO - ChainReactors md文件URL: https://raw.githubusercontent.com/chainreactors/picker/refs/heads/master/archive/daily/2025/2025-08-03.md
2025-08-03 12:20:01,270 - INFO - ChainReactors md文件下载状态码: 200
2025-08-03 12:20:01,271 - INFO - ChainReactors获取到 146 个URL
2025-08-03 12:20:01,271 - INFO - BruceFeIix md文件URL: https://raw.githubusercontent.com/BruceFeIix/picker/refs/heads/master/archive/daily/2025/2025-08-03.md
2025-08-03 12:20:01,281 - INFO - BruceFeIix md文件下载状态码: 200
2025-08-03 12:20:01,281 - INFO - BruceFeIix获取到 146 个URL
2025-08-03 12:20:01,281 - INFO - === 开始处理 2025-08-03 的数据 ===
2025-08-03 12:20:01,282 - INFO - Doonsec原始数据: 139 个
2025-08-03 12:20:01,282 - INFO - ChainReactors原始数据: 146 个
2025-08-03 12:20:01,282 - INFO - BruceFeIix原始数据: 146 个
2025-08-03 12:20:01,282 - INFO - 开始处理Doonsec数据...
2025-08-03 12:20:01,282 - INFO - 开始处理ChainReactors数据...
2025-08-03 12:20:01,282 - INFO - 开始处理BruceFeIix数据...
2025-08-03 12:20:01,283 - INFO - 去重后共 217 个URL待处理，跳过 214 个重复URL
2025-08-03 12:20:01,283 - INFO - 去重后统计 - Doonsec: 118 个, ChainReactors: 99 个, BruceFeIix: 0 个
2025-08-03 12:20:01,283 - INFO - === 开始关键词过滤 ===
2025-08-03 12:20:01,291 - INFO - 关键词过滤: 匹配 10 个，跳过 207 个
2025-08-03 12:20:01,291 - INFO - 关键词过滤后统计 - Doonsec: 10 个, ChainReactors: 0 个, BruceFeIix: 0 个
2025-08-03 12:20:01,304 - INFO - 已创建每日报告: md/2025-08-03.md
2025-08-03 12:20:01,304 - INFO - === 跳过二进制文件处理，只更新data.json ===
2025-08-03 12:20:01,334 - INFO - 已更新data.json，添加了 10 个URL
2025-08-03 12:20:01,334 - INFO - 已创建每日报告: md/2025-08-03.md
2025-08-03 12:20:01,334 - INFO - === 执行完成 ===
2025-08-03 16:12:32,088 - INFO - === 开始执行微信文章归档工具 ===
2025-08-03 16:12:32,089 - INFO - 数据文件: data.json
2025-08-03 16:12:32,089 - INFO - 可执行文件: ./bin/wechatmp2markdown-v1.1.11_linux_amd64
2025-08-03 16:12:32,089 - INFO - 文档目录: doc
2025-08-03 16:12:32,120 - INFO - 已加载 17827 条历史记录
2025-08-03 16:12:32,121 - INFO - === 开始今日拉取 ===
2025-08-03 16:12:32,121 - INFO - 开始获取Doonsec RSS
2025-08-03 16:12:32,121 - INFO - 目标日期: 2025-08-03
2025-08-03 16:12:35,839 - INFO - Doonsec RSS请求成功
2025-08-03 16:12:35,841 - INFO - RSS中共有 200 个条目
2025-08-03 16:12:35,841 - INFO - Doonsec获取到 175 个2025-08-03的微信文章URL
2025-08-03 16:12:35,842 - INFO - ChainReactors md文件URL: https://raw.githubusercontent.com/chainreactors/picker/refs/heads/master/archive/daily/2025/2025-08-03.md
2025-08-03 16:12:35,859 - INFO - ChainReactors md文件下载状态码: 200
2025-08-03 16:12:35,859 - INFO - ChainReactors获取到 146 个URL
2025-08-03 16:12:35,860 - INFO - BruceFeIix md文件URL: https://raw.githubusercontent.com/BruceFeIix/picker/refs/heads/master/archive/daily/2025/2025-08-03.md
2025-08-03 16:12:35,871 - INFO - BruceFeIix md文件下载状态码: 200
2025-08-03 16:12:35,872 - INFO - BruceFeIix获取到 146 个URL
2025-08-03 16:12:35,872 - INFO - === 开始处理 2025-08-03 的数据 ===
2025-08-03 16:12:35,872 - INFO - Doonsec原始数据: 175 个
2025-08-03 16:12:35,872 - INFO - ChainReactors原始数据: 146 个
2025-08-03 16:12:35,872 - INFO - BruceFeIix原始数据: 146 个
2025-08-03 16:12:35,872 - INFO - 开始处理Doonsec数据...
2025-08-03 16:12:35,872 - INFO - 开始处理ChainReactors数据...
2025-08-03 16:12:35,872 - INFO - 开始处理BruceFeIix数据...
2025-08-03 16:12:35,873 - INFO - 去重后共 243 个URL待处理，跳过 224 个重复URL
2025-08-03 16:12:35,873 - INFO - 去重后统计 - Doonsec: 144 个, ChainReactors: 99 个, BruceFeIix: 0 个
2025-08-03 16:12:35,873 - INFO - === 开始关键词过滤 ===
2025-08-03 16:12:35,881 - INFO - 关键词过滤: 匹配 3 个，跳过 240 个
2025-08-03 16:12:35,881 - INFO - 关键词过滤后统计 - Doonsec: 3 个, ChainReactors: 0 个, BruceFeIix: 0 个
2025-08-03 16:12:35,897 - INFO - 已创建每日报告: md/2025-08-03.md
2025-08-03 16:12:35,897 - INFO - === 跳过二进制文件处理，只更新data.json ===
2025-08-03 16:12:35,927 - INFO - 已更新data.json，添加了 3 个URL
2025-08-03 16:12:35,927 - INFO - 已创建每日报告: md/2025-08-03.md
2025-08-03 16:12:35,927 - INFO - === 执行完成 ===
2025-08-03 20:12:09,303 - INFO - === 开始执行微信文章归档工具 ===
2025-08-03 20:12:09,304 - INFO - 数据文件: data.json
2025-08-03 20:12:09,304 - INFO - 可执行文件: ./bin/wechatmp2markdown-v1.1.11_linux_amd64
2025-08-03 20:12:09,304 - INFO - 文档目录: doc
2025-08-03 20:12:09,336 - INFO - 已加载 17830 条历史记录
2025-08-03 20:12:09,336 - INFO - === 开始今日拉取 ===
2025-08-03 20:12:09,336 - INFO - 开始获取Doonsec RSS
2025-08-03 20:12:09,336 - INFO - 目标日期: 2025-08-03
2025-08-03 20:12:10,876 - INFO - Doonsec RSS请求成功
2025-08-03 20:12:10,878 - INFO - RSS中共有 200 个条目
2025-08-03 20:12:10,879 - INFO - Doonsec获取到 175 个2025-08-03的微信文章URL
2025-08-03 20:12:10,879 - INFO - ChainReactors md文件URL: https://raw.githubusercontent.com/chainreactors/picker/refs/heads/master/archive/daily/2025/2025-08-03.md
2025-08-03 20:12:11,042 - INFO - ChainReactors md文件下载状态码: 200
2025-08-03 20:12:11,043 - INFO - ChainReactors获取到 146 个URL
2025-08-03 20:12:11,043 - INFO - BruceFeIix md文件URL: https://raw.githubusercontent.com/BruceFeIix/picker/refs/heads/master/archive/daily/2025/2025-08-03.md
2025-08-03 20:12:11,145 - INFO - BruceFeIix md文件下载状态码: 200
2025-08-03 20:12:11,146 - INFO - BruceFeIix获取到 146 个URL
2025-08-03 20:12:11,146 - INFO - === 开始处理 2025-08-03 的数据 ===
2025-08-03 20:12:11,146 - INFO - Doonsec原始数据: 175 个
2025-08-03 20:12:11,146 - INFO - ChainReactors原始数据: 146 个
2025-08-03 20:12:11,146 - INFO - BruceFeIix原始数据: 146 个
2025-08-03 20:12:11,146 - INFO - 开始处理Doonsec数据...
2025-08-03 20:12:11,146 - INFO - 开始处理ChainReactors数据...
2025-08-03 20:12:11,147 - INFO - 开始处理BruceFeIix数据...
2025-08-03 20:12:11,147 - INFO - 去重后共 240 个URL待处理，跳过 227 个重复URL
2025-08-03 20:12:11,147 - INFO - 去重后统计 - Doonsec: 141 个, ChainReactors: 99 个, BruceFeIix: 0 个
2025-08-03 20:12:11,147 - INFO - === 开始关键词过滤 ===
2025-08-03 20:12:11,155 - INFO - 关键词过滤: 匹配 0 个，跳过 240 个
2025-08-03 20:12:11,155 - INFO - 关键词过滤后统计 - Doonsec: 0 个, ChainReactors: 0 个, BruceFeIix: 0 个
2025-08-03 20:12:11,155 - INFO - === 跳过二进制文件处理，只更新data.json ===
2025-08-03 20:12:11,185 - INFO - 已更新data.json，添加了 0 个URL
2025-08-03 20:12:11,185 - INFO - === 执行完成 ===
2025-08-04 01:02:15,021 - INFO - === 开始执行微信文章归档工具 ===
2025-08-04 01:02:15,022 - INFO - 数据文件: data.json
2025-08-04 01:02:15,022 - INFO - 可执行文件: ./bin/wechatmp2markdown-v1.1.11_linux_amd64
2025-08-04 01:02:15,022 - INFO - 文档目录: doc
2025-08-04 01:02:15,052 - INFO - 已加载 17830 条历史记录
2025-08-04 01:02:15,053 - INFO - === 开始今日拉取 ===
2025-08-04 01:02:15,053 - INFO - 开始获取Doonsec RSS
2025-08-04 01:02:15,053 - INFO - 目标日期: 2025-08-04
2025-08-04 01:02:17,122 - INFO - Doonsec RSS请求成功
2025-08-04 01:02:17,125 - INFO - RSS中共有 200 个条目
2025-08-04 01:02:17,125 - INFO - Doonsec获取到 69 个2025-08-04的微信文章URL
2025-08-04 01:02:17,126 - INFO - ChainReactors md文件URL: https://raw.githubusercontent.com/chainreactors/picker/refs/heads/master/archive/daily/2025/2025-08-04.md
2025-08-04 01:02:17,193 - INFO - ChainReactors md文件下载状态码: 404
2025-08-04 01:02:17,193 - WARNING - ChainReactors md文件下载失败: https://raw.githubusercontent.com/chainreactors/picker/refs/heads/master/archive/daily/2025/2025-08-04.md 状态码: 404
2025-08-04 01:02:17,194 - INFO - BruceFeIix md文件URL: https://raw.githubusercontent.com/BruceFeIix/picker/refs/heads/master/archive/daily/2025/2025-08-04.md
2025-08-04 01:02:17,247 - INFO - BruceFeIix md文件下载状态码: 404
2025-08-04 01:02:17,247 - WARNING - BruceFeIix md文件下载失败: https://raw.githubusercontent.com/BruceFeIix/picker/refs/heads/master/archive/daily/2025/2025-08-04.md 状态码: 404
2025-08-04 01:02:17,247 - INFO - === 开始处理 2025-08-04 的数据 ===
2025-08-04 01:02:17,247 - INFO - Doonsec原始数据: 69 个
2025-08-04 01:02:17,247 - INFO - ChainReactors原始数据: 0 个
2025-08-04 01:02:17,247 - INFO - BruceFeIix原始数据: 0 个
2025-08-04 01:02:17,247 - INFO - 开始处理Doonsec数据...
2025-08-04 01:02:17,247 - INFO - 开始处理ChainReactors数据...
2025-08-04 01:02:17,247 - INFO - 开始处理BruceFeIix数据...
2025-08-04 01:02:17,247 - INFO - 去重后共 69 个URL待处理，跳过 0 个重复URL
2025-08-04 01:02:17,247 - INFO - 去重后统计 - Doonsec: 69 个, ChainReactors: 0 个, BruceFeIix: 0 个
2025-08-04 01:02:17,247 - INFO - === 开始关键词过滤 ===
2025-08-04 01:02:17,250 - INFO - 关键词过滤: 匹配 19 个，跳过 50 个
2025-08-04 01:02:17,250 - INFO - 关键词过滤后统计 - Doonsec: 19 个, ChainReactors: 0 个, BruceFeIix: 0 个
2025-08-04 01:02:17,311 - INFO - 已创建每日报告: md/2025-08-04.md
2025-08-04 01:02:17,311 - INFO - === 跳过二进制文件处理，只更新data.json ===
2025-08-04 01:02:17,342 - INFO - 已更新data.json，添加了 19 个URL
2025-08-04 01:02:17,342 - INFO - 已创建每日报告: md/2025-08-04.md
2025-08-04 01:02:17,342 - INFO - === 执行完成 ===
2025-08-04 04:49:08,611 - INFO - === 开始执行微信文章归档工具 ===
2025-08-04 04:49:08,612 - INFO - 数据文件: data.json
2025-08-04 04:49:08,612 - INFO - 可执行文件: ./bin/wechatmp2markdown-v1.1.11_linux_amd64
2025-08-04 04:49:08,612 - INFO - 文档目录: doc
2025-08-04 04:49:08,645 - INFO - 已加载 17849 条历史记录
2025-08-04 04:49:08,645 - INFO - === 开始今日拉取 ===
2025-08-04 04:49:08,645 - INFO - 开始获取Doonsec RSS
2025-08-04 04:49:08,645 - INFO - 目标日期: 2025-08-04
2025-08-04 04:49:15,407 - INFO - Doonsec RSS请求成功
2025-08-04 04:49:15,409 - INFO - RSS中共有 200 个条目
2025-08-04 04:49:15,410 - INFO - Doonsec获取到 154 个2025-08-04的微信文章URL
2025-08-04 04:49:15,410 - INFO - ChainReactors md文件URL: https://raw.githubusercontent.com/chainreactors/picker/refs/heads/master/archive/daily/2025/2025-08-04.md
2025-08-04 04:49:15,444 - INFO - ChainReactors md文件下载状态码: 200
2025-08-04 04:49:15,445 - INFO - ChainReactors获取到 78 个URL
2025-08-04 04:49:15,445 - INFO - BruceFeIix md文件URL: https://raw.githubusercontent.com/BruceFeIix/picker/refs/heads/master/archive/daily/2025/2025-08-04.md
2025-08-04 04:49:15,481 - INFO - BruceFeIix md文件下载状态码: 200
2025-08-04 04:49:15,482 - INFO - BruceFeIix获取到 77 个URL
2025-08-04 04:49:15,482 - INFO - === 开始处理 2025-08-04 的数据 ===
2025-08-04 04:49:15,482 - INFO - Doonsec原始数据: 154 个
2025-08-04 04:49:15,482 - INFO - ChainReactors原始数据: 78 个
2025-08-04 04:49:15,482 - INFO - BruceFeIix原始数据: 77 个
2025-08-04 04:49:15,482 - INFO - 开始处理Doonsec数据...
2025-08-04 04:49:15,482 - INFO - 开始处理ChainReactors数据...
2025-08-04 04:49:15,483 - INFO - 开始处理BruceFeIix数据...
2025-08-04 04:49:15,483 - INFO - 去重后共 191 个URL待处理，跳过 118 个重复URL
2025-08-04 04:49:15,483 - INFO - 去重后统计 - Doonsec: 135 个, ChainReactors: 56 个, BruceFeIix: 0 个
2025-08-04 04:49:15,483 - INFO - === 开始关键词过滤 ===
2025-08-04 04:49:15,489 - INFO - 关键词过滤: 匹配 34 个，跳过 157 个
2025-08-04 04:49:15,489 - INFO - 关键词过滤后统计 - Doonsec: 33 个, ChainReactors: 1 个, BruceFeIix: 0 个
2025-08-04 04:49:15,502 - INFO - 已创建每日报告: md/2025-08-04.md
2025-08-04 04:49:15,502 - INFO - === 跳过二进制文件处理，只更新data.json ===
2025-08-04 04:49:15,532 - INFO - 已更新data.json，添加了 34 个URL
2025-08-04 04:49:15,551 - INFO - 已创建每日报告: md/2025-08-04.md
2025-08-04 04:49:15,551 - INFO - === 执行完成 ===
2025-08-04 08:17:30,217 - INFO - === 开始执行微信文章归档工具 ===
2025-08-04 08:17:30,218 - INFO - 数据文件: data.json
2025-08-04 08:17:30,218 - INFO - 可执行文件: ./bin/wechatmp2markdown-v1.1.11_linux_amd64
2025-08-04 08:17:30,218 - INFO - 文档目录: doc
2025-08-04 08:17:30,250 - INFO - 已加载 17883 条历史记录
2025-08-04 08:17:30,250 - INFO - === 开始今日拉取 ===
2025-08-04 08:17:30,250 - INFO - 开始获取Doonsec RSS
2025-08-04 08:17:30,250 - INFO - 目标日期: 2025-08-04
2025-08-04 08:17:32,555 - INFO - Doonsec RSS请求成功
2025-08-04 08:17:32,557 - INFO - RSS中共有 200 个条目
2025-08-04 08:17:32,557 - INFO - Doonsec获取到 200 个2025-08-04的微信文章URL
2025-08-04 08:17:32,557 - INFO - ChainReactors md文件URL: https://raw.githubusercontent.com/chainreactors/picker/refs/heads/master/archive/daily/2025/2025-08-04.md
2025-08-04 08:17:32,667 - INFO - ChainReactors md文件下载状态码: 200
2025-08-04 08:17:32,668 - INFO - ChainReactors获取到 78 个URL
2025-08-04 08:17:32,668 - INFO - BruceFeIix md文件URL: https://raw.githubusercontent.com/BruceFeIix/picker/refs/heads/master/archive/daily/2025/2025-08-04.md
2025-08-04 08:17:32,782 - INFO - BruceFeIix md文件下载状态码: 200
2025-08-04 08:17:32,783 - INFO - BruceFeIix获取到 77 个URL
2025-08-04 08:17:32,783 - INFO - === 开始处理 2025-08-04 的数据 ===
2025-08-04 08:17:32,783 - INFO - Doonsec原始数据: 200 个
2025-08-04 08:17:32,783 - INFO - ChainReactors原始数据: 78 个
2025-08-04 08:17:32,783 - INFO - BruceFeIix原始数据: 77 个
2025-08-04 08:17:32,783 - INFO - 开始处理Doonsec数据...
2025-08-04 08:17:32,783 - INFO - 开始处理ChainReactors数据...
2025-08-04 08:17:32,784 - INFO - 开始处理BruceFeIix数据...
2025-08-04 08:17:32,784 - INFO - 去重后共 213 个URL待处理，跳过 142 个重复URL
2025-08-04 08:17:32,784 - INFO - 去重后统计 - Doonsec: 156 个, ChainReactors: 57 个, BruceFeIix: 0 个
2025-08-04 08:17:32,784 - INFO - === 开始关键词过滤 ===
2025-08-04 08:17:32,791 - INFO - 关键词过滤: 匹配 29 个，跳过 184 个
2025-08-04 08:17:32,791 - INFO - 关键词过滤后统计 - Doonsec: 29 个, ChainReactors: 0 个, BruceFeIix: 0 个
2025-08-04 08:17:32,806 - INFO - 已创建每日报告: md/2025-08-04.md
2025-08-04 08:17:32,806 - INFO - === 跳过二进制文件处理，只更新data.json ===
2025-08-04 08:17:32,836 - INFO - 已更新data.json，添加了 29 个URL
2025-08-04 08:17:32,836 - INFO - 已创建每日报告: md/2025-08-04.md
2025-08-04 08:17:32,837 - INFO - === 执行完成 ===
2025-08-04 12:23:13,213 - INFO - === 开始执行微信文章归档工具 ===
2025-08-04 12:23:13,214 - INFO - 数据文件: data.json
2025-08-04 12:23:13,214 - INFO - 可执行文件: ./bin/wechatmp2markdown-v1.1.11_linux_amd64
2025-08-04 12:23:13,214 - INFO - 文档目录: doc
2025-08-04 12:23:13,245 - INFO - 已加载 17912 条历史记录
2025-08-04 12:23:13,245 - INFO - === 开始今日拉取 ===
2025-08-04 12:23:13,245 - INFO - 开始获取Doonsec RSS
2025-08-04 12:23:13,245 - INFO - 目标日期: 2025-08-04
2025-08-04 12:23:15,220 - INFO - Doonsec RSS请求成功
2025-08-04 12:23:15,222 - INFO - RSS中共有 200 个条目
2025-08-04 12:23:15,222 - INFO - Doonsec获取到 200 个2025-08-04的微信文章URL
2025-08-04 12:23:15,223 - INFO - ChainReactors md文件URL: https://raw.githubusercontent.com/chainreactors/picker/refs/heads/master/archive/daily/2025/2025-08-04.md
2025-08-04 12:23:15,312 - INFO - ChainReactors md文件下载状态码: 200
2025-08-04 12:23:15,313 - INFO - ChainReactors获取到 78 个URL
2025-08-04 12:23:15,313 - INFO - BruceFeIix md文件URL: https://raw.githubusercontent.com/BruceFeIix/picker/refs/heads/master/archive/daily/2025/2025-08-04.md
2025-08-04 12:23:15,391 - INFO - BruceFeIix md文件下载状态码: 200
2025-08-04 12:23:15,391 - INFO - BruceFeIix获取到 77 个URL
2025-08-04 12:23:15,391 - INFO - === 开始处理 2025-08-04 的数据 ===
2025-08-04 12:23:15,391 - INFO - Doonsec原始数据: 200 个
2025-08-04 12:23:15,392 - INFO - ChainReactors原始数据: 78 个
2025-08-04 12:23:15,392 - INFO - BruceFeIix原始数据: 77 个
2025-08-04 12:23:15,392 - INFO - 开始处理Doonsec数据...
2025-08-04 12:23:15,392 - INFO - 开始处理ChainReactors数据...
2025-08-04 12:23:15,392 - INFO - 开始处理BruceFeIix数据...
2025-08-04 12:23:15,392 - INFO - 去重后共 239 个URL待处理，跳过 116 个重复URL
2025-08-04 12:23:15,392 - INFO - 去重后统计 - Doonsec: 182 个, ChainReactors: 57 个, BruceFeIix: 0 个
2025-08-04 12:23:15,393 - INFO - === 开始关键词过滤 ===
2025-08-04 12:23:15,400 - INFO - 关键词过滤: 匹配 36 个，跳过 203 个
2025-08-04 12:23:15,400 - INFO - 关键词过滤后统计 - Doonsec: 36 个, ChainReactors: 0 个, BruceFeIix: 0 个
2025-08-04 12:23:15,420 - INFO - 已创建每日报告: md/2025-08-04.md
2025-08-04 12:23:15,420 - INFO - === 跳过二进制文件处理，只更新data.json ===
2025-08-04 12:23:15,450 - INFO - 已更新data.json，添加了 36 个URL
2025-08-04 12:23:15,451 - INFO - 已创建每日报告: md/2025-08-04.md
2025-08-04 12:23:15,451 - INFO - === 执行完成 ===
2025-08-04 16:15:35,945 - INFO - === 开始执行微信文章归档工具 ===
2025-08-04 16:15:35,946 - INFO - 数据文件: data.json
2025-08-04 16:15:35,946 - INFO - 可执行文件: ./bin/wechatmp2markdown-v1.1.11_linux_amd64
2025-08-04 16:15:35,946 - INFO - 文档目录: doc
2025-08-04 16:15:35,981 - INFO - 已加载 17948 条历史记录
2025-08-04 16:15:35,981 - INFO - === 开始今日拉取 ===
2025-08-04 16:15:35,981 - INFO - 开始获取Doonsec RSS
2025-08-04 16:15:35,981 - INFO - 目标日期: 2025-08-04
2025-08-04 16:15:38,003 - INFO - Doonsec RSS请求成功
2025-08-04 16:15:38,006 - INFO - RSS中共有 200 个条目
2025-08-04 16:15:38,007 - INFO - Doonsec获取到 197 个2025-08-04的微信文章URL
2025-08-04 16:15:38,007 - INFO - ChainReactors md文件URL: https://raw.githubusercontent.com/chainreactors/picker/refs/heads/master/archive/daily/2025/2025-08-04.md
2025-08-04 16:15:38,022 - INFO - ChainReactors md文件下载状态码: 200
2025-08-04 16:15:38,023 - INFO - ChainReactors获取到 78 个URL
2025-08-04 16:15:38,023 - INFO - BruceFeIix md文件URL: https://raw.githubusercontent.com/BruceFeIix/picker/refs/heads/master/archive/daily/2025/2025-08-04.md
2025-08-04 16:15:38,037 - INFO - BruceFeIix md文件下载状态码: 200
2025-08-04 16:15:38,038 - INFO - BruceFeIix获取到 77 个URL
2025-08-04 16:15:38,038 - INFO - === 开始处理 2025-08-04 的数据 ===
2025-08-04 16:15:38,038 - INFO - Doonsec原始数据: 197 个
2025-08-04 16:15:38,038 - INFO - ChainReactors原始数据: 78 个
2025-08-04 16:15:38,038 - INFO - BruceFeIix原始数据: 77 个
2025-08-04 16:15:38,038 - INFO - 开始处理Doonsec数据...
2025-08-04 16:15:38,039 - INFO - 开始处理ChainReactors数据...
2025-08-04 16:15:38,039 - INFO - 开始处理BruceFeIix数据...
2025-08-04 16:15:38,039 - INFO - 去重后共 207 个URL待处理，跳过 145 个重复URL
2025-08-04 16:15:38,039 - INFO - 去重后统计 - Doonsec: 150 个, ChainReactors: 57 个, BruceFeIix: 0 个
2025-08-04 16:15:38,039 - INFO - === 开始关键词过滤 ===
2025-08-04 16:15:38,047 - INFO - 关键词过滤: 匹配 8 个，跳过 199 个
2025-08-04 16:15:38,047 - INFO - 关键词过滤后统计 - Doonsec: 8 个, ChainReactors: 0 个, BruceFeIix: 0 个
2025-08-04 16:15:38,066 - INFO - 已创建每日报告: md/2025-08-04.md
2025-08-04 16:15:38,067 - INFO - === 跳过二进制文件处理，只更新data.json ===
2025-08-04 16:15:38,097 - INFO - 已更新data.json，添加了 8 个URL
2025-08-04 16:15:38,098 - INFO - 已创建每日报告: md/2025-08-04.md
2025-08-04 16:15:38,098 - INFO - === 执行完成 ===
2025-08-04 20:13:16,872 - INFO - === 开始执行微信文章归档工具 ===
2025-08-04 20:13:16,873 - INFO - 数据文件: data.json
2025-08-04 20:13:16,873 - INFO - 可执行文件: ./bin/wechatmp2markdown-v1.1.11_linux_amd64
2025-08-04 20:13:16,873 - INFO - 文档目录: doc
2025-08-04 20:13:16,905 - INFO - 已加载 17956 条历史记录
2025-08-04 20:13:16,905 - INFO - === 开始今日拉取 ===
2025-08-04 20:13:16,905 - INFO - 开始获取Doonsec RSS
2025-08-04 20:13:16,905 - INFO - 目标日期: 2025-08-04
2025-08-04 20:13:18,839 - INFO - Doonsec RSS请求成功
2025-08-04 20:13:18,841 - INFO - RSS中共有 200 个条目
2025-08-04 20:13:18,842 - INFO - Doonsec获取到 186 个2025-08-04的微信文章URL
2025-08-04 20:13:18,842 - INFO - ChainReactors md文件URL: https://raw.githubusercontent.com/chainreactors/picker/refs/heads/master/archive/daily/2025/2025-08-04.md
2025-08-04 20:13:18,894 - INFO - ChainReactors md文件下载状态码: 200
2025-08-04 20:13:18,895 - INFO - ChainReactors获取到 78 个URL
2025-08-04 20:13:18,895 - INFO - BruceFeIix md文件URL: https://raw.githubusercontent.com/BruceFeIix/picker/refs/heads/master/archive/daily/2025/2025-08-04.md
2025-08-04 20:13:18,940 - INFO - BruceFeIix md文件下载状态码: 200
2025-08-04 20:13:18,941 - INFO - BruceFeIix获取到 77 个URL
2025-08-04 20:13:18,941 - INFO - === 开始处理 2025-08-04 的数据 ===
2025-08-04 20:13:18,941 - INFO - Doonsec原始数据: 186 个
2025-08-04 20:13:18,941 - INFO - ChainReactors原始数据: 78 个
2025-08-04 20:13:18,941 - INFO - BruceFeIix原始数据: 77 个
2025-08-04 20:13:18,941 - INFO - 开始处理Doonsec数据...
2025-08-04 20:13:18,942 - INFO - 开始处理ChainReactors数据...
2025-08-04 20:13:18,942 - INFO - 开始处理BruceFeIix数据...
2025-08-04 20:13:18,942 - INFO - 去重后共 195 个URL待处理，跳过 146 个重复URL
2025-08-04 20:13:18,942 - INFO - 去重后统计 - Doonsec: 138 个, ChainReactors: 57 个, BruceFeIix: 0 个
2025-08-04 20:13:18,942 - INFO - === 开始关键词过滤 ===
2025-08-04 20:13:18,949 - INFO - 关键词过滤: 匹配 0 个，跳过 195 个
2025-08-04 20:13:18,949 - INFO - 关键词过滤后统计 - Doonsec: 0 个, ChainReactors: 0 个, BruceFeIix: 0 个
2025-08-04 20:13:18,949 - INFO - === 跳过二进制文件处理，只更新data.json ===
2025-08-04 20:13:18,979 - INFO - 已更新data.json，添加了 0 个URL
2025-08-04 20:13:18,979 - INFO - === 执行完成 ===
2025-08-05 00:58:58,225 - INFO - === 开始执行微信文章归档工具 ===
2025-08-05 00:58:58,226 - INFO - 数据文件: data.json
2025-08-05 00:58:58,226 - INFO - 可执行文件: ./bin/wechatmp2markdown-v1.1.11_linux_amd64
2025-08-05 00:58:58,226 - INFO - 文档目录: doc
2025-08-05 00:58:58,258 - INFO - 已加载 17956 条历史记录
2025-08-05 00:58:58,258 - INFO - === 开始今日拉取 ===
2025-08-05 00:58:58,258 - INFO - 开始获取Doonsec RSS
2025-08-05 00:58:58,258 - INFO - 目标日期: 2025-08-05
2025-08-05 00:59:00,141 - INFO - Doonsec RSS请求成功
2025-08-05 00:59:00,144 - INFO - RSS中共有 200 个条目
2025-08-05 00:59:00,144 - INFO - Doonsec获取到 14 个2025-08-05的微信文章URL
2025-08-05 00:59:00,144 - INFO - ChainReactors md文件URL: https://raw.githubusercontent.com/chainreactors/picker/refs/heads/master/archive/daily/2025/2025-08-05.md
2025-08-05 00:59:00,247 - INFO - ChainReactors md文件下载状态码: 404
2025-08-05 00:59:00,247 - WARNING - ChainReactors md文件下载失败: https://raw.githubusercontent.com/chainreactors/picker/refs/heads/master/archive/daily/2025/2025-08-05.md 状态码: 404
2025-08-05 00:59:00,247 - INFO - BruceFeIix md文件URL: https://raw.githubusercontent.com/BruceFeIix/picker/refs/heads/master/archive/daily/2025/2025-08-05.md
2025-08-05 00:59:00,375 - INFO - BruceFeIix md文件下载状态码: 404
2025-08-05 00:59:00,375 - WARNING - BruceFeIix md文件下载失败: https://raw.githubusercontent.com/BruceFeIix/picker/refs/heads/master/archive/daily/2025/2025-08-05.md 状态码: 404
2025-08-05 00:59:00,375 - INFO - === 开始处理 2025-08-05 的数据 ===
2025-08-05 00:59:00,375 - INFO - Doonsec原始数据: 14 个
2025-08-05 00:59:00,375 - INFO - ChainReactors原始数据: 0 个
2025-08-05 00:59:00,376 - INFO - BruceFeIix原始数据: 0 个
2025-08-05 00:59:00,376 - INFO - 开始处理Doonsec数据...
2025-08-05 00:59:00,376 - INFO - 开始处理ChainReactors数据...
2025-08-05 00:59:00,376 - INFO - 开始处理BruceFeIix数据...
2025-08-05 00:59:00,376 - INFO - 去重后共 14 个URL待处理，跳过 0 个重复URL
2025-08-05 00:59:00,376 - INFO - 去重后统计 - Doonsec: 14 个, ChainReactors: 0 个, BruceFeIix: 0 个
2025-08-05 00:59:00,376 - INFO - === 开始关键词过滤 ===
2025-08-05 00:59:00,376 - INFO - 关键词过滤: 匹配 5 个，跳过 9 个
2025-08-05 00:59:00,377 - INFO - 关键词过滤后统计 - Doonsec: 5 个, ChainReactors: 0 个, BruceFeIix: 0 个
2025-08-05 00:59:00,382 - INFO - 已创建每日报告: md/2025-08-05.md
2025-08-05 00:59:00,382 - INFO - === 跳过二进制文件处理，只更新data.json ===
2025-08-05 00:59:00,412 - INFO - 已更新data.json，添加了 5 个URL
2025-08-05 00:59:00,412 - INFO - 已创建每日报告: md/2025-08-05.md
2025-08-05 00:59:00,412 - INFO - === 执行完成 ===
2025-08-05 04:39:15,916 - INFO - === 开始执行微信文章归档工具 ===
2025-08-05 04:39:15,917 - INFO - 数据文件: data.json
2025-08-05 04:39:15,917 - INFO - 可执行文件: ./bin/wechatmp2markdown-v1.1.11_linux_amd64
2025-08-05 04:39:15,917 - INFO - 文档目录: doc
2025-08-05 04:39:15,949 - INFO - 已加载 17961 条历史记录
2025-08-05 04:39:15,949 - INFO - === 开始今日拉取 ===
2025-08-05 04:39:15,949 - INFO - 开始获取Doonsec RSS
2025-08-05 04:39:15,949 - INFO - 目标日期: 2025-08-05
2025-08-05 04:39:18,611 - INFO - Doonsec RSS请求成功
2025-08-05 04:39:18,612 - INFO - RSS中共有 200 个条目
2025-08-05 04:39:18,613 - INFO - Doonsec获取到 102 个2025-08-05的微信文章URL
2025-08-05 04:39:18,613 - INFO - ChainReactors md文件URL: https://raw.githubusercontent.com/chainreactors/picker/refs/heads/master/archive/daily/2025/2025-08-05.md
2025-08-05 04:39:18,759 - INFO - ChainReactors md文件下载状态码: 200
2025-08-05 04:39:18,760 - INFO - ChainReactors获取到 174 个URL
2025-08-05 04:39:18,760 - INFO - BruceFeIix md文件URL: https://raw.githubusercontent.com/BruceFeIix/picker/refs/heads/master/archive/daily/2025/2025-08-05.md
2025-08-05 04:39:18,953 - INFO - BruceFeIix md文件下载状态码: 200
2025-08-05 04:39:18,954 - INFO - BruceFeIix获取到 173 个URL
2025-08-05 04:39:18,954 - INFO - === 开始处理 2025-08-05 的数据 ===
2025-08-05 04:39:18,954 - INFO - Doonsec原始数据: 102 个
2025-08-05 04:39:18,954 - INFO - ChainReactors原始数据: 174 个
2025-08-05 04:39:18,954 - INFO - BruceFeIix原始数据: 173 个
2025-08-05 04:39:18,954 - INFO - 开始处理Doonsec数据...
2025-08-05 04:39:18,955 - INFO - 开始处理ChainReactors数据...
2025-08-05 04:39:18,955 - INFO - 开始处理BruceFeIix数据...
2025-08-05 04:39:18,955 - INFO - 去重后共 207 个URL待处理，跳过 242 个重复URL
2025-08-05 04:39:18,955 - INFO - 去重后统计 - Doonsec: 97 个, ChainReactors: 109 个, BruceFeIix: 1 个
2025-08-05 04:39:18,955 - INFO - === 开始关键词过滤 ===
2025-08-05 04:39:18,962 - INFO - 关键词过滤: 匹配 36 个，跳过 171 个
2025-08-05 04:39:18,962 - INFO - 关键词过滤后统计 - Doonsec: 35 个, ChainReactors: 1 个, BruceFeIix: 0 个
2025-08-05 04:39:18,968 - INFO - 已创建每日报告: md/2025-08-05.md
2025-08-05 04:39:18,968 - INFO - === 跳过二进制文件处理，只更新data.json ===
2025-08-05 04:39:18,998 - INFO - 已更新data.json，添加了 36 个URL
2025-08-05 04:39:18,999 - INFO - 已创建每日报告: md/2025-08-05.md
2025-08-05 04:39:18,999 - INFO - === 执行完成 ===
2025-08-05 08:16:27,220 - INFO - === 开始执行微信文章归档工具 ===
2025-08-05 08:16:27,221 - INFO - 数据文件: data.json
2025-08-05 08:16:27,221 - INFO - 可执行文件: ./bin/wechatmp2markdown-v1.1.11_linux_amd64
2025-08-05 08:16:27,221 - INFO - 文档目录: doc
2025-08-05 08:16:27,252 - INFO - 已加载 17997 条历史记录
2025-08-05 08:16:27,252 - INFO - === 开始今日拉取 ===
2025-08-05 08:16:27,252 - INFO - 开始获取Doonsec RSS
2025-08-05 08:16:27,253 - INFO - 目标日期: 2025-08-05
2025-08-05 08:16:31,423 - INFO - Doonsec RSS请求成功
2025-08-05 08:16:31,425 - INFO - RSS中共有 200 个条目
2025-08-05 08:16:31,425 - INFO - Doonsec获取到 190 个2025-08-05的微信文章URL
2025-08-05 08:16:31,426 - INFO - ChainReactors md文件URL: https://raw.githubusercontent.com/chainreactors/picker/refs/heads/master/archive/daily/2025/2025-08-05.md
2025-08-05 08:16:31,456 - INFO - ChainReactors md文件下载状态码: 200
2025-08-05 08:16:31,457 - INFO - ChainReactors获取到 174 个URL
2025-08-05 08:16:31,457 - INFO - BruceFeIix md文件URL: https://raw.githubusercontent.com/BruceFeIix/picker/refs/heads/master/archive/daily/2025/2025-08-05.md
2025-08-05 08:16:31,479 - INFO - BruceFeIix md文件下载状态码: 200
2025-08-05 08:16:31,481 - INFO - BruceFeIix获取到 173 个URL
2025-08-05 08:16:31,481 - INFO - === 开始处理 2025-08-05 的数据 ===
2025-08-05 08:16:31,481 - INFO - Doonsec原始数据: 190 个
2025-08-05 08:16:31,481 - INFO - ChainReactors原始数据: 174 个
2025-08-05 08:16:31,481 - INFO - BruceFeIix原始数据: 173 个
2025-08-05 08:16:31,481 - INFO - 开始处理Doonsec数据...
2025-08-05 08:16:31,481 - INFO - 开始处理ChainReactors数据...
2025-08-05 08:16:31,482 - INFO - 开始处理BruceFeIix数据...
2025-08-05 08:16:31,482 - INFO - 去重后共 259 个URL待处理，跳过 278 个重复URL
2025-08-05 08:16:31,482 - INFO - 去重后统计 - Doonsec: 150 个, ChainReactors: 108 个, BruceFeIix: 1 个
2025-08-05 08:16:31,482 - INFO - === 开始关键词过滤 ===
2025-08-05 08:16:31,491 - INFO - 关键词过滤: 匹配 20 个，跳过 239 个
2025-08-05 08:16:31,491 - INFO - 关键词过滤后统计 - Doonsec: 20 个, ChainReactors: 0 个, BruceFeIix: 0 个
2025-08-05 08:16:31,503 - INFO - 已创建每日报告: md/2025-08-05.md
2025-08-05 08:16:31,503 - INFO - === 跳过二进制文件处理，只更新data.json ===
2025-08-05 08:16:31,533 - INFO - 已更新data.json，添加了 20 个URL
2025-08-05 08:16:31,534 - INFO - 已创建每日报告: md/2025-08-05.md
2025-08-05 08:16:31,534 - INFO - === 执行完成 ===
2025-08-05 12:23:19,417 - INFO - === 开始执行微信文章归档工具 ===
2025-08-05 12:23:19,418 - INFO - 数据文件: data.json
2025-08-05 12:23:19,418 - INFO - 可执行文件: ./bin/wechatmp2markdown-v1.1.11_linux_amd64
2025-08-05 12:23:19,418 - INFO - 文档目录: doc
2025-08-05 12:23:19,448 - INFO - 已加载 18017 条历史记录
2025-08-05 12:23:19,448 - INFO - === 开始今日拉取 ===
2025-08-05 12:23:19,448 - INFO - 开始获取Doonsec RSS
2025-08-05 12:23:19,448 - INFO - 目标日期: 2025-08-05
2025-08-05 12:23:25,465 - INFO - Doonsec RSS请求成功
2025-08-05 12:23:25,467 - INFO - RSS中共有 200 个条目
2025-08-05 12:23:25,468 - INFO - Doonsec获取到 200 个2025-08-05的微信文章URL
2025-08-05 12:23:25,468 - INFO - ChainReactors md文件URL: https://raw.githubusercontent.com/chainreactors/picker/refs/heads/master/archive/daily/2025/2025-08-05.md
2025-08-05 12:23:25,619 - INFO - ChainReactors md文件下载状态码: 200
2025-08-05 12:23:25,621 - INFO - ChainReactors获取到 174 个URL
2025-08-05 12:23:25,621 - INFO - BruceFeIix md文件URL: https://raw.githubusercontent.com/BruceFeIix/picker/refs/heads/master/archive/daily/2025/2025-08-05.md
2025-08-05 12:23:25,858 - INFO - BruceFeIix md文件下载状态码: 200
2025-08-05 12:23:25,859 - INFO - BruceFeIix获取到 173 个URL
2025-08-05 12:23:25,859 - INFO - === 开始处理 2025-08-05 的数据 ===
2025-08-05 12:23:25,859 - INFO - Doonsec原始数据: 200 个
2025-08-05 12:23:25,859 - INFO - ChainReactors原始数据: 174 个
2025-08-05 12:23:25,859 - INFO - BruceFeIix原始数据: 173 个
2025-08-05 12:23:25,859 - INFO - 开始处理Doonsec数据...
2025-08-05 12:23:25,860 - INFO - 开始处理ChainReactors数据...
2025-08-05 12:23:25,860 - INFO - 开始处理BruceFeIix数据...
2025-08-05 12:23:25,860 - INFO - 去重后共 287 个URL待处理，跳过 260 个重复URL
2025-08-05 12:23:25,860 - INFO - 去重后统计 - Doonsec: 178 个, ChainReactors: 108 个, BruceFeIix: 1 个
2025-08-05 12:23:25,860 - INFO - === 开始关键词过滤 ===
2025-08-05 12:23:25,869 - INFO - 关键词过滤: 匹配 41 个，跳过 246 个
2025-08-05 12:23:25,870 - INFO - 关键词过滤后统计 - Doonsec: 41 个, ChainReactors: 0 个, BruceFeIix: 0 个
2025-08-05 12:23:25,885 - INFO - 已创建每日报告: md/2025-08-05.md
2025-08-05 12:23:25,885 - INFO - === 跳过二进制文件处理，只更新data.json ===
2025-08-05 12:23:25,915 - INFO - 已更新data.json，添加了 41 个URL
2025-08-05 12:23:25,916 - INFO - 已创建每日报告: md/2025-08-05.md
2025-08-05 12:23:25,916 - INFO - === 执行完成 ===
2025-08-05 16:12:17,435 - INFO - === 开始执行微信文章归档工具 ===
2025-08-05 16:12:17,436 - INFO - 数据文件: data.json
2025-08-05 16:12:17,436 - INFO - 可执行文件: ./bin/wechatmp2markdown-v1.1.11_linux_amd64
2025-08-05 16:12:17,436 - INFO - 文档目录: doc
2025-08-05 16:12:17,468 - INFO - 已加载 18058 条历史记录
2025-08-05 16:12:17,468 - INFO - === 开始今日拉取 ===
2025-08-05 16:12:17,468 - INFO - 开始获取Doonsec RSS
2025-08-05 16:12:17,468 - INFO - 目标日期: 2025-08-05
2025-08-05 16:12:19,061 - INFO - Doonsec RSS请求成功
2025-08-05 16:12:19,063 - INFO - RSS中共有 200 个条目
2025-08-05 16:12:19,063 - INFO - Doonsec获取到 198 个2025-08-05的微信文章URL
2025-08-05 16:12:19,064 - INFO - ChainReactors md文件URL: https://raw.githubusercontent.com/chainreactors/picker/refs/heads/master/archive/daily/2025/2025-08-05.md
2025-08-05 16:12:19,189 - INFO - ChainReactors md文件下载状态码: 200
2025-08-05 16:12:19,190 - INFO - ChainReactors获取到 174 个URL
2025-08-05 16:12:19,190 - INFO - BruceFeIix md文件URL: https://raw.githubusercontent.com/BruceFeIix/picker/refs/heads/master/archive/daily/2025/2025-08-05.md
2025-08-05 16:12:19,313 - INFO - BruceFeIix md文件下载状态码: 200
2025-08-05 16:12:19,314 - INFO - BruceFeIix获取到 173 个URL
2025-08-05 16:12:19,314 - INFO - === 开始处理 2025-08-05 的数据 ===
2025-08-05 16:12:19,314 - INFO - Doonsec原始数据: 198 个
2025-08-05 16:12:19,314 - INFO - ChainReactors原始数据: 174 个
2025-08-05 16:12:19,314 - INFO - BruceFeIix原始数据: 173 个
2025-08-05 16:12:19,314 - INFO - 开始处理Doonsec数据...
2025-08-05 16:12:19,315 - INFO - 开始处理ChainReactors数据...
2025-08-05 16:12:19,315 - INFO - 开始处理BruceFeIix数据...
2025-08-05 16:12:19,315 - INFO - 去重后共 256 个URL待处理，跳过 289 个重复URL
2025-08-05 16:12:19,315 - INFO - 去重后统计 - Doonsec: 147 个, ChainReactors: 108 个, BruceFeIix: 1 个
2025-08-05 16:12:19,315 - INFO - === 开始关键词过滤 ===
2025-08-05 16:12:19,324 - INFO - 关键词过滤: 匹配 15 个，跳过 241 个
2025-08-05 16:12:19,324 - INFO - 关键词过滤后统计 - Doonsec: 15 个, ChainReactors: 0 个, BruceFeIix: 0 个
2025-08-05 16:12:19,369 - INFO - 已创建每日报告: md/2025-08-05.md
2025-08-05 16:12:19,369 - INFO - === 跳过二进制文件处理，只更新data.json ===
2025-08-05 16:12:19,399 - INFO - 已更新data.json，添加了 15 个URL
2025-08-05 16:12:19,400 - INFO - 已创建每日报告: md/2025-08-05.md
2025-08-05 16:12:19,400 - INFO - === 执行完成 ===
2025-08-05 20:12:40,910 - INFO - === 开始执行微信文章归档工具 ===
2025-08-05 20:12:40,910 - INFO - 数据文件: data.json
2025-08-05 20:12:40,911 - INFO - 可执行文件: ./bin/wechatmp2markdown-v1.1.11_linux_amd64
2025-08-05 20:12:40,911 - INFO - 文档目录: doc
2025-08-05 20:12:40,942 - INFO - 已加载 18073 条历史记录
2025-08-05 20:12:40,942 - INFO - === 开始今日拉取 ===
2025-08-05 20:12:40,942 - INFO - 开始获取Doonsec RSS
2025-08-05 20:12:40,942 - INFO - 目标日期: 2025-08-05
2025-08-05 20:12:43,455 - INFO - Doonsec RSS请求成功
2025-08-05 20:12:43,457 - INFO - RSS中共有 200 个条目
2025-08-05 20:12:43,458 - INFO - Doonsec获取到 184 个2025-08-05的微信文章URL
2025-08-05 20:12:43,458 - INFO - ChainReactors md文件URL: https://raw.githubusercontent.com/chainreactors/picker/refs/heads/master/archive/daily/2025/2025-08-05.md
2025-08-05 20:12:43,513 - INFO - ChainReactors md文件下载状态码: 200
2025-08-05 20:12:43,514 - INFO - ChainReactors获取到 174 个URL
2025-08-05 20:12:43,514 - INFO - BruceFeIix md文件URL: https://raw.githubusercontent.com/BruceFeIix/picker/refs/heads/master/archive/daily/2025/2025-08-05.md
2025-08-05 20:12:43,537 - INFO - BruceFeIix md文件下载状态码: 200
2025-08-05 20:12:43,538 - INFO - BruceFeIix获取到 173 个URL
2025-08-05 20:12:43,538 - INFO - === 开始处理 2025-08-05 的数据 ===
2025-08-05 20:12:43,538 - INFO - Doonsec原始数据: 184 个
2025-08-05 20:12:43,538 - INFO - ChainReactors原始数据: 174 个
2025-08-05 20:12:43,538 - INFO - BruceFeIix原始数据: 173 个
2025-08-05 20:12:43,538 - INFO - 开始处理Doonsec数据...
2025-08-05 20:12:43,539 - INFO - 开始处理ChainReactors数据...
2025-08-05 20:12:43,539 - INFO - 开始处理BruceFeIix数据...
2025-08-05 20:12:43,539 - INFO - 去重后共 230 个URL待处理，跳过 301 个重复URL
2025-08-05 20:12:43,539 - INFO - 去重后统计 - Doonsec: 121 个, ChainReactors: 108 个, BruceFeIix: 1 个
2025-08-05 20:12:43,539 - INFO - === 开始关键词过滤 ===
2025-08-05 20:12:43,547 - INFO - 关键词过滤: 匹配 1 个，跳过 229 个
2025-08-05 20:12:43,547 - INFO - 关键词过滤后统计 - Doonsec: 1 个, ChainReactors: 0 个, BruceFeIix: 0 个
2025-08-05 20:12:43,562 - INFO - 已创建每日报告: md/2025-08-05.md
2025-08-05 20:12:43,562 - INFO - === 跳过二进制文件处理，只更新data.json ===
2025-08-05 20:12:43,593 - INFO - 已更新data.json，添加了 1 个URL
2025-08-05 20:12:43,593 - INFO - 已创建每日报告: md/2025-08-05.md
2025-08-05 20:12:43,593 - INFO - === 执行完成 ===
2025-08-06 00:58:00,713 - INFO - === 开始执行微信文章归档工具 ===
2025-08-06 00:58:00,714 - INFO - 数据文件: data.json
2025-08-06 00:58:00,714 - INFO - 可执行文件: ./bin/wechatmp2markdown-v1.1.11_linux_amd64
2025-08-06 00:58:00,714 - INFO - 文档目录: doc
2025-08-06 00:58:00,747 - INFO - 已加载 18074 条历史记录
2025-08-06 00:58:00,747 - INFO - === 开始今日拉取 ===
2025-08-06 00:58:00,747 - INFO - 开始获取Doonsec RSS
2025-08-06 00:58:00,747 - INFO - 目标日期: 2025-08-06
2025-08-06 00:58:03,271 - INFO - Doonsec RSS请求成功
2025-08-06 00:58:03,273 - INFO - RSS中共有 200 个条目
2025-08-06 00:58:03,273 - INFO - Doonsec获取到 17 个2025-08-06的微信文章URL
2025-08-06 00:58:03,273 - INFO - ChainReactors md文件URL: https://raw.githubusercontent.com/chainreactors/picker/refs/heads/master/archive/daily/2025/2025-08-06.md
2025-08-06 00:58:03,336 - INFO - ChainReactors md文件下载状态码: 404
2025-08-06 00:58:03,336 - WARNING - ChainReactors md文件下载失败: https://raw.githubusercontent.com/chainreactors/picker/refs/heads/master/archive/daily/2025/2025-08-06.md 状态码: 404
2025-08-06 00:58:03,336 - INFO - BruceFeIix md文件URL: https://raw.githubusercontent.com/BruceFeIix/picker/refs/heads/master/archive/daily/2025/2025-08-06.md
2025-08-06 00:58:03,412 - INFO - BruceFeIix md文件下载状态码: 404
2025-08-06 00:58:03,412 - WARNING - BruceFeIix md文件下载失败: https://raw.githubusercontent.com/BruceFeIix/picker/refs/heads/master/archive/daily/2025/2025-08-06.md 状态码: 404
2025-08-06 00:58:03,412 - INFO - === 开始处理 2025-08-06 的数据 ===
2025-08-06 00:58:03,412 - INFO - Doonsec原始数据: 17 个
2025-08-06 00:58:03,413 - INFO - ChainReactors原始数据: 0 个
2025-08-06 00:58:03,413 - INFO - BruceFeIix原始数据: 0 个
2025-08-06 00:58:03,413 - INFO - 开始处理Doonsec数据...
2025-08-06 00:58:03,413 - INFO - 开始处理ChainReactors数据...
2025-08-06 00:58:03,413 - INFO - 开始处理BruceFeIix数据...
2025-08-06 00:58:03,413 - INFO - 去重后共 17 个URL待处理，跳过 0 个重复URL
2025-08-06 00:58:03,413 - INFO - 去重后统计 - Doonsec: 17 个, ChainReactors: 0 个, BruceFeIix: 0 个
2025-08-06 00:58:03,413 - INFO - === 开始关键词过滤 ===
2025-08-06 00:58:03,414 - INFO - 关键词过滤: 匹配 6 个，跳过 11 个
2025-08-06 00:58:03,414 - INFO - 关键词过滤后统计 - Doonsec: 6 个, ChainReactors: 0 个, BruceFeIix: 0 个
2025-08-06 00:58:03,428 - INFO - 已创建每日报告: md/2025-08-06.md
2025-08-06 00:58:03,428 - INFO - === 跳过二进制文件处理，只更新data.json ===
2025-08-06 00:58:03,458 - INFO - 已更新data.json，添加了 6 个URL
2025-08-06 00:58:03,458 - INFO - 已创建每日报告: md/2025-08-06.md
2025-08-06 00:58:03,458 - INFO - === 执行完成 ===
2025-08-06 04:36:27,939 - INFO - === 开始执行微信文章归档工具 ===
2025-08-06 04:36:27,939 - INFO - 数据文件: data.json
2025-08-06 04:36:27,939 - INFO - 可执行文件: ./bin/wechatmp2markdown-v1.1.11_linux_amd64
2025-08-06 04:36:27,940 - INFO - 文档目录: doc
2025-08-06 04:36:27,971 - INFO - 已加载 18080 条历史记录
2025-08-06 04:36:27,971 - INFO - === 开始今日拉取 ===
2025-08-06 04:36:27,971 - INFO - 开始获取Doonsec RSS
2025-08-06 04:36:27,971 - INFO - 目标日期: 2025-08-06
2025-08-06 04:36:30,952 - INFO - Doonsec RSS请求成功
2025-08-06 04:36:30,954 - INFO - RSS中共有 200 个条目
2025-08-06 04:36:30,954 - INFO - Doonsec获取到 87 个2025-08-06的微信文章URL
2025-08-06 04:36:30,955 - INFO - ChainReactors md文件URL: https://raw.githubusercontent.com/chainreactors/picker/refs/heads/master/archive/daily/2025/2025-08-06.md
2025-08-06 04:36:30,980 - INFO - ChainReactors md文件下载状态码: 200
2025-08-06 04:36:30,982 - INFO - ChainReactors获取到 182 个URL
2025-08-06 04:36:30,982 - INFO - BruceFeIix md文件URL: https://raw.githubusercontent.com/BruceFeIix/picker/refs/heads/master/archive/daily/2025/2025-08-06.md
2025-08-06 04:36:31,004 - INFO - BruceFeIix md文件下载状态码: 200
2025-08-06 04:36:31,005 - INFO - BruceFeIix获取到 180 个URL
2025-08-06 04:36:31,005 - INFO - === 开始处理 2025-08-06 的数据 ===
2025-08-06 04:36:31,005 - INFO - Doonsec原始数据: 87 个
2025-08-06 04:36:31,005 - INFO - ChainReactors原始数据: 182 个
2025-08-06 04:36:31,005 - INFO - BruceFeIix原始数据: 180 个
2025-08-06 04:36:31,005 - INFO - 开始处理Doonsec数据...
2025-08-06 04:36:31,005 - INFO - 开始处理ChainReactors数据...
2025-08-06 04:36:31,006 - INFO - 开始处理BruceFeIix数据...
2025-08-06 04:36:31,006 - INFO - 去重后共 181 个URL待处理，跳过 268 个重复URL
2025-08-06 04:36:31,006 - INFO - 去重后统计 - Doonsec: 81 个, ChainReactors: 100 个, BruceFeIix: 0 个
2025-08-06 04:36:31,006 - INFO - === 开始关键词过滤 ===
2025-08-06 04:36:31,012 - INFO - 关键词过滤: 匹配 25 个，跳过 156 个
2025-08-06 04:36:31,012 - INFO - 关键词过滤后统计 - Doonsec: 22 个, ChainReactors: 3 个, BruceFeIix: 0 个
2025-08-06 04:36:31,026 - INFO - 已创建每日报告: md/2025-08-06.md
2025-08-06 04:36:31,026 - INFO - === 跳过二进制文件处理，只更新data.json ===
2025-08-06 04:36:31,056 - INFO - 已更新data.json，添加了 25 个URL
2025-08-06 04:36:31,057 - INFO - 已创建每日报告: md/2025-08-06.md
2025-08-06 04:36:31,057 - INFO - === 执行完成 ===
2025-08-06 08:16:18,422 - INFO - === 开始执行微信文章归档工具 ===
2025-08-06 08:16:18,423 - INFO - 数据文件: data.json
2025-08-06 08:16:18,423 - INFO - 可执行文件: ./bin/wechatmp2markdown-v1.1.11_linux_amd64
2025-08-06 08:16:18,423 - INFO - 文档目录: doc
2025-08-06 08:16:18,454 - INFO - 已加载 18105 条历史记录
2025-08-06 08:16:18,455 - INFO - === 开始今日拉取 ===
2025-08-06 08:16:18,455 - INFO - 开始获取Doonsec RSS
2025-08-06 08:16:18,455 - INFO - 目标日期: 2025-08-06
2025-08-06 08:16:22,830 - INFO - Doonsec RSS请求成功
2025-08-06 08:16:22,831 - INFO - RSS中共有 200 个条目
2025-08-06 08:16:22,832 - INFO - Doonsec获取到 167 个2025-08-06的微信文章URL
2025-08-06 08:16:22,832 - INFO - ChainReactors md文件URL: https://raw.githubusercontent.com/chainreactors/picker/refs/heads/master/archive/daily/2025/2025-08-06.md
2025-08-06 08:16:23,092 - INFO - ChainReactors md文件下载状态码: 200
2025-08-06 08:16:23,094 - INFO - ChainReactors获取到 182 个URL
2025-08-06 08:16:23,094 - INFO - BruceFeIix md文件URL: https://raw.githubusercontent.com/BruceFeIix/picker/refs/heads/master/archive/daily/2025/2025-08-06.md
2025-08-06 08:16:23,225 - INFO - BruceFeIix md文件下载状态码: 200
2025-08-06 08:16:23,226 - INFO - BruceFeIix获取到 180 个URL
2025-08-06 08:16:23,226 - INFO - === 开始处理 2025-08-06 的数据 ===
2025-08-06 08:16:23,226 - INFO - Doonsec原始数据: 167 个
2025-08-06 08:16:23,226 - INFO - ChainReactors原始数据: 182 个
2025-08-06 08:16:23,226 - INFO - BruceFeIix原始数据: 180 个
2025-08-06 08:16:23,226 - INFO - 开始处理Doonsec数据...
2025-08-06 08:16:23,227 - INFO - 开始处理ChainReactors数据...
2025-08-06 08:16:23,227 - INFO - 开始处理BruceFeIix数据...
2025-08-06 08:16:23,227 - INFO - 去重后共 236 个URL待处理，跳过 293 个重复URL
2025-08-06 08:16:23,227 - INFO - 去重后统计 - Doonsec: 139 个, ChainReactors: 97 个, BruceFeIix: 0 个
2025-08-06 08:16:23,228 - INFO - === 开始关键词过滤 ===
2025-08-06 08:16:23,236 - INFO - 关键词过滤: 匹配 20 个，跳过 216 个
2025-08-06 08:16:23,236 - INFO - 关键词过滤后统计 - Doonsec: 20 个, ChainReactors: 0 个, BruceFeIix: 0 个
2025-08-06 08:16:23,286 - INFO - 已创建每日报告: md/2025-08-06.md
2025-08-06 08:16:23,286 - INFO - === 跳过二进制文件处理，只更新data.json ===
2025-08-06 08:16:23,316 - INFO - 已更新data.json，添加了 20 个URL
2025-08-06 08:16:23,316 - INFO - 已创建每日报告: md/2025-08-06.md
2025-08-06 08:16:23,316 - INFO - === 执行完成 ===
2025-08-06 12:23:39,440 - INFO - === 开始执行微信文章归档工具 ===
2025-08-06 12:23:39,441 - INFO - 数据文件: data.json
2025-08-06 12:23:39,441 - INFO - 可执行文件: ./bin/wechatmp2markdown-v1.1.11_linux_amd64
2025-08-06 12:23:39,441 - INFO - 文档目录: doc
2025-08-06 12:23:39,473 - INFO - 已加载 18125 条历史记录
2025-08-06 12:23:39,473 - INFO - === 开始今日拉取 ===
2025-08-06 12:23:39,473 - INFO - 开始获取Doonsec RSS
2025-08-06 12:23:39,473 - INFO - 目标日期: 2025-08-06
2025-08-06 12:23:42,912 - INFO - Doonsec RSS请求成功
2025-08-06 12:23:42,914 - INFO - RSS中共有 200 个条目
2025-08-06 12:23:42,914 - INFO - Doonsec获取到 200 个2025-08-06的微信文章URL
2025-08-06 12:23:42,914 - INFO - ChainReactors md文件URL: https://raw.githubusercontent.com/chainreactors/picker/refs/heads/master/archive/daily/2025/2025-08-06.md
2025-08-06 12:23:42,961 - INFO - ChainReactors md文件下载状态码: 200
2025-08-06 12:23:42,963 - INFO - ChainReactors获取到 182 个URL
2025-08-06 12:23:42,963 - INFO - BruceFeIix md文件URL: https://raw.githubusercontent.com/BruceFeIix/picker/refs/heads/master/archive/daily/2025/2025-08-06.md
2025-08-06 12:23:43,014 - INFO - BruceFeIix md文件下载状态码: 200
2025-08-06 12:23:43,015 - INFO - BruceFeIix获取到 180 个URL
2025-08-06 12:23:43,015 - INFO - === 开始处理 2025-08-06 的数据 ===
2025-08-06 12:23:43,015 - INFO - Doonsec原始数据: 200 个
2025-08-06 12:23:43,015 - INFO - ChainReactors原始数据: 182 个
2025-08-06 12:23:43,015 - INFO - BruceFeIix原始数据: 180 个
2025-08-06 12:23:43,015 - INFO - 开始处理Doonsec数据...
2025-08-06 12:23:43,015 - INFO - 开始处理ChainReactors数据...
2025-08-06 12:23:43,016 - INFO - 开始处理BruceFeIix数据...
2025-08-06 12:23:43,016 - INFO - 去重后共 285 个URL待处理，跳过 277 个重复URL
2025-08-06 12:23:43,016 - INFO - 去重后统计 - Doonsec: 188 个, ChainReactors: 97 个, BruceFeIix: 0 个
2025-08-06 12:23:43,016 - INFO - === 开始关键词过滤 ===
2025-08-06 12:23:43,025 - INFO - 关键词过滤: 匹配 41 个，跳过 244 个
2025-08-06 12:23:43,025 - INFO - 关键词过滤后统计 - Doonsec: 41 个, ChainReactors: 0 个, BruceFeIix: 0 个
2025-08-06 12:23:43,041 - INFO - 已创建每日报告: md/2025-08-06.md
2025-08-06 12:23:43,041 - INFO - === 跳过二进制文件处理，只更新data.json ===
2025-08-06 12:23:43,071 - INFO - 已更新data.json，添加了 41 个URL
2025-08-06 12:23:43,072 - INFO - 已创建每日报告: md/2025-08-06.md
2025-08-06 12:23:43,072 - INFO - === 执行完成 ===
2025-08-06 16:14:53,541 - INFO - === 开始执行微信文章归档工具 ===
2025-08-06 16:14:53,542 - INFO - 数据文件: data.json
2025-08-06 16:14:53,542 - INFO - 可执行文件: ./bin/wechatmp2markdown-v1.1.11_linux_amd64
2025-08-06 16:14:53,542 - INFO - 文档目录: doc
2025-08-06 16:14:53,578 - INFO - 已加载 18166 条历史记录
2025-08-06 16:14:53,578 - INFO - === 开始今日拉取 ===
2025-08-06 16:14:53,578 - INFO - 开始获取Doonsec RSS
2025-08-06 16:14:53,578 - INFO - 目标日期: 2025-08-06
2025-08-06 16:14:55,257 - INFO - Doonsec RSS请求成功
2025-08-06 16:14:55,259 - INFO - RSS中共有 200 个条目
2025-08-06 16:14:55,260 - INFO - Doonsec获取到 198 个2025-08-06的微信文章URL
2025-08-06 16:14:55,260 - INFO - ChainReactors md文件URL: https://raw.githubusercontent.com/chainreactors/picker/refs/heads/master/archive/daily/2025/2025-08-06.md
2025-08-06 16:14:55,489 - INFO - ChainReactors md文件下载状态码: 200
2025-08-06 16:14:55,491 - INFO - ChainReactors获取到 182 个URL
2025-08-06 16:14:55,491 - INFO - BruceFeIix md文件URL: https://raw.githubusercontent.com/BruceFeIix/picker/refs/heads/master/archive/daily/2025/2025-08-06.md
2025-08-06 16:14:55,509 - INFO - BruceFeIix md文件下载状态码: 200
2025-08-06 16:14:55,510 - INFO - BruceFeIix获取到 180 个URL
2025-08-06 16:14:55,510 - INFO - === 开始处理 2025-08-06 的数据 ===
2025-08-06 16:14:55,510 - INFO - Doonsec原始数据: 198 个
2025-08-06 16:14:55,510 - INFO - ChainReactors原始数据: 182 个
2025-08-06 16:14:55,510 - INFO - BruceFeIix原始数据: 180 个
2025-08-06 16:14:55,510 - INFO - 开始处理Doonsec数据...
2025-08-06 16:14:55,511 - INFO - 开始处理ChainReactors数据...
2025-08-06 16:14:55,511 - INFO - 开始处理BruceFeIix数据...
2025-08-06 16:14:55,511 - INFO - 去重后共 251 个URL待处理，跳过 309 个重复URL
2025-08-06 16:14:55,511 - INFO - 去重后统计 - Doonsec: 154 个, ChainReactors: 97 个, BruceFeIix: 0 个
2025-08-06 16:14:55,511 - INFO - === 开始关键词过滤 ===
2025-08-06 16:14:55,520 - INFO - 关键词过滤: 匹配 12 个，跳过 239 个
2025-08-06 16:14:55,520 - INFO - 关键词过滤后统计 - Doonsec: 12 个, ChainReactors: 0 个, BruceFeIix: 0 个
2025-08-06 16:14:55,532 - INFO - 已创建每日报告: md/2025-08-06.md
2025-08-06 16:14:55,532 - INFO - === 跳过二进制文件处理，只更新data.json ===
2025-08-06 16:14:55,563 - INFO - 已更新data.json，添加了 12 个URL
2025-08-06 16:14:55,563 - INFO - 已创建每日报告: md/2025-08-06.md
2025-08-06 16:14:55,563 - INFO - === 执行完成 ===
2025-08-06 20:12:52,670 - INFO - === 开始执行微信文章归档工具 ===
2025-08-06 20:12:52,671 - INFO - 数据文件: data.json
2025-08-06 20:12:52,671 - INFO - 可执行文件: ./bin/wechatmp2markdown-v1.1.11_linux_amd64
2025-08-06 20:12:52,671 - INFO - 文档目录: doc
2025-08-06 20:12:52,704 - INFO - 已加载 18178 条历史记录
2025-08-06 20:12:52,704 - INFO - === 开始今日拉取 ===
2025-08-06 20:12:52,704 - INFO - 开始获取Doonsec RSS
2025-08-06 20:12:52,704 - INFO - 目标日期: 2025-08-06
2025-08-06 20:12:54,112 - INFO - Doonsec RSS请求成功
2025-08-06 20:12:54,114 - INFO - RSS中共有 200 个条目
2025-08-06 20:12:54,114 - INFO - Doonsec获取到 187 个2025-08-06的微信文章URL
2025-08-06 20:12:54,115 - INFO - ChainReactors md文件URL: https://raw.githubusercontent.com/chainreactors/picker/refs/heads/master/archive/daily/2025/2025-08-06.md
2025-08-06 20:12:54,157 - INFO - ChainReactors md文件下载状态码: 200
2025-08-06 20:12:54,158 - INFO - ChainReactors获取到 182 个URL
2025-08-06 20:12:54,159 - INFO - BruceFeIix md文件URL: https://raw.githubusercontent.com/BruceFeIix/picker/refs/heads/master/archive/daily/2025/2025-08-06.md
2025-08-06 20:12:54,209 - INFO - BruceFeIix md文件下载状态码: 200
2025-08-06 20:12:54,210 - INFO - BruceFeIix获取到 180 个URL
2025-08-06 20:12:54,210 - INFO - === 开始处理 2025-08-06 的数据 ===
2025-08-06 20:12:54,210 - INFO - Doonsec原始数据: 187 个
2025-08-06 20:12:54,210 - INFO - ChainReactors原始数据: 182 个
2025-08-06 20:12:54,210 - INFO - BruceFeIix原始数据: 180 个
2025-08-06 20:12:54,210 - INFO - 开始处理Doonsec数据...
2025-08-06 20:12:54,211 - INFO - 开始处理ChainReactors数据...
2025-08-06 20:12:54,211 - INFO - 开始处理BruceFeIix数据...
2025-08-06 20:12:54,211 - INFO - 去重后共 230 个URL待处理，跳过 319 个重复URL
2025-08-06 20:12:54,211 - INFO - 去重后统计 - Doonsec: 133 个, ChainReactors: 97 个, BruceFeIix: 0 个
2025-08-06 20:12:54,212 - INFO - === 开始关键词过滤 ===
2025-08-06 20:12:54,220 - INFO - 关键词过滤: 匹配 0 个，跳过 230 个
2025-08-06 20:12:54,220 - INFO - 关键词过滤后统计 - Doonsec: 0 个, ChainReactors: 0 个, BruceFeIix: 0 个
2025-08-06 20:12:54,220 - INFO - === 跳过二进制文件处理，只更新data.json ===
2025-08-06 20:12:54,250 - INFO - 已更新data.json，添加了 0 个URL
2025-08-06 20:12:54,250 - INFO - === 执行完成 ===
2025-08-07 00:58:38,491 - INFO - === 开始执行微信文章归档工具 ===
2025-08-07 00:58:38,492 - INFO - 数据文件: data.json
2025-08-07 00:58:38,492 - INFO - 可执行文件: ./bin/wechatmp2markdown-v1.1.11_linux_amd64
2025-08-07 00:58:38,492 - INFO - 文档目录: doc
2025-08-07 00:58:38,524 - INFO - 已加载 18178 条历史记录
2025-08-07 00:58:38,524 - INFO - === 开始今日拉取 ===
2025-08-07 00:58:38,524 - INFO - 开始获取Doonsec RSS
2025-08-07 00:58:38,524 - INFO - 目标日期: 2025-08-07
2025-08-07 00:58:41,617 - INFO - Doonsec RSS请求成功
2025-08-07 00:58:41,618 - INFO - RSS中共有 200 个条目
2025-08-07 00:58:41,619 - INFO - Doonsec获取到 58 个2025-08-07的微信文章URL
2025-08-07 00:58:41,619 - INFO - ChainReactors md文件URL: https://raw.githubusercontent.com/chainreactors/picker/refs/heads/master/archive/daily/2025/2025-08-07.md
2025-08-07 00:58:41,661 - INFO - ChainReactors md文件下载状态码: 404
2025-08-07 00:58:41,661 - WARNING - ChainReactors md文件下载失败: https://raw.githubusercontent.com/chainreactors/picker/refs/heads/master/archive/daily/2025/2025-08-07.md 状态码: 404
2025-08-07 00:58:41,661 - INFO - BruceFeIix md文件URL: https://raw.githubusercontent.com/BruceFeIix/picker/refs/heads/master/archive/daily/2025/2025-08-07.md
2025-08-07 00:58:41,699 - INFO - BruceFeIix md文件下载状态码: 404
2025-08-07 00:58:41,699 - WARNING - BruceFeIix md文件下载失败: https://raw.githubusercontent.com/BruceFeIix/picker/refs/heads/master/archive/daily/2025/2025-08-07.md 状态码: 404
2025-08-07 00:58:41,699 - INFO - === 开始处理 2025-08-07 的数据 ===
2025-08-07 00:58:41,700 - INFO - Doonsec原始数据: 58 个
2025-08-07 00:58:41,700 - INFO - ChainReactors原始数据: 0 个
2025-08-07 00:58:41,700 - INFO - BruceFeIix原始数据: 0 个
2025-08-07 00:58:41,700 - INFO - 开始处理Doonsec数据...
2025-08-07 00:58:41,700 - INFO - 开始处理ChainReactors数据...
2025-08-07 00:58:41,700 - INFO - 开始处理BruceFeIix数据...
2025-08-07 00:58:41,700 - INFO - 去重后共 58 个URL待处理，跳过 0 个重复URL
2025-08-07 00:58:41,700 - INFO - 去重后统计 - Doonsec: 58 个, ChainReactors: 0 个, BruceFeIix: 0 个
2025-08-07 00:58:41,700 - INFO - === 开始关键词过滤 ===
2025-08-07 00:58:41,702 - INFO - 关键词过滤: 匹配 17 个，跳过 41 个
2025-08-07 00:58:41,702 - INFO - 关键词过滤后统计 - Doonsec: 17 个, ChainReactors: 0 个, BruceFeIix: 0 个
2025-08-07 00:58:41,726 - INFO - 已创建每日报告: md/2025-08-07.md
2025-08-07 00:58:41,726 - INFO - === 跳过二进制文件处理，只更新data.json ===
2025-08-07 00:58:41,756 - INFO - 已更新data.json，添加了 17 个URL
2025-08-07 00:58:41,757 - INFO - 已创建每日报告: md/2025-08-07.md
2025-08-07 00:58:41,757 - INFO - === 执行完成 ===
2025-08-07 04:36:12,979 - INFO - === 开始执行微信文章归档工具 ===
2025-08-07 04:36:12,979 - INFO - 数据文件: data.json
2025-08-07 04:36:12,979 - INFO - 可执行文件: ./bin/wechatmp2markdown-v1.1.11_linux_amd64
2025-08-07 04:36:12,980 - INFO - 文档目录: doc
2025-08-07 04:36:13,011 - INFO - 已加载 18195 条历史记录
2025-08-07 04:36:13,011 - INFO - === 开始今日拉取 ===
2025-08-07 04:36:13,011 - INFO - 开始获取Doonsec RSS
2025-08-07 04:36:13,011 - INFO - 目标日期: 2025-08-07
2025-08-07 04:36:14,794 - INFO - Doonsec RSS请求成功
2025-08-07 04:36:14,798 - INFO - RSS中共有 200 个条目
2025-08-07 04:36:14,798 - INFO - Doonsec获取到 143 个2025-08-07的微信文章URL
2025-08-07 04:36:14,799 - INFO - ChainReactors md文件URL: https://raw.githubusercontent.com/chainreactors/picker/refs/heads/master/archive/daily/2025/2025-08-07.md
2025-08-07 04:36:14,853 - INFO - ChainReactors md文件下载状态码: 200
2025-08-07 04:36:14,854 - INFO - ChainReactors获取到 129 个URL
2025-08-07 04:36:14,854 - INFO - BruceFeIix md文件URL: https://raw.githubusercontent.com/BruceFeIix/picker/refs/heads/master/archive/daily/2025/2025-08-07.md
2025-08-07 04:36:14,964 - INFO - BruceFeIix md文件下载状态码: 200
2025-08-07 04:36:14,965 - INFO - BruceFeIix获取到 126 个URL
2025-08-07 04:36:14,965 - INFO - === 开始处理 2025-08-07 的数据 ===
2025-08-07 04:36:14,965 - INFO - Doonsec原始数据: 143 个
2025-08-07 04:36:14,965 - INFO - ChainReactors原始数据: 129 个
2025-08-07 04:36:14,965 - INFO - BruceFeIix原始数据: 126 个
2025-08-07 04:36:14,965 - INFO - 开始处理Doonsec数据...
2025-08-07 04:36:14,965 - INFO - 开始处理ChainReactors数据...
2025-08-07 04:36:14,966 - INFO - 开始处理BruceFeIix数据...
2025-08-07 04:36:14,966 - INFO - 去重后共 216 个URL待处理，跳过 182 个重复URL
2025-08-07 04:36:14,966 - INFO - 去重后统计 - Doonsec: 126 个, ChainReactors: 90 个, BruceFeIix: 0 个
2025-08-07 04:36:14,966 - INFO - === 开始关键词过滤 ===
2025-08-07 04:36:14,973 - INFO - 关键词过滤: 匹配 38 个，跳过 178 个
2025-08-07 04:36:14,973 - INFO - 关键词过滤后统计 - Doonsec: 28 个, ChainReactors: 10 个, BruceFeIix: 0 个
2025-08-07 04:36:14,978 - INFO - 已创建每日报告: md/2025-08-07.md
2025-08-07 04:36:14,978 - INFO - === 跳过二进制文件处理，只更新data.json ===
2025-08-07 04:36:15,008 - INFO - 已更新data.json，添加了 38 个URL
2025-08-07 04:36:15,009 - INFO - 已创建每日报告: md/2025-08-07.md
2025-08-07 04:36:15,009 - INFO - === 执行完成 ===
2025-08-07 08:16:30,240 - INFO - === 开始执行微信文章归档工具 ===
2025-08-07 08:16:30,241 - INFO - 数据文件: data.json
2025-08-07 08:16:30,242 - INFO - 可执行文件: ./bin/wechatmp2markdown-v1.1.11_linux_amd64
2025-08-07 08:16:30,242 - INFO - 文档目录: doc
2025-08-07 08:16:30,275 - INFO - 已加载 18233 条历史记录
2025-08-07 08:16:30,275 - INFO - === 开始今日拉取 ===
2025-08-07 08:16:30,275 - INFO - 开始获取Doonsec RSS
2025-08-07 08:16:30,275 - INFO - 目标日期: 2025-08-07
2025-08-07 08:16:33,772 - INFO - Doonsec RSS请求成功
2025-08-07 08:16:33,774 - INFO - RSS中共有 200 个条目
2025-08-07 08:16:33,774 - INFO - Doonsec获取到 200 个2025-08-07的微信文章URL
2025-08-07 08:16:33,774 - INFO - ChainReactors md文件URL: https://raw.githubusercontent.com/chainreactors/picker/refs/heads/master/archive/daily/2025/2025-08-07.md
2025-08-07 08:16:33,827 - INFO - ChainReactors md文件下载状态码: 200
2025-08-07 08:16:33,829 - INFO - ChainReactors获取到 129 个URL
2025-08-07 08:16:33,829 - INFO - BruceFeIix md文件URL: https://raw.githubusercontent.com/BruceFeIix/picker/refs/heads/master/archive/daily/2025/2025-08-07.md
2025-08-07 08:16:33,843 - INFO - BruceFeIix md文件下载状态码: 200
2025-08-07 08:16:33,844 - INFO - BruceFeIix获取到 126 个URL
2025-08-07 08:16:33,844 - INFO - === 开始处理 2025-08-07 的数据 ===
2025-08-07 08:16:33,844 - INFO - Doonsec原始数据: 200 个
2025-08-07 08:16:33,844 - INFO - ChainReactors原始数据: 129 个
2025-08-07 08:16:33,844 - INFO - BruceFeIix原始数据: 126 个
2025-08-07 08:16:33,844 - INFO - 开始处理Doonsec数据...
2025-08-07 08:16:33,845 - INFO - 开始处理ChainReactors数据...
2025-08-07 08:16:33,845 - INFO - 开始处理BruceFeIix数据...
2025-08-07 08:16:33,845 - INFO - 去重后共 239 个URL待处理，跳过 216 个重复URL
2025-08-07 08:16:33,845 - INFO - 去重后统计 - Doonsec: 159 个, ChainReactors: 80 个, BruceFeIix: 0 个
2025-08-07 08:16:33,845 - INFO - === 开始关键词过滤 ===
2025-08-07 08:16:33,854 - INFO - 关键词过滤: 匹配 20 个，跳过 219 个
2025-08-07 08:16:33,854 - INFO - 关键词过滤后统计 - Doonsec: 20 个, ChainReactors: 0 个, BruceFeIix: 0 个
2025-08-07 08:16:33,875 - INFO - 已创建每日报告: md/2025-08-07.md
2025-08-07 08:16:33,875 - INFO - === 跳过二进制文件处理，只更新data.json ===
2025-08-07 08:16:33,905 - INFO - 已更新data.json，添加了 20 个URL
2025-08-07 08:16:33,906 - INFO - 已创建每日报告: md/2025-08-07.md
2025-08-07 08:16:33,906 - INFO - === 执行完成 ===
2025-08-07 12:23:14,037 - INFO - === 开始执行微信文章归档工具 ===
2025-08-07 12:23:14,038 - INFO - 数据文件: data.json
2025-08-07 12:23:14,038 - INFO - 可执行文件: ./bin/wechatmp2markdown-v1.1.11_linux_amd64
2025-08-07 12:23:14,038 - INFO - 文档目录: doc
2025-08-07 12:23:14,070 - INFO - 已加载 18253 条历史记录
2025-08-07 12:23:14,070 - INFO - === 开始今日拉取 ===
2025-08-07 12:23:14,070 - INFO - 开始获取Doonsec RSS
2025-08-07 12:23:14,070 - INFO - 目标日期: 2025-08-07
2025-08-07 12:23:16,603 - INFO - Doonsec RSS请求成功
2025-08-07 12:23:16,605 - INFO - RSS中共有 200 个条目
2025-08-07 12:23:16,605 - INFO - Doonsec获取到 200 个2025-08-07的微信文章URL
2025-08-07 12:23:16,606 - INFO - ChainReactors md文件URL: https://raw.githubusercontent.com/chainreactors/picker/refs/heads/master/archive/daily/2025/2025-08-07.md
2025-08-07 12:23:16,698 - INFO - ChainReactors md文件下载状态码: 200
2025-08-07 12:23:16,700 - INFO - ChainReactors获取到 129 个URL
2025-08-07 12:23:16,700 - INFO - BruceFeIix md文件URL: https://raw.githubusercontent.com/BruceFeIix/picker/refs/heads/master/archive/daily/2025/2025-08-07.md
2025-08-07 12:23:16,813 - INFO - BruceFeIix md文件下载状态码: 200
2025-08-07 12:23:16,814 - INFO - BruceFeIix获取到 126 个URL
2025-08-07 12:23:16,814 - INFO - === 开始处理 2025-08-07 的数据 ===
2025-08-07 12:23:16,815 - INFO - Doonsec原始数据: 200 个
2025-08-07 12:23:16,815 - INFO - ChainReactors原始数据: 129 个
2025-08-07 12:23:16,815 - INFO - BruceFeIix原始数据: 126 个
2025-08-07 12:23:16,815 - INFO - 开始处理Doonsec数据...
2025-08-07 12:23:16,815 - INFO - 开始处理ChainReactors数据...
2025-08-07 12:23:16,815 - INFO - 开始处理BruceFeIix数据...
2025-08-07 12:23:16,816 - INFO - 去重后共 264 个URL待处理，跳过 191 个重复URL
2025-08-07 12:23:16,816 - INFO - 去重后统计 - Doonsec: 184 个, ChainReactors: 80 个, BruceFeIix: 0 个
2025-08-07 12:23:16,816 - INFO - === 开始关键词过滤 ===
2025-08-07 12:23:16,825 - INFO - 关键词过滤: 匹配 32 个，跳过 232 个
2025-08-07 12:23:16,825 - INFO - 关键词过滤后统计 - Doonsec: 32 个, ChainReactors: 0 个, BruceFeIix: 0 个
2025-08-07 12:23:16,866 - INFO - 已创建每日报告: md/2025-08-07.md
2025-08-07 12:23:16,867 - INFO - === 跳过二进制文件处理，只更新data.json ===
2025-08-07 12:23:16,897 - INFO - 已更新data.json，添加了 32 个URL
2025-08-07 12:23:16,898 - INFO - 已创建每日报告: md/2025-08-07.md
2025-08-07 12:23:16,898 - INFO - === 执行完成 ===
2025-08-07 16:14:36,725 - INFO - === 开始执行微信文章归档工具 ===
2025-08-07 16:14:36,725 - INFO - 数据文件: data.json
2025-08-07 16:14:36,726 - INFO - 可执行文件: ./bin/wechatmp2markdown-v1.1.11_linux_amd64
2025-08-07 16:14:36,726 - INFO - 文档目录: doc
2025-08-07 16:14:36,758 - INFO - 已加载 18285 条历史记录
2025-08-07 16:14:36,758 - INFO - === 开始今日拉取 ===
2025-08-07 16:14:36,758 - INFO - 开始获取Doonsec RSS
2025-08-07 16:14:36,758 - INFO - 目标日期: 2025-08-07
2025-08-07 16:14:39,230 - INFO - Doonsec RSS请求成功
2025-08-07 16:14:39,233 - INFO - RSS中共有 200 个条目
2025-08-07 16:14:39,233 - INFO - Doonsec获取到 200 个2025-08-07的微信文章URL
2025-08-07 16:14:39,234 - INFO - ChainReactors md文件URL: https://raw.githubusercontent.com/chainreactors/picker/refs/heads/master/archive/daily/2025/2025-08-07.md
2025-08-07 16:14:39,250 - INFO - ChainReactors md文件下载状态码: 200
2025-08-07 16:14:39,252 - INFO - ChainReactors获取到 129 个URL
2025-08-07 16:14:39,252 - INFO - BruceFeIix md文件URL: https://raw.githubusercontent.com/BruceFeIix/picker/refs/heads/master/archive/daily/2025/2025-08-07.md
2025-08-07 16:14:39,268 - INFO - BruceFeIix md文件下载状态码: 200
2025-08-07 16:14:39,269 - INFO - BruceFeIix获取到 126 个URL
2025-08-07 16:14:39,270 - INFO - === 开始处理 2025-08-07 的数据 ===
2025-08-07 16:14:39,270 - INFO - Doonsec原始数据: 200 个
2025-08-07 16:14:39,270 - INFO - ChainReactors原始数据: 129 个
2025-08-07 16:14:39,270 - INFO - BruceFeIix原始数据: 126 个
2025-08-07 16:14:39,270 - INFO - 开始处理Doonsec数据...
2025-08-07 16:14:39,270 - INFO - 开始处理ChainReactors数据...
2025-08-07 16:14:39,270 - INFO - 开始处理BruceFeIix数据...
2025-08-07 16:14:39,271 - INFO - 去重后共 244 个URL待处理，跳过 211 个重复URL
2025-08-07 16:14:39,271 - INFO - 去重后统计 - Doonsec: 164 个, ChainReactors: 80 个, BruceFeIix: 0 个
2025-08-07 16:14:39,271 - INFO - === 开始关键词过滤 ===
2025-08-07 16:14:39,279 - INFO - 关键词过滤: 匹配 11 个，跳过 233 个
2025-08-07 16:14:39,280 - INFO - 关键词过滤后统计 - Doonsec: 11 个, ChainReactors: 0 个, BruceFeIix: 0 个
2025-08-07 16:14:39,295 - INFO - 已创建每日报告: md/2025-08-07.md
2025-08-07 16:14:39,295 - INFO - === 跳过二进制文件处理，只更新data.json ===
2025-08-07 16:14:39,326 - INFO - 已更新data.json，添加了 11 个URL
2025-08-07 16:14:39,327 - INFO - 已创建每日报告: md/2025-08-07.md
2025-08-07 16:14:39,327 - INFO - === 执行完成 ===
2025-08-07 20:12:41,427 - INFO - === 开始执行微信文章归档工具 ===
2025-08-07 20:12:41,428 - INFO - 数据文件: data.json
2025-08-07 20:12:41,428 - INFO - 可执行文件: ./bin/wechatmp2markdown-v1.1.11_linux_amd64
2025-08-07 20:12:41,428 - INFO - 文档目录: doc
2025-08-07 20:12:41,462 - INFO - 已加载 18296 条历史记录
2025-08-07 20:12:41,462 - INFO - === 开始今日拉取 ===
2025-08-07 20:12:41,462 - INFO - 开始获取Doonsec RSS
2025-08-07 20:12:41,462 - INFO - 目标日期: 2025-08-07
2025-08-07 20:12:43,240 - INFO - Doonsec RSS请求成功
2025-08-07 20:12:43,243 - INFO - RSS中共有 200 个条目
2025-08-07 20:12:43,243 - INFO - Doonsec获取到 186 个2025-08-07的微信文章URL
2025-08-07 20:12:43,244 - INFO - ChainReactors md文件URL: https://raw.githubusercontent.com/chainreactors/picker/refs/heads/master/archive/daily/2025/2025-08-07.md
2025-08-07 20:12:43,357 - INFO - ChainReactors md文件下载状态码: 200
2025-08-07 20:12:43,359 - INFO - ChainReactors获取到 129 个URL
2025-08-07 20:12:43,359 - INFO - BruceFeIix md文件URL: https://raw.githubusercontent.com/BruceFeIix/picker/refs/heads/master/archive/daily/2025/2025-08-07.md
2025-08-07 20:12:43,464 - INFO - BruceFeIix md文件下载状态码: 200
2025-08-07 20:12:43,466 - INFO - BruceFeIix获取到 126 个URL
2025-08-07 20:12:43,466 - INFO - === 开始处理 2025-08-07 的数据 ===
2025-08-07 20:12:43,466 - INFO - Doonsec原始数据: 186 个
2025-08-07 20:12:43,466 - INFO - ChainReactors原始数据: 129 个
2025-08-07 20:12:43,466 - INFO - BruceFeIix原始数据: 126 个
2025-08-07 20:12:43,466 - INFO - 开始处理Doonsec数据...
2025-08-07 20:12:43,466 - INFO - 开始处理ChainReactors数据...
2025-08-07 20:12:43,466 - INFO - 开始处理BruceFeIix数据...
2025-08-07 20:12:43,467 - INFO - 去重后共 220 个URL待处理，跳过 221 个重复URL
2025-08-07 20:12:43,467 - INFO - 去重后统计 - Doonsec: 140 个, ChainReactors: 80 个, BruceFeIix: 0 个
2025-08-07 20:12:43,467 - INFO - === 开始关键词过滤 ===
2025-08-07 20:12:43,475 - INFO - 关键词过滤: 匹配 0 个，跳过 220 个
2025-08-07 20:12:43,475 - INFO - 关键词过滤后统计 - Doonsec: 0 个, ChainReactors: 0 个, BruceFeIix: 0 个
2025-08-07 20:12:43,475 - INFO - === 跳过二进制文件处理，只更新data.json ===
2025-08-07 20:12:43,506 - INFO - 已更新data.json，添加了 0 个URL
2025-08-07 20:12:43,506 - INFO - === 执行完成 ===
2025-08-08 00:58:16,399 - INFO - === 开始执行微信文章归档工具 ===
2025-08-08 00:58:16,400 - INFO - 数据文件: data.json
2025-08-08 00:58:16,400 - INFO - 可执行文件: ./bin/wechatmp2markdown-v1.1.11_linux_amd64
2025-08-08 00:58:16,400 - INFO - 文档目录: doc
2025-08-08 00:58:16,434 - INFO - 已加载 18296 条历史记录
2025-08-08 00:58:16,434 - INFO - === 开始今日拉取 ===
2025-08-08 00:58:16,434 - INFO - 开始获取Doonsec RSS
2025-08-08 00:58:16,434 - INFO - 目标日期: 2025-08-08
2025-08-08 00:58:19,795 - INFO - Doonsec RSS请求成功
2025-08-08 00:58:19,797 - INFO - RSS中共有 200 个条目
2025-08-08 00:58:19,798 - INFO - Doonsec获取到 40 个2025-08-08的微信文章URL
2025-08-08 00:58:19,798 - INFO - ChainReactors md文件URL: https://raw.githubusercontent.com/chainreactors/picker/refs/heads/master/archive/daily/2025/2025-08-08.md
2025-08-08 00:58:19,848 - INFO - ChainReactors md文件下载状态码: 404
2025-08-08 00:58:19,848 - WARNING - ChainReactors md文件下载失败: https://raw.githubusercontent.com/chainreactors/picker/refs/heads/master/archive/daily/2025/2025-08-08.md 状态码: 404
2025-08-08 00:58:19,848 - INFO - BruceFeIix md文件URL: https://raw.githubusercontent.com/BruceFeIix/picker/refs/heads/master/archive/daily/2025/2025-08-08.md
2025-08-08 00:58:19,883 - INFO - BruceFeIix md文件下载状态码: 404
2025-08-08 00:58:19,883 - WARNING - BruceFeIix md文件下载失败: https://raw.githubusercontent.com/BruceFeIix/picker/refs/heads/master/archive/daily/2025/2025-08-08.md 状态码: 404
2025-08-08 00:58:19,883 - INFO - === 开始处理 2025-08-08 的数据 ===
2025-08-08 00:58:19,883 - INFO - Doonsec原始数据: 40 个
2025-08-08 00:58:19,883 - INFO - ChainReactors原始数据: 0 个
2025-08-08 00:58:19,883 - INFO - BruceFeIix原始数据: 0 个
2025-08-08 00:58:19,883 - INFO - 开始处理Doonsec数据...
2025-08-08 00:58:19,884 - INFO - 开始处理ChainReactors数据...
2025-08-08 00:58:19,884 - INFO - 开始处理BruceFeIix数据...
2025-08-08 00:58:19,884 - INFO - 去重后共 40 个URL待处理，跳过 0 个重复URL
2025-08-08 00:58:19,884 - INFO - 去重后统计 - Doonsec: 40 个, ChainReactors: 0 个, BruceFeIix: 0 个
2025-08-08 00:58:19,884 - INFO - === 开始关键词过滤 ===
2025-08-08 00:58:19,885 - INFO - 关键词过滤: 匹配 16 个，跳过 24 个
2025-08-08 00:58:19,885 - INFO - 关键词过滤后统计 - Doonsec: 16 个, ChainReactors: 0 个, BruceFeIix: 0 个
2025-08-08 00:58:19,900 - INFO - 已创建每日报告: md/2025-08-08.md
2025-08-08 00:58:19,900 - INFO - === 跳过二进制文件处理，只更新data.json ===
2025-08-08 00:58:19,931 - INFO - 已更新data.json，添加了 16 个URL
2025-08-08 00:58:19,932 - INFO - 已创建每日报告: md/2025-08-08.md
2025-08-08 00:58:19,932 - INFO - === 执行完成 ===
2025-08-08 04:35:52,457 - INFO - === 开始执行微信文章归档工具 ===
2025-08-08 04:35:52,458 - INFO - 数据文件: data.json
2025-08-08 04:35:52,458 - INFO - 可执行文件: ./bin/wechatmp2markdown-v1.1.11_linux_amd64
2025-08-08 04:35:52,458 - INFO - 文档目录: doc
2025-08-08 04:35:52,511 - INFO - 已加载 18312 条历史记录
2025-08-08 04:35:52,511 - INFO - === 开始今日拉取 ===
2025-08-08 04:35:52,511 - INFO - 开始获取Doonsec RSS
2025-08-08 04:35:52,511 - INFO - 目标日期: 2025-08-08
2025-08-08 04:35:53,967 - INFO - Doonsec RSS请求成功
2025-08-08 04:35:53,970 - INFO - RSS中共有 200 个条目
2025-08-08 04:35:53,971 - INFO - Doonsec获取到 126 个2025-08-08的微信文章URL
2025-08-08 04:35:53,971 - INFO - ChainReactors md文件URL: https://raw.githubusercontent.com/chainreactors/picker/refs/heads/master/archive/daily/2025/2025-08-08.md
2025-08-08 04:35:54,098 - INFO - ChainReactors md文件下载状态码: 200
2025-08-08 04:35:54,100 - INFO - ChainReactors获取到 157 个URL
2025-08-08 04:35:54,100 - INFO - BruceFeIix md文件URL: https://raw.githubusercontent.com/BruceFeIix/picker/refs/heads/master/archive/daily/2025/2025-08-08.md
2025-08-08 04:35:54,199 - INFO - BruceFeIix md文件下载状态码: 200
2025-08-08 04:35:54,200 - INFO - BruceFeIix获取到 148 个URL
2025-08-08 04:35:54,200 - INFO - === 开始处理 2025-08-08 的数据 ===
2025-08-08 04:35:54,200 - INFO - Doonsec原始数据: 126 个
2025-08-08 04:35:54,200 - INFO - ChainReactors原始数据: 157 个
2025-08-08 04:35:54,200 - INFO - BruceFeIix原始数据: 148 个
2025-08-08 04:35:54,200 - INFO - 开始处理Doonsec数据...
2025-08-08 04:35:54,200 - INFO - 开始处理ChainReactors数据...
2025-08-08 04:35:54,201 - INFO - 开始处理BruceFeIix数据...
2025-08-08 04:35:54,201 - INFO - 去重后共 212 个URL待处理，跳过 219 个重复URL
2025-08-08 04:35:54,201 - INFO - 去重后统计 - Doonsec: 110 个, ChainReactors: 102 个, BruceFeIix: 0 个
2025-08-08 04:35:54,201 - INFO - === 开始关键词过滤 ===
2025-08-08 04:35:54,208 - INFO - 关键词过滤: 匹配 38 个，跳过 174 个
2025-08-08 04:35:54,208 - INFO - 关键词过滤后统计 - Doonsec: 36 个, ChainReactors: 2 个, BruceFeIix: 0 个
2025-08-08 04:35:54,220 - INFO - 已创建每日报告: md/2025-08-08.md
2025-08-08 04:35:54,220 - INFO - === 跳过二进制文件处理，只更新data.json ===
2025-08-08 04:35:54,251 - INFO - 已更新data.json，添加了 38 个URL
2025-08-08 04:35:54,252 - INFO - 已创建每日报告: md/2025-08-08.md
2025-08-08 04:35:54,252 - INFO - === 执行完成 ===
2025-08-08 08:16:01,334 - INFO - === 开始执行微信文章归档工具 ===
2025-08-08 08:16:01,335 - INFO - 数据文件: data.json
2025-08-08 08:16:01,335 - INFO - 可执行文件: ./bin/wechatmp2markdown-v1.1.11_linux_amd64
2025-08-08 08:16:01,335 - INFO - 文档目录: doc
2025-08-08 08:16:01,367 - INFO - 已加载 18350 条历史记录
2025-08-08 08:16:01,367 - INFO - === 开始今日拉取 ===
2025-08-08 08:16:01,367 - INFO - 开始获取Doonsec RSS
2025-08-08 08:16:01,367 - INFO - 目标日期: 2025-08-08
2025-08-08 08:16:03,028 - INFO - Doonsec RSS请求成功
2025-08-08 08:16:03,032 - INFO - RSS中共有 200 个条目
2025-08-08 08:16:03,033 - INFO - Doonsec获取到 190 个2025-08-08的微信文章URL
2025-08-08 08:16:03,033 - INFO - ChainReactors md文件URL: https://raw.githubusercontent.com/chainreactors/picker/refs/heads/master/archive/daily/2025/2025-08-08.md
2025-08-08 08:16:03,082 - INFO - ChainReactors md文件下载状态码: 200
2025-08-08 08:16:03,083 - INFO - ChainReactors获取到 157 个URL
2025-08-08 08:16:03,083 - INFO - BruceFeIix md文件URL: https://raw.githubusercontent.com/BruceFeIix/picker/refs/heads/master/archive/daily/2025/2025-08-08.md
2025-08-08 08:16:03,128 - INFO - BruceFeIix md文件下载状态码: 200
2025-08-08 08:16:03,129 - INFO - BruceFeIix获取到 148 个URL
2025-08-08 08:16:03,129 - INFO - === 开始处理 2025-08-08 的数据 ===
2025-08-08 08:16:03,129 - INFO - Doonsec原始数据: 190 个
2025-08-08 08:16:03,130 - INFO - ChainReactors原始数据: 157 个
2025-08-08 08:16:03,130 - INFO - BruceFeIix原始数据: 148 个
2025-08-08 08:16:03,130 - INFO - 开始处理Doonsec数据...
2025-08-08 08:16:03,130 - INFO - 开始处理ChainReactors数据...
2025-08-08 08:16:03,130 - INFO - 开始处理BruceFeIix数据...
2025-08-08 08:16:03,130 - INFO - 去重后共 238 个URL待处理，跳过 257 个重复URL
2025-08-08 08:16:03,131 - INFO - 去重后统计 - Doonsec: 138 个, ChainReactors: 100 个, BruceFeIix: 0 个
2025-08-08 08:16:03,131 - INFO - === 开始关键词过滤 ===
2025-08-08 08:16:03,139 - INFO - 关键词过滤: 匹配 12 个，跳过 226 个
2025-08-08 08:16:03,139 - INFO - 关键词过滤后统计 - Doonsec: 12 个, ChainReactors: 0 个, BruceFeIix: 0 个
2025-08-08 08:16:03,144 - INFO - 已创建每日报告: md/2025-08-08.md
2025-08-08 08:16:03,144 - INFO - === 跳过二进制文件处理，只更新data.json ===
2025-08-08 08:16:03,175 - INFO - 已更新data.json，添加了 12 个URL
2025-08-08 08:16:03,175 - INFO - 已创建每日报告: md/2025-08-08.md
2025-08-08 08:16:03,175 - INFO - === 执行完成 ===
2025-08-08 09:01:51,599 - INFO - === 开始执行微信文章归档工具 ===
2025-08-08 09:01:51,600 - INFO - 数据文件: data.json
2025-08-08 09:01:51,600 - INFO - 可执行文件: ./bin/wechatmp2markdown-v1.1.11_linux_amd64
2025-08-08 09:01:51,601 - INFO - 文档目录: doc
2025-08-08 09:01:51,633 - INFO - 已加载 18362 条历史记录
2025-08-08 09:01:51,633 - INFO - === 开始今日拉取 ===
2025-08-08 09:01:51,633 - INFO - 开始获取Doonsec RSS
2025-08-08 09:01:51,633 - INFO - 目标日期: 2025-08-08
2025-08-08 09:01:54,067 - INFO - Doonsec RSS请求成功
2025-08-08 09:01:54,068 - INFO - RSS中共有 200 个条目
2025-08-08 09:01:54,069 - INFO - Doonsec获取到 200 个2025-08-08的微信文章URL
2025-08-08 09:01:54,069 - INFO - ChainReactors md文件URL: https://raw.githubusercontent.com/chainreactors/picker/refs/heads/master/archive/daily/2025/2025-08-08.md
2025-08-08 09:01:54,181 - INFO - ChainReactors md文件下载状态码: 200
2025-08-08 09:01:54,182 - INFO - ChainReactors获取到 157 个URL
2025-08-08 09:01:54,182 - INFO - BruceFeIix md文件URL: https://raw.githubusercontent.com/BruceFeIix/picker/refs/heads/master/archive/daily/2025/2025-08-08.md
2025-08-08 09:01:54,293 - INFO - BruceFeIix md文件下载状态码: 200
2025-08-08 09:01:54,294 - INFO - BruceFeIix获取到 148 个URL
2025-08-08 09:01:54,294 - INFO - === 开始处理 2025-08-08 的数据 ===
2025-08-08 09:01:54,294 - INFO - Doonsec原始数据: 200 个
2025-08-08 09:01:54,294 - INFO - ChainReactors原始数据: 157 个
2025-08-08 09:01:54,294 - INFO - BruceFeIix原始数据: 148 个
2025-08-08 09:01:54,294 - INFO - 开始处理Doonsec数据...
2025-08-08 09:01:54,295 - INFO - 开始处理ChainReactors数据...
2025-08-08 09:01:54,295 - INFO - 开始处理BruceFeIix数据...
2025-08-08 09:01:54,295 - INFO - 去重后共 241 个URL待处理，跳过 264 个重复URL
2025-08-08 09:01:54,295 - INFO - 去重后统计 - Doonsec: 141 个, ChainReactors: 100 个, BruceFeIix: 0 个
2025-08-08 09:01:54,295 - INFO - === 开始关键词过滤 ===
2025-08-08 09:01:54,303 - INFO - 关键词过滤: 匹配 7 个，跳过 234 个
2025-08-08 09:01:54,304 - INFO - 关键词过滤后统计 - Doonsec: 7 个, ChainReactors: 0 个, BruceFeIix: 0 个
2025-08-08 09:01:54,318 - INFO - 已创建每日报告: md/2025-08-08.md
2025-08-08 09:01:54,318 - INFO - === 跳过二进制文件处理，只更新data.json ===
2025-08-08 09:01:54,350 - INFO - 已更新data.json，添加了 7 个URL
2025-08-08 09:01:54,351 - INFO - 已创建每日报告: md/2025-08-08.md
2025-08-08 09:01:54,351 - INFO - === 执行完成 ===
2025-08-08 12:55:17,035 - INFO - === 开始执行微信文章归档工具 ===
2025-08-08 12:55:17,036 - INFO - 数据文件: data.json
2025-08-08 12:55:17,036 - INFO - 可执行文件: ./bin/wechatmp2markdown-v1.1.11_linux_amd64
2025-08-08 12:55:17,036 - INFO - 文档目录: doc
2025-08-08 12:55:17,068 - INFO - 已加载 18369 条历史记录
2025-08-08 12:55:17,068 - INFO - === 开始今日拉取 ===
2025-08-08 12:55:17,068 - INFO - 开始获取Doonsec RSS
2025-08-08 12:55:17,068 - INFO - 目标日期: 2025-08-08
2025-08-08 12:55:19,094 - INFO - Doonsec RSS请求成功
2025-08-08 12:55:19,097 - INFO - RSS中共有 200 个条目
2025-08-08 12:55:19,097 - INFO - Doonsec获取到 200 个2025-08-08的微信文章URL
2025-08-08 12:55:19,097 - INFO - ChainReactors md文件URL: https://raw.githubusercontent.com/chainreactors/picker/refs/heads/master/archive/daily/2025/2025-08-08.md
2025-08-08 12:55:19,182 - INFO - ChainReactors md文件下载状态码: 200
2025-08-08 12:55:19,183 - INFO - ChainReactors获取到 157 个URL
2025-08-08 12:55:19,183 - INFO - BruceFeIix md文件URL: https://raw.githubusercontent.com/BruceFeIix/picker/refs/heads/master/archive/daily/2025/2025-08-08.md
2025-08-08 12:55:19,269 - INFO - BruceFeIix md文件下载状态码: 200
2025-08-08 12:55:19,271 - INFO - BruceFeIix获取到 148 个URL
2025-08-08 12:55:19,271 - INFO - === 开始处理 2025-08-08 的数据 ===
2025-08-08 12:55:19,271 - INFO - Doonsec原始数据: 200 个
2025-08-08 12:55:19,271 - INFO - ChainReactors原始数据: 157 个
2025-08-08 12:55:19,271 - INFO - BruceFeIix原始数据: 148 个
2025-08-08 12:55:19,271 - INFO - 开始处理Doonsec数据...
2025-08-08 12:55:19,272 - INFO - 开始处理ChainReactors数据...
2025-08-08 12:55:19,272 - INFO - 开始处理BruceFeIix数据...
2025-08-08 12:55:19,272 - INFO - 去重后共 280 个URL待处理，跳过 225 个重复URL
2025-08-08 12:55:19,272 - INFO - 去重后统计 - Doonsec: 180 个, ChainReactors: 100 个, BruceFeIix: 0 个
2025-08-08 12:55:19,272 - INFO - === 开始关键词过滤 ===
2025-08-08 12:55:19,281 - INFO - 关键词过滤: 匹配 33 个，跳过 247 个
2025-08-08 12:55:19,281 - INFO - 关键词过滤后统计 - Doonsec: 33 个, ChainReactors: 0 个, BruceFeIix: 0 个
2025-08-08 12:55:19,304 - INFO - 已创建每日报告: md/2025-08-08.md
2025-08-08 12:55:19,304 - INFO - === 跳过二进制文件处理，只更新data.json ===
2025-08-08 12:55:19,335 - INFO - 已更新data.json，添加了 33 个URL
2025-08-08 12:55:19,336 - INFO - 已创建每日报告: md/2025-08-08.md
2025-08-08 12:55:19,336 - INFO - === 执行完成 ===
2025-08-08 16:31:05,505 - INFO - === 开始执行微信文章归档工具 ===
2025-08-08 16:31:05,506 - INFO - 数据文件: data.json
2025-08-08 16:31:05,506 - INFO - 可执行文件: ./bin/wechatmp2markdown-v1.1.11_linux_amd64
2025-08-08 16:31:05,506 - INFO - 文档目录: doc
2025-08-08 16:31:05,538 - INFO - 已加载 18402 条历史记录
2025-08-08 16:31:05,538 - INFO - === 开始今日拉取 ===
2025-08-08 16:31:05,538 - INFO - 开始获取Doonsec RSS
2025-08-08 16:31:05,538 - INFO - 目标日期: 2025-08-08
2025-08-08 16:31:07,217 - INFO - Doonsec RSS请求成功
2025-08-08 16:31:07,220 - INFO - RSS中共有 200 个条目
2025-08-08 16:31:07,221 - INFO - Doonsec获取到 190 个2025-08-08的微信文章URL
2025-08-08 16:31:07,222 - INFO - ChainReactors md文件URL: https://raw.githubusercontent.com/chainreactors/picker/refs/heads/master/archive/daily/2025/2025-08-08.md
2025-08-08 16:31:07,237 - INFO - ChainReactors md文件下载状态码: 200
2025-08-08 16:31:07,238 - INFO - ChainReactors获取到 157 个URL
2025-08-08 16:31:07,238 - INFO - BruceFeIix md文件URL: https://raw.githubusercontent.com/BruceFeIix/picker/refs/heads/master/archive/daily/2025/2025-08-08.md
2025-08-08 16:31:07,250 - INFO - BruceFeIix md文件下载状态码: 200
2025-08-08 16:31:07,251 - INFO - BruceFeIix获取到 148 个URL
2025-08-08 16:31:07,251 - INFO - === 开始处理 2025-08-08 的数据 ===
2025-08-08 16:31:07,251 - INFO - Doonsec原始数据: 190 个
2025-08-08 16:31:07,251 - INFO - ChainReactors原始数据: 157 个
2025-08-08 16:31:07,251 - INFO - BruceFeIix原始数据: 148 个
2025-08-08 16:31:07,251 - INFO - 开始处理Doonsec数据...
2025-08-08 16:31:07,252 - INFO - 开始处理ChainReactors数据...
2025-08-08 16:31:07,252 - INFO - 开始处理BruceFeIix数据...
2025-08-08 16:31:07,252 - INFO - 去重后共 244 个URL待处理，跳过 251 个重复URL
2025-08-08 16:31:07,252 - INFO - 去重后统计 - Doonsec: 144 个, ChainReactors: 100 个, BruceFeIix: 0 个
2025-08-08 16:31:07,252 - INFO - === 开始关键词过滤 ===
2025-08-08 16:31:07,261 - INFO - 关键词过滤: 匹配 7 个，跳过 237 个
2025-08-08 16:31:07,261 - INFO - 关键词过滤后统计 - Doonsec: 7 个, ChainReactors: 0 个, BruceFeIix: 0 个
2025-08-08 16:31:07,277 - INFO - 已创建每日报告: md/2025-08-08.md
2025-08-08 16:31:07,277 - INFO - === 跳过二进制文件处理，只更新data.json ===
2025-08-08 16:31:07,308 - INFO - 已更新data.json，添加了 7 个URL
2025-08-08 16:31:07,309 - INFO - 已创建每日报告: md/2025-08-08.md
2025-08-08 16:31:07,309 - INFO - === 执行完成 ===
2025-08-08 20:27:52,380 - INFO - === 开始执行微信文章归档工具 ===
2025-08-08 20:27:52,381 - INFO - 数据文件: data.json
2025-08-08 20:27:52,381 - INFO - 可执行文件: ./bin/wechatmp2markdown-v1.1.11_linux_amd64
2025-08-08 20:27:52,381 - INFO - 文档目录: doc
2025-08-08 20:27:52,413 - INFO - 已加载 18409 条历史记录
2025-08-08 20:27:52,413 - INFO - === 开始今日拉取 ===
2025-08-08 20:27:52,413 - INFO - 开始获取Doonsec RSS
2025-08-08 20:27:52,413 - INFO - 目标日期: 2025-08-08
2025-08-08 20:27:54,117 - INFO - Doonsec RSS请求成功
2025-08-08 20:27:54,119 - INFO - RSS中共有 200 个条目
2025-08-08 20:27:54,119 - INFO - Doonsec获取到 187 个2025-08-08的微信文章URL
2025-08-08 20:27:54,120 - INFO - ChainReactors md文件URL: https://raw.githubusercontent.com/chainreactors/picker/refs/heads/master/archive/daily/2025/2025-08-08.md
2025-08-08 20:27:54,245 - INFO - ChainReactors md文件下载状态码: 200
2025-08-08 20:27:54,246 - INFO - ChainReactors获取到 157 个URL
2025-08-08 20:27:54,246 - INFO - BruceFeIix md文件URL: https://raw.githubusercontent.com/BruceFeIix/picker/refs/heads/master/archive/daily/2025/2025-08-08.md
2025-08-08 20:27:54,333 - INFO - BruceFeIix md文件下载状态码: 200
2025-08-08 20:27:54,334 - INFO - BruceFeIix获取到 148 个URL
2025-08-08 20:27:54,334 - INFO - === 开始处理 2025-08-08 的数据 ===
2025-08-08 20:27:54,335 - INFO - Doonsec原始数据: 187 个
2025-08-08 20:27:54,335 - INFO - ChainReactors原始数据: 157 个
2025-08-08 20:27:54,335 - INFO - BruceFeIix原始数据: 148 个
2025-08-08 20:27:54,335 - INFO - 开始处理Doonsec数据...
2025-08-08 20:27:54,335 - INFO - 开始处理ChainReactors数据...
2025-08-08 20:27:54,335 - INFO - 开始处理BruceFeIix数据...
2025-08-08 20:27:54,335 - INFO - 去重后共 234 个URL待处理，跳过 258 个重复URL
2025-08-08 20:27:54,335 - INFO - 去重后统计 - Doonsec: 134 个, ChainReactors: 100 个, BruceFeIix: 0 个
2025-08-08 20:27:54,335 - INFO - === 开始关键词过滤 ===
2025-08-08 20:27:54,344 - INFO - 关键词过滤: 匹配 0 个，跳过 234 个
2025-08-08 20:27:54,344 - INFO - 关键词过滤后统计 - Doonsec: 0 个, ChainReactors: 0 个, BruceFeIix: 0 个
2025-08-08 20:27:54,344 - INFO - === 跳过二进制文件处理，只更新data.json ===
2025-08-08 20:27:54,374 - INFO - 已更新data.json，添加了 0 个URL
2025-08-08 20:27:54,374 - INFO - === 执行完成 ===
2025-08-09 01:59:29,378 - INFO - === 开始执行微信文章归档工具 ===
2025-08-09 01:59:29,379 - INFO - 数据文件: data.json
2025-08-09 01:59:29,379 - INFO - 可执行文件: ./bin/wechatmp2markdown-v1.1.11_linux_amd64
2025-08-09 01:59:29,379 - INFO - 文档目录: doc
2025-08-09 01:59:29,410 - INFO - 已加载 18409 条历史记录
2025-08-09 01:59:29,411 - INFO - === 开始今日拉取 ===
2025-08-09 01:59:29,411 - INFO - 开始获取Doonsec RSS
2025-08-09 01:59:29,411 - INFO - 目标日期: 2025-08-09
2025-08-09 01:59:32,003 - INFO - Doonsec RSS请求成功
2025-08-09 01:59:32,005 - INFO - RSS中共有 200 个条目
2025-08-09 01:59:32,005 - INFO - Doonsec获取到 40 个2025-08-09的微信文章URL
2025-08-09 01:59:32,005 - INFO - ChainReactors md文件URL: https://raw.githubusercontent.com/chainreactors/picker/refs/heads/master/archive/daily/2025/2025-08-09.md
2025-08-09 01:59:32,021 - INFO - ChainReactors md文件下载状态码: 404
2025-08-09 01:59:32,021 - WARNING - ChainReactors md文件下载失败: https://raw.githubusercontent.com/chainreactors/picker/refs/heads/master/archive/daily/2025/2025-08-09.md 状态码: 404
2025-08-09 01:59:32,021 - INFO - BruceFeIix md文件URL: https://raw.githubusercontent.com/BruceFeIix/picker/refs/heads/master/archive/daily/2025/2025-08-09.md
2025-08-09 01:59:32,032 - INFO - BruceFeIix md文件下载状态码: 404
2025-08-09 01:59:32,033 - WARNING - BruceFeIix md文件下载失败: https://raw.githubusercontent.com/BruceFeIix/picker/refs/heads/master/archive/daily/2025/2025-08-09.md 状态码: 404
2025-08-09 01:59:32,033 - INFO - === 开始处理 2025-08-09 的数据 ===
2025-08-09 01:59:32,033 - INFO - Doonsec原始数据: 40 个
2025-08-09 01:59:32,033 - INFO - ChainReactors原始数据: 0 个
2025-08-09 01:59:32,033 - INFO - BruceFeIix原始数据: 0 个
2025-08-09 01:59:32,033 - INFO - 开始处理Doonsec数据...
2025-08-09 01:59:32,033 - INFO - 开始处理ChainReactors数据...
2025-08-09 01:59:32,033 - INFO - 开始处理BruceFeIix数据...
2025-08-09 01:59:32,033 - INFO - 去重后共 40 个URL待处理，跳过 0 个重复URL
2025-08-09 01:59:32,033 - INFO - 去重后统计 - Doonsec: 40 个, ChainReactors: 0 个, BruceFeIix: 0 个
2025-08-09 01:59:32,033 - INFO - === 开始关键词过滤 ===
2025-08-09 01:59:32,035 - INFO - 关键词过滤: 匹配 14 个，跳过 26 个
2025-08-09 01:59:32,035 - INFO - 关键词过滤后统计 - Doonsec: 14 个, ChainReactors: 0 个, BruceFeIix: 0 个
2025-08-09 01:59:32,110 - INFO - 已创建每日报告: md/2025-08-09.md
2025-08-09 01:59:32,111 - INFO - === 跳过二进制文件处理，只更新data.json ===
2025-08-09 01:59:32,141 - INFO - 已更新data.json，添加了 14 个URL
2025-08-09 01:59:32,142 - INFO - 已创建每日报告: md/2025-08-09.md
2025-08-09 01:59:32,142 - INFO - === 执行完成 ===
2025-08-09 04:33:29,200 - INFO - === 开始执行微信文章归档工具 ===
2025-08-09 04:33:29,201 - INFO - 数据文件: data.json
2025-08-09 04:33:29,201 - INFO - 可执行文件: ./bin/wechatmp2markdown-v1.1.11_linux_amd64
2025-08-09 04:33:29,201 - INFO - 文档目录: doc
2025-08-09 04:33:29,238 - INFO - 已加载 18423 条历史记录
2025-08-09 04:33:29,238 - INFO - === 开始今日拉取 ===
2025-08-09 04:33:29,238 - INFO - 开始获取Doonsec RSS
2025-08-09 04:33:29,238 - INFO - 目标日期: 2025-08-09
2025-08-09 04:33:32,700 - INFO - Doonsec RSS请求成功
2025-08-09 04:33:32,701 - INFO - RSS中共有 200 个条目
2025-08-09 04:33:32,702 - INFO - Doonsec获取到 67 个2025-08-09的微信文章URL
2025-08-09 04:33:32,702 - INFO - ChainReactors md文件URL: https://raw.githubusercontent.com/chainreactors/picker/refs/heads/master/archive/daily/2025/2025-08-09.md
2025-08-09 04:33:32,717 - INFO - ChainReactors md文件下载状态码: 200
2025-08-09 04:33:32,718 - INFO - ChainReactors获取到 204 个URL
2025-08-09 04:33:32,718 - INFO - BruceFeIix md文件URL: https://raw.githubusercontent.com/BruceFeIix/picker/refs/heads/master/archive/daily/2025/2025-08-09.md
2025-08-09 04:33:32,730 - INFO - BruceFeIix md文件下载状态码: 200
2025-08-09 04:33:32,731 - INFO - BruceFeIix获取到 194 个URL
2025-08-09 04:33:32,731 - INFO - === 开始处理 2025-08-09 的数据 ===
2025-08-09 04:33:32,731 - INFO - Doonsec原始数据: 67 个
2025-08-09 04:33:32,731 - INFO - ChainReactors原始数据: 204 个
2025-08-09 04:33:32,731 - INFO - BruceFeIix原始数据: 194 个
2025-08-09 04:33:32,731 - INFO - 开始处理Doonsec数据...
2025-08-09 04:33:32,731 - INFO - 开始处理ChainReactors数据...
2025-08-09 04:33:32,732 - INFO - 开始处理BruceFeIix数据...
2025-08-09 04:33:32,732 - INFO - 去重后共 182 个URL待处理，跳过 283 个重复URL
2025-08-09 04:33:32,732 - INFO - 去重后统计 - Doonsec: 53 个, ChainReactors: 129 个, BruceFeIix: 0 个
2025-08-09 04:33:32,732 - INFO - === 开始关键词过滤 ===
2025-08-09 04:33:32,738 - INFO - 关键词过滤: 匹配 22 个，跳过 160 个
2025-08-09 04:33:32,738 - INFO - 关键词过滤后统计 - Doonsec: 18 个, ChainReactors: 4 个, BruceFeIix: 0 个
2025-08-09 04:33:32,753 - INFO - 已创建每日报告: md/2025-08-09.md
2025-08-09 04:33:32,753 - INFO - === 跳过二进制文件处理，只更新data.json ===
2025-08-09 04:33:32,784 - INFO - 已更新data.json，添加了 22 个URL
2025-08-09 04:33:32,784 - INFO - 已创建每日报告: md/2025-08-09.md
2025-08-09 04:33:32,784 - INFO - === 执行完成 ===
2025-08-09 08:30:22,062 - INFO - === 开始执行微信文章归档工具 ===
2025-08-09 08:30:22,063 - INFO - 数据文件: data.json
2025-08-09 08:30:22,063 - INFO - 可执行文件: ./bin/wechatmp2markdown-v1.1.11_linux_amd64
2025-08-09 08:30:22,063 - INFO - 文档目录: doc
2025-08-09 08:30:22,094 - INFO - 已加载 18445 条历史记录
2025-08-09 08:30:22,094 - INFO - === 开始今日拉取 ===
2025-08-09 08:30:22,094 - INFO - 开始获取Doonsec RSS
2025-08-09 08:30:22,095 - INFO - 目标日期: 2025-08-09
2025-08-09 08:30:25,295 - INFO - Doonsec RSS请求成功
2025-08-09 08:30:25,296 - INFO - RSS中共有 200 个条目
2025-08-09 08:30:25,297 - INFO - Doonsec获取到 94 个2025-08-09的微信文章URL
2025-08-09 08:30:25,297 - INFO - ChainReactors md文件URL: https://raw.githubusercontent.com/chainreactors/picker/refs/heads/master/archive/daily/2025/2025-08-09.md
2025-08-09 08:30:25,328 - INFO - ChainReactors md文件下载状态码: 200
2025-08-09 08:30:25,329 - INFO - ChainReactors获取到 204 个URL
2025-08-09 08:30:25,329 - INFO - BruceFeIix md文件URL: https://raw.githubusercontent.com/BruceFeIix/picker/refs/heads/master/archive/daily/2025/2025-08-09.md
2025-08-09 08:30:25,355 - INFO - BruceFeIix md文件下载状态码: 200
2025-08-09 08:30:25,356 - INFO - BruceFeIix获取到 194 个URL
2025-08-09 08:30:25,356 - INFO - === 开始处理 2025-08-09 的数据 ===
2025-08-09 08:30:25,356 - INFO - Doonsec原始数据: 94 个
2025-08-09 08:30:25,356 - INFO - ChainReactors原始数据: 204 个
2025-08-09 08:30:25,356 - INFO - BruceFeIix原始数据: 194 个
2025-08-09 08:30:25,356 - INFO - 开始处理Doonsec数据...
2025-08-09 08:30:25,357 - INFO - 开始处理ChainReactors数据...
2025-08-09 08:30:25,357 - INFO - 开始处理BruceFeIix数据...
2025-08-09 08:30:25,357 - INFO - 去重后共 187 个URL待处理，跳过 305 个重复URL
2025-08-09 08:30:25,357 - INFO - 去重后统计 - Doonsec: 62 个, ChainReactors: 125 个, BruceFeIix: 0 个
2025-08-09 08:30:25,357 - INFO - === 开始关键词过滤 ===
2025-08-09 08:30:25,364 - INFO - 关键词过滤: 匹配 7 个，跳过 180 个
2025-08-09 08:30:25,364 - INFO - 关键词过滤后统计 - Doonsec: 7 个, ChainReactors: 0 个, BruceFeIix: 0 个
2025-08-09 08:30:25,396 - INFO - 已创建每日报告: md/2025-08-09.md
2025-08-09 08:30:25,396 - INFO - === 跳过二进制文件处理，只更新data.json ===
2025-08-09 08:30:25,427 - INFO - 已更新data.json，添加了 7 个URL
2025-08-09 08:30:25,428 - INFO - 已创建每日报告: md/2025-08-09.md
2025-08-09 08:30:25,428 - INFO - === 执行完成 ===
2025-08-09 12:49:09,484 - INFO - === 开始执行微信文章归档工具 ===
2025-08-09 12:49:09,485 - INFO - 数据文件: data.json
2025-08-09 12:49:09,485 - INFO - 可执行文件: ./bin/wechatmp2markdown-v1.1.11_linux_amd64
2025-08-09 12:49:09,485 - INFO - 文档目录: doc
2025-08-09 12:49:09,518 - INFO - 已加载 18452 条历史记录
2025-08-09 12:49:09,518 - INFO - === 开始今日拉取 ===
2025-08-09 12:49:09,518 - INFO - 开始获取Doonsec RSS
2025-08-09 12:49:09,518 - INFO - 目标日期: 2025-08-09
2025-08-09 12:49:11,580 - INFO - Doonsec RSS请求成功
2025-08-09 12:49:11,583 - INFO - RSS中共有 200 个条目
2025-08-09 12:49:11,583 - INFO - Doonsec获取到 141 个2025-08-09的微信文章URL
2025-08-09 12:49:11,583 - INFO - ChainReactors md文件URL: https://raw.githubusercontent.com/chainreactors/picker/refs/heads/master/archive/daily/2025/2025-08-09.md
2025-08-09 12:49:11,675 - INFO - ChainReactors md文件下载状态码: 200
2025-08-09 12:49:11,676 - INFO - ChainReactors获取到 204 个URL
2025-08-09 12:49:11,677 - INFO - BruceFeIix md文件URL: https://raw.githubusercontent.com/BruceFeIix/picker/refs/heads/master/archive/daily/2025/2025-08-09.md
2025-08-09 12:49:11,792 - INFO - BruceFeIix md文件下载状态码: 200
2025-08-09 12:49:11,793 - INFO - BruceFeIix获取到 194 个URL
2025-08-09 12:49:11,793 - INFO - === 开始处理 2025-08-09 的数据 ===
2025-08-09 12:49:11,794 - INFO - Doonsec原始数据: 141 个
2025-08-09 12:49:11,794 - INFO - ChainReactors原始数据: 204 个
2025-08-09 12:49:11,794 - INFO - BruceFeIix原始数据: 194 个
2025-08-09 12:49:11,794 - INFO - 开始处理Doonsec数据...
2025-08-09 12:49:11,794 - INFO - 开始处理ChainReactors数据...
2025-08-09 12:49:11,795 - INFO - 开始处理BruceFeIix数据...
2025-08-09 12:49:11,795 - INFO - 去重后共 227 个URL待处理，跳过 312 个重复URL
2025-08-09 12:49:11,795 - INFO - 去重后统计 - Doonsec: 102 个, ChainReactors: 125 个, BruceFeIix: 0 个
2025-08-09 12:49:11,795 - INFO - === 开始关键词过滤 ===
2025-08-09 12:49:11,809 - INFO - 关键词过滤: 匹配 8 个，跳过 219 个
2025-08-09 12:49:11,809 - INFO - 关键词过滤后统计 - Doonsec: 8 个, ChainReactors: 0 个, BruceFeIix: 0 个
2025-08-09 12:49:11,869 - INFO - 已创建每日报告: md/2025-08-09.md
2025-08-09 12:49:11,869 - INFO - === 跳过二进制文件处理，只更新data.json ===
2025-08-09 12:49:11,900 - INFO - 已更新data.json，添加了 8 个URL
2025-08-09 12:49:11,900 - INFO - 已创建每日报告: md/2025-08-09.md
2025-08-09 12:49:11,900 - INFO - === 执行完成 ===
2025-08-09 16:29:29,317 - INFO - === 开始执行微信文章归档工具 ===
2025-08-09 16:29:29,318 - INFO - 数据文件: data.json
2025-08-09 16:29:29,318 - INFO - 可执行文件: ./bin/wechatmp2markdown-v1.1.11_linux_amd64
2025-08-09 16:29:29,318 - INFO - 文档目录: doc
2025-08-09 16:29:29,348 - INFO - 已加载 18460 条历史记录
2025-08-09 16:29:29,348 - INFO - === 开始今日拉取 ===
2025-08-09 16:29:29,349 - INFO - 开始获取Doonsec RSS
2025-08-09 16:29:29,349 - INFO - 目标日期: 2025-08-09
2025-08-09 16:29:31,013 - INFO - Doonsec RSS请求成功
2025-08-09 16:29:31,015 - INFO - RSS中共有 200 个条目
2025-08-09 16:29:31,016 - INFO - Doonsec获取到 161 个2025-08-09的微信文章URL
2025-08-09 16:29:31,016 - INFO - ChainReactors md文件URL: https://raw.githubusercontent.com/chainreactors/picker/refs/heads/master/archive/daily/2025/2025-08-09.md
2025-08-09 16:29:31,123 - INFO - ChainReactors md文件下载状态码: 200
2025-08-09 16:29:31,124 - INFO - ChainReactors获取到 204 个URL
2025-08-09 16:29:31,124 - INFO - BruceFeIix md文件URL: https://raw.githubusercontent.com/BruceFeIix/picker/refs/heads/master/archive/daily/2025/2025-08-09.md
2025-08-09 16:29:31,213 - INFO - BruceFeIix md文件下载状态码: 200
2025-08-09 16:29:31,214 - INFO - BruceFeIix获取到 194 个URL
2025-08-09 16:29:31,214 - INFO - === 开始处理 2025-08-09 的数据 ===
2025-08-09 16:29:31,214 - INFO - Doonsec原始数据: 161 个
2025-08-09 16:29:31,214 - INFO - ChainReactors原始数据: 204 个
2025-08-09 16:29:31,214 - INFO - BruceFeIix原始数据: 194 个
2025-08-09 16:29:31,214 - INFO - 开始处理Doonsec数据...
2025-08-09 16:29:31,215 - INFO - 开始处理ChainReactors数据...
2025-08-09 16:29:31,215 - INFO - 开始处理BruceFeIix数据...
2025-08-09 16:29:31,215 - INFO - 去重后共 239 个URL待处理，跳过 320 个重复URL
2025-08-09 16:29:31,215 - INFO - 去重后统计 - Doonsec: 114 个, ChainReactors: 125 个, BruceFeIix: 0 个
2025-08-09 16:29:31,215 - INFO - === 开始关键词过滤 ===
2025-08-09 16:29:31,224 - INFO - 关键词过滤: 匹配 7 个，跳过 232 个
2025-08-09 16:29:31,224 - INFO - 关键词过滤后统计 - Doonsec: 7 个, ChainReactors: 0 个, BruceFeIix: 0 个
2025-08-09 16:29:31,263 - INFO - 已创建每日报告: md/2025-08-09.md
2025-08-09 16:29:31,263 - INFO - === 跳过二进制文件处理，只更新data.json ===
2025-08-09 16:29:31,294 - INFO - 已更新data.json，添加了 7 个URL
2025-08-09 16:29:31,294 - INFO - 已创建每日报告: md/2025-08-09.md
2025-08-09 16:29:31,294 - INFO - === 执行完成 ===
2025-08-09 20:26:09,229 - INFO - === 开始执行微信文章归档工具 ===
2025-08-09 20:26:09,230 - INFO - 数据文件: data.json
2025-08-09 20:26:09,230 - INFO - 可执行文件: ./bin/wechatmp2markdown-v1.1.11_linux_amd64
2025-08-09 20:26:09,230 - INFO - 文档目录: doc
2025-08-09 20:26:09,262 - INFO - 已加载 18467 条历史记录
2025-08-09 20:26:09,262 - INFO - === 开始今日拉取 ===
2025-08-09 20:26:09,263 - INFO - 开始获取Doonsec RSS
2025-08-09 20:26:09,263 - INFO - 目标日期: 2025-08-09
2025-08-09 20:26:10,847 - INFO - Doonsec RSS请求成功
2025-08-09 20:26:10,849 - INFO - RSS中共有 200 个条目
2025-08-09 20:26:10,850 - INFO - Doonsec获取到 161 个2025-08-09的微信文章URL
2025-08-09 20:26:10,850 - INFO - ChainReactors md文件URL: https://raw.githubusercontent.com/chainreactors/picker/refs/heads/master/archive/daily/2025/2025-08-09.md
2025-08-09 20:26:10,976 - INFO - ChainReactors md文件下载状态码: 200
2025-08-09 20:26:10,977 - INFO - ChainReactors获取到 204 个URL
2025-08-09 20:26:10,977 - INFO - BruceFeIix md文件URL: https://raw.githubusercontent.com/BruceFeIix/picker/refs/heads/master/archive/daily/2025/2025-08-09.md
2025-08-09 20:26:11,091 - INFO - BruceFeIix md文件下载状态码: 200
2025-08-09 20:26:11,092 - INFO - BruceFeIix获取到 194 个URL
2025-08-09 20:26:11,092 - INFO - === 开始处理 2025-08-09 的数据 ===
2025-08-09 20:26:11,092 - INFO - Doonsec原始数据: 161 个
2025-08-09 20:26:11,092 - INFO - ChainReactors原始数据: 204 个
2025-08-09 20:26:11,092 - INFO - BruceFeIix原始数据: 194 个
2025-08-09 20:26:11,092 - INFO - 开始处理Doonsec数据...
2025-08-09 20:26:11,093 - INFO - 开始处理ChainReactors数据...
2025-08-09 20:26:11,093 - INFO - 开始处理BruceFeIix数据...
2025-08-09 20:26:11,093 - INFO - 去重后共 232 个URL待处理，跳过 327 个重复URL
2025-08-09 20:26:11,093 - INFO - 去重后统计 - Doonsec: 107 个, ChainReactors: 125 个, BruceFeIix: 0 个
2025-08-09 20:26:11,093 - INFO - === 开始关键词过滤 ===
2025-08-09 20:26:11,102 - INFO - 关键词过滤: 匹配 0 个，跳过 232 个
2025-08-09 20:26:11,102 - INFO - 关键词过滤后统计 - Doonsec: 0 个, ChainReactors: 0 个, BruceFeIix: 0 个
2025-08-09 20:26:11,102 - INFO - === 跳过二进制文件处理，只更新data.json ===
2025-08-09 20:26:11,133 - INFO - 已更新data.json，添加了 0 个URL
2025-08-09 20:26:11,133 - INFO - === 执行完成 ===
2025-08-10 02:20:44,497 - INFO - === 开始执行微信文章归档工具 ===
2025-08-10 02:20:44,498 - INFO - 数据文件: data.json
2025-08-10 02:20:44,498 - INFO - 可执行文件: ./bin/wechatmp2markdown-v1.1.11_linux_amd64
2025-08-10 02:20:44,498 - INFO - 文档目录: doc
2025-08-10 02:20:44,530 - INFO - 已加载 18467 条历史记录
2025-08-10 02:20:44,530 - INFO - === 开始今日拉取 ===
2025-08-10 02:20:44,530 - INFO - 开始获取Doonsec RSS
2025-08-10 02:20:44,530 - INFO - 目标日期: 2025-08-10
2025-08-10 02:20:46,953 - INFO - Doonsec RSS请求成功
2025-08-10 02:20:46,955 - INFO - RSS中共有 200 个条目
2025-08-10 02:20:46,956 - INFO - Doonsec获取到 14 个2025-08-10的微信文章URL
2025-08-10 02:20:46,956 - INFO - ChainReactors md文件URL: https://raw.githubusercontent.com/chainreactors/picker/refs/heads/master/archive/daily/2025/2025-08-10.md
2025-08-10 02:20:47,004 - INFO - ChainReactors md文件下载状态码: 404
2025-08-10 02:20:47,004 - WARNING - ChainReactors md文件下载失败: https://raw.githubusercontent.com/chainreactors/picker/refs/heads/master/archive/daily/2025/2025-08-10.md 状态码: 404
2025-08-10 02:20:47,004 - INFO - BruceFeIix md文件URL: https://raw.githubusercontent.com/BruceFeIix/picker/refs/heads/master/archive/daily/2025/2025-08-10.md
2025-08-10 02:20:47,029 - INFO - BruceFeIix md文件下载状态码: 404
2025-08-10 02:20:47,029 - WARNING - BruceFeIix md文件下载失败: https://raw.githubusercontent.com/BruceFeIix/picker/refs/heads/master/archive/daily/2025/2025-08-10.md 状态码: 404
2025-08-10 02:20:47,029 - INFO - === 开始处理 2025-08-10 的数据 ===
2025-08-10 02:20:47,029 - INFO - Doonsec原始数据: 14 个
2025-08-10 02:20:47,029 - INFO - ChainReactors原始数据: 0 个
2025-08-10 02:20:47,029 - INFO - BruceFeIix原始数据: 0 个
2025-08-10 02:20:47,029 - INFO - 开始处理Doonsec数据...
2025-08-10 02:20:47,029 - INFO - 开始处理ChainReactors数据...
2025-08-10 02:20:47,029 - INFO - 开始处理BruceFeIix数据...
2025-08-10 02:20:47,029 - INFO - 去重后共 14 个URL待处理，跳过 0 个重复URL
2025-08-10 02:20:47,030 - INFO - 去重后统计 - Doonsec: 14 个, ChainReactors: 0 个, BruceFeIix: 0 个
2025-08-10 02:20:47,030 - INFO - === 开始关键词过滤 ===
2025-08-10 02:20:47,030 - INFO - 关键词过滤: 匹配 6 个，跳过 8 个
2025-08-10 02:20:47,030 - INFO - 关键词过滤后统计 - Doonsec: 6 个, ChainReactors: 0 个, BruceFeIix: 0 个
2025-08-10 02:20:47,067 - INFO - 已创建每日报告: md/2025-08-10.md
2025-08-10 02:20:47,067 - INFO - === 跳过二进制文件处理，只更新data.json ===
2025-08-10 02:20:47,098 - INFO - 已更新data.json，添加了 6 个URL
2025-08-10 02:20:47,098 - INFO - 已创建每日报告: md/2025-08-10.md
2025-08-10 02:20:47,098 - INFO - === 执行完成 ===
2025-08-10 04:44:20,045 - INFO - === 开始执行微信文章归档工具 ===
2025-08-10 04:44:20,046 - INFO - 数据文件: data.json
2025-08-10 04:44:20,046 - INFO - 可执行文件: ./bin/wechatmp2markdown-v1.1.11_linux_amd64
2025-08-10 04:44:20,046 - INFO - 文档目录: doc
2025-08-10 04:44:20,083 - INFO - 已加载 18473 条历史记录
2025-08-10 04:44:20,083 - INFO - === 开始今日拉取 ===
2025-08-10 04:44:20,083 - INFO - 开始获取Doonsec RSS
2025-08-10 04:44:20,083 - INFO - 目标日期: 2025-08-10
2025-08-10 04:44:22,577 - INFO - Doonsec RSS请求成功
2025-08-10 04:44:22,580 - INFO - RSS中共有 200 个条目
2025-08-10 04:44:22,581 - INFO - Doonsec获取到 32 个2025-08-10的微信文章URL
2025-08-10 04:44:22,581 - INFO - ChainReactors md文件URL: https://raw.githubusercontent.com/chainreactors/picker/refs/heads/master/archive/daily/2025/2025-08-10.md
2025-08-10 04:44:22,595 - INFO - ChainReactors md文件下载状态码: 200
2025-08-10 04:44:22,596 - INFO - ChainReactors获取到 175 个URL
2025-08-10 04:44:22,596 - INFO - BruceFeIix md文件URL: https://raw.githubusercontent.com/BruceFeIix/picker/refs/heads/master/archive/daily/2025/2025-08-10.md
2025-08-10 04:44:22,607 - INFO - BruceFeIix md文件下载状态码: 200
2025-08-10 04:44:22,608 - INFO - BruceFeIix获取到 175 个URL
2025-08-10 04:44:22,608 - INFO - === 开始处理 2025-08-10 的数据 ===
2025-08-10 04:44:22,608 - INFO - Doonsec原始数据: 32 个
2025-08-10 04:44:22,608 - INFO - ChainReactors原始数据: 175 个
2025-08-10 04:44:22,608 - INFO - BruceFeIix原始数据: 175 个
2025-08-10 04:44:22,608 - INFO - 开始处理Doonsec数据...
2025-08-10 04:44:22,608 - INFO - 开始处理ChainReactors数据...
2025-08-10 04:44:22,608 - INFO - 开始处理BruceFeIix数据...
2025-08-10 04:44:22,609 - INFO - 去重后共 137 个URL待处理，跳过 245 个重复URL
2025-08-10 04:44:22,609 - INFO - 去重后统计 - Doonsec: 26 个, ChainReactors: 111 个, BruceFeIix: 0 个
2025-08-10 04:44:22,609 - INFO - === 开始关键词过滤 ===
2025-08-10 04:44:22,613 - INFO - 关键词过滤: 匹配 11 个，跳过 126 个
2025-08-10 04:44:22,613 - INFO - 关键词过滤后统计 - Doonsec: 8 个, ChainReactors: 3 个, BruceFeIix: 0 个
2025-08-10 04:44:22,694 - INFO - 已创建每日报告: md/2025-08-10.md
2025-08-10 04:44:22,694 - INFO - === 跳过二进制文件处理，只更新data.json ===
2025-08-10 04:44:22,725 - INFO - 已更新data.json，添加了 11 个URL
2025-08-10 04:44:22,725 - INFO - 已创建每日报告: md/2025-08-10.md
2025-08-10 04:44:22,726 - INFO - === 执行完成 ===
2025-08-10 08:30:31,747 - INFO - === 开始执行微信文章归档工具 ===
2025-08-10 08:30:31,748 - INFO - 数据文件: data.json
2025-08-10 08:30:31,748 - INFO - 可执行文件: ./bin/wechatmp2markdown-v1.1.11_linux_amd64
2025-08-10 08:30:31,748 - INFO - 文档目录: doc
2025-08-10 08:30:31,786 - INFO - 已加载 18484 条历史记录
2025-08-10 08:30:31,786 - INFO - === 开始今日拉取 ===
2025-08-10 08:30:31,787 - INFO - 开始获取Doonsec RSS
2025-08-10 08:30:31,787 - INFO - 目标日期: 2025-08-10
2025-08-10 08:30:33,792 - INFO - Doonsec RSS请求成功
2025-08-10 08:30:33,794 - INFO - RSS中共有 200 个条目
2025-08-10 08:30:33,794 - INFO - Doonsec获取到 62 个2025-08-10的微信文章URL
2025-08-10 08:30:33,795 - INFO - ChainReactors md文件URL: https://raw.githubusercontent.com/chainreactors/picker/refs/heads/master/archive/daily/2025/2025-08-10.md
2025-08-10 08:30:33,807 - INFO - ChainReactors md文件下载状态码: 200
2025-08-10 08:30:33,808 - INFO - ChainReactors获取到 175 个URL
2025-08-10 08:30:33,808 - INFO - BruceFeIix md文件URL: https://raw.githubusercontent.com/BruceFeIix/picker/refs/heads/master/archive/daily/2025/2025-08-10.md
2025-08-10 08:30:33,819 - INFO - BruceFeIix md文件下载状态码: 200
2025-08-10 08:30:33,819 - INFO - BruceFeIix获取到 175 个URL
2025-08-10 08:30:33,819 - INFO - === 开始处理 2025-08-10 的数据 ===
2025-08-10 08:30:33,819 - INFO - Doonsec原始数据: 62 个
2025-08-10 08:30:33,819 - INFO - ChainReactors原始数据: 175 个
2025-08-10 08:30:33,819 - INFO - BruceFeIix原始数据: 175 个
2025-08-10 08:30:33,820 - INFO - 开始处理Doonsec数据...
2025-08-10 08:30:33,820 - INFO - 开始处理ChainReactors数据...
2025-08-10 08:30:33,820 - INFO - 开始处理BruceFeIix数据...
2025-08-10 08:30:33,820 - INFO - 去重后共 156 个URL待处理，跳过 256 个重复URL
2025-08-10 08:30:33,820 - INFO - 去重后统计 - Doonsec: 48 个, ChainReactors: 108 个, BruceFeIix: 0 个
2025-08-10 08:30:33,820 - INFO - === 开始关键词过滤 ===
2025-08-10 08:30:33,826 - INFO - 关键词过滤: 匹配 9 个，跳过 147 个
2025-08-10 08:30:33,826 - INFO - 关键词过滤后统计 - Doonsec: 9 个, ChainReactors: 0 个, BruceFeIix: 0 个
2025-08-10 08:30:33,838 - INFO - 已创建每日报告: md/2025-08-10.md
2025-08-10 08:30:33,838 - INFO - === 跳过二进制文件处理，只更新data.json ===
2025-08-10 08:30:33,868 - INFO - 已更新data.json，添加了 9 个URL
2025-08-10 08:30:33,869 - INFO - 已创建每日报告: md/2025-08-10.md
2025-08-10 08:30:33,869 - INFO - === 执行完成 ===
2025-08-10 12:49:36,606 - INFO - === 开始执行微信文章归档工具 ===
2025-08-10 12:49:36,607 - INFO - 数据文件: data.json
2025-08-10 12:49:36,607 - INFO - 可执行文件: ./bin/wechatmp2markdown-v1.1.11_linux_amd64
2025-08-10 12:49:36,607 - INFO - 文档目录: doc
2025-08-10 12:49:36,638 - INFO - 已加载 18493 条历史记录
2025-08-10 12:49:36,638 - INFO - === 开始今日拉取 ===
2025-08-10 12:49:36,638 - INFO - 开始获取Doonsec RSS
2025-08-10 12:49:36,638 - INFO - 目标日期: 2025-08-10
2025-08-10 12:49:38,932 - INFO - Doonsec RSS请求成功
2025-08-10 12:49:38,934 - INFO - RSS中共有 200 个条目
2025-08-10 12:49:38,934 - INFO - Doonsec获取到 101 个2025-08-10的微信文章URL
2025-08-10 12:49:38,935 - INFO - ChainReactors md文件URL: https://raw.githubusercontent.com/chainreactors/picker/refs/heads/master/archive/daily/2025/2025-08-10.md
2025-08-10 12:49:38,986 - INFO - ChainReactors md文件下载状态码: 200
2025-08-10 12:49:38,986 - INFO - ChainReactors获取到 175 个URL
2025-08-10 12:49:38,986 - INFO - BruceFeIix md文件URL: https://raw.githubusercontent.com/BruceFeIix/picker/refs/heads/master/archive/daily/2025/2025-08-10.md
2025-08-10 12:49:39,034 - INFO - BruceFeIix md文件下载状态码: 200
2025-08-10 12:49:39,034 - INFO - BruceFeIix获取到 175 个URL
2025-08-10 12:49:39,034 - INFO - === 开始处理 2025-08-10 的数据 ===
2025-08-10 12:49:39,034 - INFO - Doonsec原始数据: 101 个
2025-08-10 12:49:39,034 - INFO - ChainReactors原始数据: 175 个
2025-08-10 12:49:39,035 - INFO - BruceFeIix原始数据: 175 个
2025-08-10 12:49:39,035 - INFO - 开始处理Doonsec数据...
2025-08-10 12:49:39,035 - INFO - 开始处理ChainReactors数据...
2025-08-10 12:49:39,035 - INFO - 开始处理BruceFeIix数据...
2025-08-10 12:49:39,035 - INFO - 去重后共 186 个URL待处理，跳过 265 个重复URL
2025-08-10 12:49:39,035 - INFO - 去重后统计 - Doonsec: 78 个, ChainReactors: 108 个, BruceFeIix: 0 个
2025-08-10 12:49:39,035 - INFO - === 开始关键词过滤 ===
2025-08-10 12:49:39,042 - INFO - 关键词过滤: 匹配 9 个，跳过 177 个
2025-08-10 12:49:39,042 - INFO - 关键词过滤后统计 - Doonsec: 9 个, ChainReactors: 0 个, BruceFeIix: 0 个
2025-08-10 12:49:39,054 - INFO - 已创建每日报告: md/2025-08-10.md
2025-08-10 12:49:39,055 - INFO - === 跳过二进制文件处理，只更新data.json ===
2025-08-10 12:49:39,085 - INFO - 已更新data.json，添加了 9 个URL
2025-08-10 12:49:39,086 - INFO - 已创建每日报告: md/2025-08-10.md
2025-08-10 12:49:39,086 - INFO - === 执行完成 ===
2025-08-10 16:29:21,724 - INFO - === 开始执行微信文章归档工具 ===
2025-08-10 16:29:21,725 - INFO - 数据文件: data.json
2025-08-10 16:29:21,725 - INFO - 可执行文件: ./bin/wechatmp2markdown-v1.1.11_linux_amd64
2025-08-10 16:29:21,725 - INFO - 文档目录: doc
2025-08-10 16:29:21,757 - INFO - 已加载 18502 条历史记录
2025-08-10 16:29:21,757 - INFO - === 开始今日拉取 ===
2025-08-10 16:29:21,758 - INFO - 开始获取Doonsec RSS
2025-08-10 16:29:21,758 - INFO - 目标日期: 2025-08-10
2025-08-10 16:29:23,857 - INFO - Doonsec RSS请求成功
2025-08-10 16:29:23,859 - INFO - RSS中共有 200 个条目
2025-08-10 16:29:23,860 - INFO - Doonsec获取到 126 个2025-08-10的微信文章URL
2025-08-10 16:29:23,860 - INFO - ChainReactors md文件URL: https://raw.githubusercontent.com/chainreactors/picker/refs/heads/master/archive/daily/2025/2025-08-10.md
2025-08-10 16:29:23,875 - INFO - ChainReactors md文件下载状态码: 200
2025-08-10 16:29:23,876 - INFO - ChainReactors获取到 175 个URL
2025-08-10 16:29:23,876 - INFO - BruceFeIix md文件URL: https://raw.githubusercontent.com/BruceFeIix/picker/refs/heads/master/archive/daily/2025/2025-08-10.md
2025-08-10 16:29:23,887 - INFO - BruceFeIix md文件下载状态码: 200
2025-08-10 16:29:23,888 - INFO - BruceFeIix获取到 175 个URL
2025-08-10 16:29:23,888 - INFO - === 开始处理 2025-08-10 的数据 ===
2025-08-10 16:29:23,888 - INFO - Doonsec原始数据: 126 个
2025-08-10 16:29:23,888 - INFO - ChainReactors原始数据: 175 个
2025-08-10 16:29:23,888 - INFO - BruceFeIix原始数据: 175 个
2025-08-10 16:29:23,888 - INFO - 开始处理Doonsec数据...
2025-08-10 16:29:23,888 - INFO - 开始处理ChainReactors数据...
2025-08-10 16:29:23,888 - INFO - 开始处理BruceFeIix数据...
2025-08-10 16:29:23,889 - INFO - 去重后共 202 个URL待处理，跳过 274 个重复URL
2025-08-10 16:29:23,889 - INFO - 去重后统计 - Doonsec: 94 个, ChainReactors: 108 个, BruceFeIix: 0 个
2025-08-10 16:29:23,889 - INFO - === 开始关键词过滤 ===
2025-08-10 16:29:23,896 - INFO - 关键词过滤: 匹配 6 个，跳过 196 个
2025-08-10 16:29:23,896 - INFO - 关键词过滤后统计 - Doonsec: 6 个, ChainReactors: 0 个, BruceFeIix: 0 个
2025-08-10 16:29:23,968 - INFO - 已创建每日报告: md/2025-08-10.md
2025-08-10 16:29:23,968 - INFO - === 跳过二进制文件处理，只更新data.json ===
2025-08-10 16:29:23,998 - INFO - 已更新data.json，添加了 6 个URL
2025-08-10 16:29:23,999 - INFO - 已创建每日报告: md/2025-08-10.md
2025-08-10 16:29:23,999 - INFO - === 执行完成 ===
2025-08-10 20:26:14,895 - INFO - === 开始执行微信文章归档工具 ===
2025-08-10 20:26:14,896 - INFO - 数据文件: data.json
2025-08-10 20:26:14,896 - INFO - 可执行文件: ./bin/wechatmp2markdown-v1.1.11_linux_amd64
2025-08-10 20:26:14,896 - INFO - 文档目录: doc
2025-08-10 20:26:14,929 - INFO - 已加载 18508 条历史记录
2025-08-10 20:26:14,929 - INFO - === 开始今日拉取 ===
2025-08-10 20:26:14,930 - INFO - 开始获取Doonsec RSS
2025-08-10 20:26:14,930 - INFO - 目标日期: 2025-08-10
2025-08-10 20:26:16,871 - INFO - Doonsec RSS请求成功
2025-08-10 20:26:16,873 - INFO - RSS中共有 200 个条目
2025-08-10 20:26:16,874 - INFO - Doonsec获取到 126 个2025-08-10的微信文章URL
2025-08-10 20:26:16,875 - INFO - ChainReactors md文件URL: https://raw.githubusercontent.com/chainreactors/picker/refs/heads/master/archive/daily/2025/2025-08-10.md
2025-08-10 20:26:16,891 - INFO - ChainReactors md文件下载状态码: 200
2025-08-10 20:26:16,892 - INFO - ChainReactors获取到 175 个URL
2025-08-10 20:26:16,892 - INFO - BruceFeIix md文件URL: https://raw.githubusercontent.com/BruceFeIix/picker/refs/heads/master/archive/daily/2025/2025-08-10.md
2025-08-10 20:26:16,909 - INFO - BruceFeIix md文件下载状态码: 200
2025-08-10 20:26:16,910 - INFO - BruceFeIix获取到 175 个URL
2025-08-10 20:26:16,910 - INFO - === 开始处理 2025-08-10 的数据 ===
2025-08-10 20:26:16,911 - INFO - Doonsec原始数据: 126 个
2025-08-10 20:26:16,911 - INFO - ChainReactors原始数据: 175 个
2025-08-10 20:26:16,911 - INFO - BruceFeIix原始数据: 175 个
2025-08-10 20:26:16,911 - INFO - 开始处理Doonsec数据...
2025-08-10 20:26:16,911 - INFO - 开始处理ChainReactors数据...
2025-08-10 20:26:16,911 - INFO - 开始处理BruceFeIix数据...
2025-08-10 20:26:16,912 - INFO - 去重后共 196 个URL待处理，跳过 280 个重复URL
2025-08-10 20:26:16,912 - INFO - 去重后统计 - Doonsec: 88 个, ChainReactors: 108 个, BruceFeIix: 0 个
2025-08-10 20:26:16,912 - INFO - === 开始关键词过滤 ===
2025-08-10 20:26:16,920 - INFO - 关键词过滤: 匹配 0 个，跳过 196 个
2025-08-10 20:26:16,920 - INFO - 关键词过滤后统计 - Doonsec: 0 个, ChainReactors: 0 个, BruceFeIix: 0 个
2025-08-10 20:26:16,920 - INFO - === 跳过二进制文件处理，只更新data.json ===
2025-08-10 20:26:16,951 - INFO - 已更新data.json，添加了 0 个URL
2025-08-10 20:26:16,951 - INFO - === 执行完成 ===
2025-08-11 02:10:40,071 - INFO - === 开始执行微信文章归档工具 ===
2025-08-11 02:10:40,071 - INFO - 数据文件: data.json
2025-08-11 02:10:40,071 - INFO - 可执行文件: ./bin/wechatmp2markdown-v1.1.11_linux_amd64
2025-08-11 02:10:40,072 - INFO - 文档目录: doc
2025-08-11 02:10:40,103 - INFO - 已加载 18508 条历史记录
2025-08-11 02:10:40,103 - INFO - === 开始今日拉取 ===
2025-08-11 02:10:40,103 - INFO - 开始获取Doonsec RSS
2025-08-11 02:10:40,103 - INFO - 目标日期: 2025-08-11
2025-08-11 02:10:42,133 - INFO - Doonsec RSS请求成功
2025-08-11 02:10:42,136 - INFO - RSS中共有 200 个条目
2025-08-11 02:10:42,136 - INFO - Doonsec获取到 19 个2025-08-11的微信文章URL
2025-08-11 02:10:42,136 - INFO - ChainReactors md文件URL: https://raw.githubusercontent.com/chainreactors/picker/refs/heads/master/archive/daily/2025/2025-08-11.md
2025-08-11 02:10:42,166 - INFO - ChainReactors md文件下载状态码: 404
2025-08-11 02:10:42,166 - WARNING - ChainReactors md文件下载失败: https://raw.githubusercontent.com/chainreactors/picker/refs/heads/master/archive/daily/2025/2025-08-11.md 状态码: 404
2025-08-11 02:10:42,166 - INFO - BruceFeIix md文件URL: https://raw.githubusercontent.com/BruceFeIix/picker/refs/heads/master/archive/daily/2025/2025-08-11.md
2025-08-11 02:10:42,189 - INFO - BruceFeIix md文件下载状态码: 404
2025-08-11 02:10:42,189 - WARNING - BruceFeIix md文件下载失败: https://raw.githubusercontent.com/BruceFeIix/picker/refs/heads/master/archive/daily/2025/2025-08-11.md 状态码: 404
2025-08-11 02:10:42,189 - INFO - === 开始处理 2025-08-11 的数据 ===
2025-08-11 02:10:42,189 - INFO - Doonsec原始数据: 19 个
2025-08-11 02:10:42,189 - INFO - ChainReactors原始数据: 0 个
2025-08-11 02:10:42,189 - INFO - BruceFeIix原始数据: 0 个
2025-08-11 02:10:42,189 - INFO - 开始处理Doonsec数据...
2025-08-11 02:10:42,189 - INFO - 开始处理ChainReactors数据...
2025-08-11 02:10:42,189 - INFO - 开始处理BruceFeIix数据...
2025-08-11 02:10:42,189 - INFO - 去重后共 19 个URL待处理，跳过 0 个重复URL
2025-08-11 02:10:42,189 - INFO - 去重后统计 - Doonsec: 19 个, ChainReactors: 0 个, BruceFeIix: 0 个
2025-08-11 02:10:42,189 - INFO - === 开始关键词过滤 ===
2025-08-11 02:10:42,190 - INFO - 关键词过滤: 匹配 8 个，跳过 11 个
2025-08-11 02:10:42,190 - INFO - 关键词过滤后统计 - Doonsec: 8 个, ChainReactors: 0 个, BruceFeIix: 0 个
2025-08-11 02:10:42,206 - INFO - 已创建每日报告: md/2025-08-11.md
2025-08-11 02:10:42,206 - INFO - === 跳过二进制文件处理，只更新data.json ===
2025-08-11 02:10:42,237 - INFO - 已更新data.json，添加了 8 个URL
2025-08-11 02:10:42,237 - INFO - 已创建每日报告: md/2025-08-11.md
2025-08-11 02:10:42,237 - INFO - === 执行完成 ===
2025-08-11 04:49:18,594 - INFO - === 开始执行微信文章归档工具 ===
2025-08-11 04:49:18,595 - INFO - 数据文件: data.json
2025-08-11 04:49:18,595 - INFO - 可执行文件: ./bin/wechatmp2markdown-v1.1.11_linux_amd64
2025-08-11 04:49:18,595 - INFO - 文档目录: doc
2025-08-11 04:49:18,627 - INFO - 已加载 18516 条历史记录
2025-08-11 04:49:18,628 - INFO - === 开始今日拉取 ===
2025-08-11 04:49:18,628 - INFO - 开始获取Doonsec RSS
2025-08-11 04:49:18,628 - INFO - 目标日期: 2025-08-11
2025-08-11 04:49:20,392 - INFO - Doonsec RSS请求成功
2025-08-11 04:49:20,394 - INFO - RSS中共有 200 个条目
2025-08-11 04:49:20,394 - INFO - Doonsec获取到 71 个2025-08-11的微信文章URL
2025-08-11 04:49:20,395 - INFO - ChainReactors md文件URL: https://raw.githubusercontent.com/chainreactors/picker/refs/heads/master/archive/daily/2025/2025-08-11.md
2025-08-11 04:49:20,411 - INFO - ChainReactors md文件下载状态码: 200
2025-08-11 04:49:20,413 - INFO - ChainReactors获取到 144 个URL
2025-08-11 04:49:20,413 - INFO - BruceFeIix md文件URL: https://raw.githubusercontent.com/BruceFeIix/picker/refs/heads/master/archive/daily/2025/2025-08-11.md
2025-08-11 04:49:20,424 - INFO - BruceFeIix md文件下载状态码: 200
2025-08-11 04:49:20,425 - INFO - BruceFeIix获取到 143 个URL
2025-08-11 04:49:20,425 - INFO - === 开始处理 2025-08-11 的数据 ===
2025-08-11 04:49:20,425 - INFO - Doonsec原始数据: 71 个
2025-08-11 04:49:20,425 - INFO - ChainReactors原始数据: 144 个
2025-08-11 04:49:20,425 - INFO - BruceFeIix原始数据: 143 个
2025-08-11 04:49:20,425 - INFO - 开始处理Doonsec数据...
2025-08-11 04:49:20,426 - INFO - 开始处理ChainReactors数据...
2025-08-11 04:49:20,426 - INFO - 开始处理BruceFeIix数据...
2025-08-11 04:49:20,426 - INFO - 去重后共 156 个URL待处理，跳过 202 个重复URL
2025-08-11 04:49:20,426 - INFO - 去重后统计 - Doonsec: 63 个, ChainReactors: 93 个, BruceFeIix: 0 个
2025-08-11 04:49:20,426 - INFO - === 开始关键词过滤 ===
2025-08-11 04:49:20,432 - INFO - 关键词过滤: 匹配 20 个，跳过 136 个
2025-08-11 04:49:20,432 - INFO - 关键词过滤后统计 - Doonsec: 19 个, ChainReactors: 1 个, BruceFeIix: 0 个
2025-08-11 04:49:20,490 - INFO - 已创建每日报告: md/2025-08-11.md
2025-08-11 04:49:20,490 - INFO - === 跳过二进制文件处理，只更新data.json ===
2025-08-11 04:49:20,521 - INFO - 已更新data.json，添加了 20 个URL
2025-08-11 04:49:20,522 - INFO - 已创建每日报告: md/2025-08-11.md
2025-08-11 04:49:20,522 - INFO - === 执行完成 ===
2025-08-11 08:36:25,748 - INFO - === 开始执行微信文章归档工具 ===
2025-08-11 08:36:25,749 - INFO - 数据文件: data.json
2025-08-11 08:36:25,749 - INFO - 可执行文件: ./bin/wechatmp2markdown-v1.1.11_linux_amd64
2025-08-11 08:36:25,749 - INFO - 文档目录: doc
2025-08-11 08:36:25,781 - INFO - 已加载 18536 条历史记录
2025-08-11 08:36:25,782 - INFO - === 开始今日拉取 ===
2025-08-11 08:36:25,782 - INFO - 开始获取Doonsec RSS
2025-08-11 08:36:25,782 - INFO - 目标日期: 2025-08-11
2025-08-11 08:36:28,591 - INFO - Doonsec RSS请求成功
2025-08-11 08:36:28,592 - INFO - RSS中共有 200 个条目
2025-08-11 08:36:28,593 - INFO - Doonsec获取到 142 个2025-08-11的微信文章URL
2025-08-11 08:36:28,593 - INFO - ChainReactors md文件URL: https://raw.githubusercontent.com/chainreactors/picker/refs/heads/master/archive/daily/2025/2025-08-11.md
2025-08-11 08:36:28,606 - INFO - ChainReactors md文件下载状态码: 200
2025-08-11 08:36:28,607 - INFO - ChainReactors获取到 144 个URL
2025-08-11 08:36:28,607 - INFO - BruceFeIix md文件URL: https://raw.githubusercontent.com/BruceFeIix/picker/refs/heads/master/archive/daily/2025/2025-08-11.md
2025-08-11 08:36:28,619 - INFO - BruceFeIix md文件下载状态码: 200
2025-08-11 08:36:28,619 - INFO - BruceFeIix获取到 143 个URL
2025-08-11 08:36:28,619 - INFO - === 开始处理 2025-08-11 的数据 ===
2025-08-11 08:36:28,619 - INFO - Doonsec原始数据: 142 个
2025-08-11 08:36:28,619 - INFO - ChainReactors原始数据: 144 个
2025-08-11 08:36:28,619 - INFO - BruceFeIix原始数据: 143 个
2025-08-11 08:36:28,620 - INFO - 开始处理Doonsec数据...
2025-08-11 08:36:28,620 - INFO - 开始处理ChainReactors数据...
2025-08-11 08:36:28,620 - INFO - 开始处理BruceFeIix数据...
2025-08-11 08:36:28,620 - INFO - 去重后共 207 个URL待处理，跳过 222 个重复URL
2025-08-11 08:36:28,620 - INFO - 去重后统计 - Doonsec: 115 个, ChainReactors: 92 个, BruceFeIix: 0 个
2025-08-11 08:36:28,620 - INFO - === 开始关键词过滤 ===
2025-08-11 08:36:28,627 - INFO - 关键词过滤: 匹配 18 个，跳过 189 个
2025-08-11 08:36:28,627 - INFO - 关键词过滤后统计 - Doonsec: 18 个, ChainReactors: 0 个, BruceFeIix: 0 个
2025-08-11 08:36:28,641 - INFO - 已创建每日报告: md/2025-08-11.md
2025-08-11 08:36:28,641 - INFO - === 跳过二进制文件处理，只更新data.json ===
2025-08-11 08:36:28,671 - INFO - 已更新data.json，添加了 18 个URL
2025-08-11 08:36:28,672 - INFO - 已创建每日报告: md/2025-08-11.md
2025-08-11 08:36:28,672 - INFO - === 执行完成 ===
2025-08-11 12:54:38,951 - INFO - === 开始执行微信文章归档工具 ===
2025-08-11 12:54:38,952 - INFO - 数据文件: data.json
2025-08-11 12:54:38,952 - INFO - 可执行文件: ./bin/wechatmp2markdown-v1.1.11_linux_amd64
2025-08-11 12:54:38,952 - INFO - 文档目录: doc
2025-08-11 12:54:38,984 - INFO - 已加载 18554 条历史记录
2025-08-11 12:54:38,984 - INFO - === 开始今日拉取 ===
2025-08-11 12:54:38,984 - INFO - 开始获取Doonsec RSS
2025-08-11 12:54:38,984 - INFO - 目标日期: 2025-08-11
2025-08-11 12:54:41,462 - INFO - Doonsec RSS请求成功
2025-08-11 12:54:41,463 - INFO - RSS中共有 200 个条目
2025-08-11 12:54:41,464 - INFO - Doonsec获取到 200 个2025-08-11的微信文章URL
2025-08-11 12:54:41,464 - INFO - ChainReactors md文件URL: https://raw.githubusercontent.com/chainreactors/picker/refs/heads/master/archive/daily/2025/2025-08-11.md
2025-08-11 12:54:41,477 - INFO - ChainReactors md文件下载状态码: 200
2025-08-11 12:54:41,477 - INFO - ChainReactors获取到 144 个URL
2025-08-11 12:54:41,477 - INFO - BruceFeIix md文件URL: https://raw.githubusercontent.com/BruceFeIix/picker/refs/heads/master/archive/daily/2025/2025-08-11.md
2025-08-11 12:54:41,488 - INFO - BruceFeIix md文件下载状态码: 200
2025-08-11 12:54:41,488 - INFO - BruceFeIix获取到 143 个URL
2025-08-11 12:54:41,489 - INFO - === 开始处理 2025-08-11 的数据 ===
2025-08-11 12:54:41,489 - INFO - Doonsec原始数据: 200 个
2025-08-11 12:54:41,489 - INFO - ChainReactors原始数据: 144 个
2025-08-11 12:54:41,489 - INFO - BruceFeIix原始数据: 143 个
2025-08-11 12:54:41,489 - INFO - 开始处理Doonsec数据...
2025-08-11 12:54:41,489 - INFO - 开始处理ChainReactors数据...
2025-08-11 12:54:41,489 - INFO - 开始处理BruceFeIix数据...
2025-08-11 12:54:41,489 - INFO - 去重后共 267 个URL待处理，跳过 220 个重复URL
2025-08-11 12:54:41,489 - INFO - 去重后统计 - Doonsec: 175 个, ChainReactors: 92 个, BruceFeIix: 0 个
2025-08-11 12:54:41,490 - INFO - === 开始关键词过滤 ===
2025-08-11 12:54:41,498 - INFO - 关键词过滤: 匹配 34 个，跳过 233 个
2025-08-11 12:54:41,498 - INFO - 关键词过滤后统计 - Doonsec: 34 个, ChainReactors: 0 个, BruceFeIix: 0 个
2025-08-11 12:54:41,504 - INFO - 已创建每日报告: md/2025-08-11.md
2025-08-11 12:54:41,504 - INFO - === 跳过二进制文件处理，只更新data.json ===
2025-08-11 12:54:41,535 - INFO - 已更新data.json，添加了 34 个URL
2025-08-11 12:54:41,535 - INFO - 已创建每日报告: md/2025-08-11.md
2025-08-11 12:54:41,535 - INFO - === 执行完成 ===
2025-08-11 16:33:25,165 - INFO - === 开始执行微信文章归档工具 ===
2025-08-11 16:33:25,166 - INFO - 数据文件: data.json
2025-08-11 16:33:25,166 - INFO - 可执行文件: ./bin/wechatmp2markdown-v1.1.11_linux_amd64
2025-08-11 16:33:25,166 - INFO - 文档目录: doc
2025-08-11 16:33:25,198 - INFO - 已加载 18588 条历史记录
2025-08-11 16:33:25,199 - INFO - === 开始今日拉取 ===
2025-08-11 16:33:25,199 - INFO - 开始获取Doonsec RSS
2025-08-11 16:33:25,199 - INFO - 目标日期: 2025-08-11
2025-08-11 16:33:27,549 - INFO - Doonsec RSS请求成功
2025-08-11 16:33:27,551 - INFO - RSS中共有 200 个条目
2025-08-11 16:33:27,551 - INFO - Doonsec获取到 181 个2025-08-11的微信文章URL
2025-08-11 16:33:27,551 - INFO - ChainReactors md文件URL: https://raw.githubusercontent.com/chainreactors/picker/refs/heads/master/archive/daily/2025/2025-08-11.md
2025-08-11 16:33:27,693 - INFO - ChainReactors md文件下载状态码: 200
2025-08-11 16:33:27,694 - INFO - ChainReactors获取到 144 个URL
2025-08-11 16:33:27,694 - INFO - BruceFeIix md文件URL: https://raw.githubusercontent.com/BruceFeIix/picker/refs/heads/master/archive/daily/2025/2025-08-11.md
2025-08-11 16:33:27,845 - INFO - BruceFeIix md文件下载状态码: 200
2025-08-11 16:33:27,846 - INFO - BruceFeIix获取到 143 个URL
2025-08-11 16:33:27,846 - INFO - === 开始处理 2025-08-11 的数据 ===
2025-08-11 16:33:27,846 - INFO - Doonsec原始数据: 181 个
2025-08-11 16:33:27,846 - INFO - ChainReactors原始数据: 144 个
2025-08-11 16:33:27,846 - INFO - BruceFeIix原始数据: 143 个
2025-08-11 16:33:27,846 - INFO - 开始处理Doonsec数据...
2025-08-11 16:33:27,847 - INFO - 开始处理ChainReactors数据...
2025-08-11 16:33:27,847 - INFO - 开始处理BruceFeIix数据...
2025-08-11 16:33:27,847 - INFO - 去重后共 229 个URL待处理，跳过 239 个重复URL
2025-08-11 16:33:27,847 - INFO - 去重后统计 - Doonsec: 137 个, ChainReactors: 92 个, BruceFeIix: 0 个
2025-08-11 16:33:27,848 - INFO - === 开始关键词过滤 ===
2025-08-11 16:33:27,856 - INFO - 关键词过滤: 匹配 9 个，跳过 220 个
2025-08-11 16:33:27,856 - INFO - 关键词过滤后统计 - Doonsec: 9 个, ChainReactors: 0 个, BruceFeIix: 0 个
2025-08-11 16:33:27,871 - INFO - 已创建每日报告: md/2025-08-11.md
2025-08-11 16:33:27,871 - INFO - === 跳过二进制文件处理，只更新data.json ===
2025-08-11 16:33:27,902 - INFO - 已更新data.json，添加了 9 个URL
2025-08-11 16:33:27,902 - INFO - 已创建每日报告: md/2025-08-11.md
2025-08-11 16:33:27,902 - INFO - === 执行完成 ===
2025-08-11 20:25:37,612 - INFO - === 开始执行微信文章归档工具 ===
2025-08-11 20:25:37,613 - INFO - 数据文件: data.json
2025-08-11 20:25:37,613 - INFO - 可执行文件: ./bin/wechatmp2markdown-v1.1.11_linux_amd64
2025-08-11 20:25:37,613 - INFO - 文档目录: doc
2025-08-11 20:25:37,646 - INFO - 已加载 18597 条历史记录
2025-08-11 20:25:37,646 - INFO - === 开始今日拉取 ===
2025-08-11 20:25:37,647 - INFO - 开始获取Doonsec RSS
2025-08-11 20:25:37,647 - INFO - 目标日期: 2025-08-11
2025-08-11 20:25:41,060 - INFO - Doonsec RSS请求成功
2025-08-11 20:25:41,062 - INFO - RSS中共有 200 个条目
2025-08-11 20:25:41,062 - INFO - Doonsec获取到 180 个2025-08-11的微信文章URL
2025-08-11 20:25:41,063 - INFO - ChainReactors md文件URL: https://raw.githubusercontent.com/chainreactors/picker/refs/heads/master/archive/daily/2025/2025-08-11.md
2025-08-11 20:25:41,090 - INFO - ChainReactors md文件下载状态码: 200
2025-08-11 20:25:41,090 - INFO - ChainReactors获取到 144 个URL
2025-08-11 20:25:41,091 - INFO - BruceFeIix md文件URL: https://raw.githubusercontent.com/BruceFeIix/picker/refs/heads/master/archive/daily/2025/2025-08-11.md
2025-08-11 20:25:41,114 - INFO - BruceFeIix md文件下载状态码: 200
2025-08-11 20:25:41,115 - INFO - BruceFeIix获取到 143 个URL
2025-08-11 20:25:41,115 - INFO - === 开始处理 2025-08-11 的数据 ===
2025-08-11 20:25:41,115 - INFO - Doonsec原始数据: 180 个
2025-08-11 20:25:41,115 - INFO - ChainReactors原始数据: 144 个
2025-08-11 20:25:41,115 - INFO - BruceFeIix原始数据: 143 个
2025-08-11 20:25:41,115 - INFO - 开始处理Doonsec数据...
2025-08-11 20:25:41,115 - INFO - 开始处理ChainReactors数据...
2025-08-11 20:25:41,116 - INFO - 开始处理BruceFeIix数据...
2025-08-11 20:25:41,116 - INFO - 去重后共 219 个URL待处理，跳过 248 个重复URL
2025-08-11 20:25:41,116 - INFO - 去重后统计 - Doonsec: 127 个, ChainReactors: 92 个, BruceFeIix: 0 个
2025-08-11 20:25:41,116 - INFO - === 开始关键词过滤 ===
2025-08-11 20:25:41,124 - INFO - 关键词过滤: 匹配 0 个，跳过 219 个
2025-08-11 20:25:41,124 - INFO - 关键词过滤后统计 - Doonsec: 0 个, ChainReactors: 0 个, BruceFeIix: 0 个
2025-08-11 20:25:41,124 - INFO - === 跳过二进制文件处理，只更新data.json ===
2025-08-11 20:25:41,155 - INFO - 已更新data.json，添加了 0 个URL
2025-08-11 20:25:41,155 - INFO - === 执行完成 ===
2025-08-12 01:58:28,100 - INFO - === 开始执行微信文章归档工具 ===
2025-08-12 01:58:28,101 - INFO - 数据文件: data.json
2025-08-12 01:58:28,101 - INFO - 可执行文件: ./bin/wechatmp2markdown-v1.1.11_linux_amd64
2025-08-12 01:58:28,101 - INFO - 文档目录: doc
2025-08-12 01:58:28,134 - INFO - 已加载 18597 条历史记录
2025-08-12 01:58:28,134 - INFO - === 开始今日拉取 ===
2025-08-12 01:58:28,134 - INFO - 开始获取Doonsec RSS
2025-08-12 01:58:28,135 - INFO - 目标日期: 2025-08-12
2025-08-12 01:58:29,840 - INFO - Doonsec RSS请求成功
2025-08-12 01:58:29,842 - INFO - RSS中共有 200 个条目
2025-08-12 01:58:29,842 - INFO - Doonsec获取到 69 个2025-08-12的微信文章URL
2025-08-12 01:58:29,843 - INFO - ChainReactors md文件URL: https://raw.githubusercontent.com/chainreactors/picker/refs/heads/master/archive/daily/2025/2025-08-12.md
2025-08-12 01:58:29,870 - INFO - ChainReactors md文件下载状态码: 404
2025-08-12 01:58:29,870 - WARNING - ChainReactors md文件下载失败: https://raw.githubusercontent.com/chainreactors/picker/refs/heads/master/archive/daily/2025/2025-08-12.md 状态码: 404
2025-08-12 01:58:29,870 - INFO - BruceFeIix md文件URL: https://raw.githubusercontent.com/BruceFeIix/picker/refs/heads/master/archive/daily/2025/2025-08-12.md
2025-08-12 01:58:29,892 - INFO - BruceFeIix md文件下载状态码: 404
2025-08-12 01:58:29,892 - WARNING - BruceFeIix md文件下载失败: https://raw.githubusercontent.com/BruceFeIix/picker/refs/heads/master/archive/daily/2025/2025-08-12.md 状态码: 404
2025-08-12 01:58:29,892 - INFO - === 开始处理 2025-08-12 的数据 ===
2025-08-12 01:58:29,892 - INFO - Doonsec原始数据: 69 个
2025-08-12 01:58:29,892 - INFO - ChainReactors原始数据: 0 个
2025-08-12 01:58:29,893 - INFO - BruceFeIix原始数据: 0 个
2025-08-12 01:58:29,893 - INFO - 开始处理Doonsec数据...
2025-08-12 01:58:29,893 - INFO - 开始处理ChainReactors数据...
2025-08-12 01:58:29,893 - INFO - 开始处理BruceFeIix数据...
2025-08-12 01:58:29,893 - INFO - 去重后共 69 个URL待处理，跳过 0 个重复URL
2025-08-12 01:58:29,893 - INFO - 去重后统计 - Doonsec: 69 个, ChainReactors: 0 个, BruceFeIix: 0 个
2025-08-12 01:58:29,893 - INFO - === 开始关键词过滤 ===
2025-08-12 01:58:29,895 - INFO - 关键词过滤: 匹配 18 个，跳过 51 个
2025-08-12 01:58:29,895 - INFO - 关键词过滤后统计 - Doonsec: 18 个, ChainReactors: 0 个, BruceFeIix: 0 个
2025-08-12 01:58:29,941 - INFO - 已创建每日报告: md/2025-08-12.md
2025-08-12 01:58:29,941 - INFO - === 跳过二进制文件处理，只更新data.json ===
2025-08-12 01:58:29,972 - INFO - 已更新data.json，添加了 18 个URL
2025-08-12 01:58:29,973 - INFO - 已创建每日报告: md/2025-08-12.md
2025-08-12 01:58:29,973 - INFO - === 执行完成 ===
2025-08-12 04:32:41,615 - INFO - === 开始执行微信文章归档工具 ===
2025-08-12 04:32:41,616 - INFO - 数据文件: data.json
2025-08-12 04:32:41,616 - INFO - 可执行文件: ./bin/wechatmp2markdown-v1.1.11_linux_amd64
2025-08-12 04:32:41,616 - INFO - 文档目录: doc
2025-08-12 04:32:41,648 - INFO - 已加载 18615 条历史记录
2025-08-12 04:32:41,648 - INFO - === 开始今日拉取 ===
2025-08-12 04:32:41,648 - INFO - 开始获取Doonsec RSS
2025-08-12 04:32:41,648 - INFO - 目标日期: 2025-08-12
2025-08-12 04:32:43,504 - INFO - Doonsec RSS请求成功
2025-08-12 04:32:43,506 - INFO - RSS中共有 200 个条目
2025-08-12 04:32:43,507 - INFO - Doonsec获取到 139 个2025-08-12的微信文章URL
2025-08-12 04:32:43,507 - INFO - ChainReactors md文件URL: https://raw.githubusercontent.com/chainreactors/picker/refs/heads/master/archive/daily/2025/2025-08-12.md
2025-08-12 04:32:43,531 - INFO - ChainReactors md文件下载状态码: 200
2025-08-12 04:32:43,533 - INFO - ChainReactors获取到 167 个URL
2025-08-12 04:32:43,533 - INFO - BruceFeIix md文件URL: https://raw.githubusercontent.com/BruceFeIix/picker/refs/heads/master/archive/daily/2025/2025-08-12.md
2025-08-12 04:32:43,556 - INFO - BruceFeIix md文件下载状态码: 200
2025-08-12 04:32:43,558 - INFO - BruceFeIix获取到 166 个URL
2025-08-12 04:32:43,558 - INFO - === 开始处理 2025-08-12 的数据 ===
2025-08-12 04:32:43,558 - INFO - Doonsec原始数据: 139 个
2025-08-12 04:32:43,558 - INFO - ChainReactors原始数据: 167 个
2025-08-12 04:32:43,558 - INFO - BruceFeIix原始数据: 166 个
2025-08-12 04:32:43,558 - INFO - 开始处理Doonsec数据...
2025-08-12 04:32:43,558 - INFO - 开始处理ChainReactors数据...
2025-08-12 04:32:43,558 - INFO - 开始处理BruceFeIix数据...
2025-08-12 04:32:43,559 - INFO - 去重后共 227 个URL待处理，跳过 245 个重复URL
2025-08-12 04:32:43,559 - INFO - 去重后统计 - Doonsec: 121 个, ChainReactors: 106 个, BruceFeIix: 0 个
2025-08-12 04:32:43,559 - INFO - === 开始关键词过滤 ===
2025-08-12 04:32:43,566 - INFO - 关键词过滤: 匹配 29 个，跳过 198 个
2025-08-12 04:32:43,567 - INFO - 关键词过滤后统计 - Doonsec: 24 个, ChainReactors: 5 个, BruceFeIix: 0 个
2025-08-12 04:32:43,585 - INFO - 已创建每日报告: md/2025-08-12.md
2025-08-12 04:32:43,585 - INFO - === 跳过二进制文件处理，只更新data.json ===
2025-08-12 04:32:43,616 - INFO - 已更新data.json，添加了 29 个URL
2025-08-12 04:32:43,618 - INFO - 已创建每日报告: md/2025-08-12.md
2025-08-12 04:32:43,618 - INFO - === 执行完成 ===
2025-08-12 08:32:48,116 - INFO - === 开始执行微信文章归档工具 ===
2025-08-12 08:32:48,117 - INFO - 数据文件: data.json
2025-08-12 08:32:48,117 - INFO - 可执行文件: ./bin/wechatmp2markdown-v1.1.11_linux_amd64
2025-08-12 08:32:48,117 - INFO - 文档目录: doc
2025-08-12 08:32:48,150 - INFO - 已加载 18644 条历史记录
2025-08-12 08:32:48,150 - INFO - === 开始今日拉取 ===
2025-08-12 08:32:48,150 - INFO - 开始获取Doonsec RSS
2025-08-12 08:32:48,150 - INFO - 目标日期: 2025-08-12
2025-08-12 08:32:52,592 - INFO - Doonsec RSS请求成功
2025-08-12 08:32:52,594 - INFO - RSS中共有 200 个条目
2025-08-12 08:32:52,594 - INFO - Doonsec获取到 200 个2025-08-12的微信文章URL
2025-08-12 08:32:52,595 - INFO - ChainReactors md文件URL: https://raw.githubusercontent.com/chainreactors/picker/refs/heads/master/archive/daily/2025/2025-08-12.md
2025-08-12 08:32:52,610 - INFO - ChainReactors md文件下载状态码: 200
2025-08-12 08:32:52,611 - INFO - ChainReactors获取到 167 个URL
2025-08-12 08:32:52,611 - INFO - BruceFeIix md文件URL: https://raw.githubusercontent.com/BruceFeIix/picker/refs/heads/master/archive/daily/2025/2025-08-12.md
2025-08-12 08:32:52,623 - INFO - BruceFeIix md文件下载状态码: 200
2025-08-12 08:32:52,624 - INFO - BruceFeIix获取到 166 个URL
2025-08-12 08:32:52,624 - INFO - === 开始处理 2025-08-12 的数据 ===
2025-08-12 08:32:52,624 - INFO - Doonsec原始数据: 200 个
2025-08-12 08:32:52,624 - INFO - ChainReactors原始数据: 167 个
2025-08-12 08:32:52,624 - INFO - BruceFeIix原始数据: 166 个
2025-08-12 08:32:52,624 - INFO - 开始处理Doonsec数据...
2025-08-12 08:32:52,625 - INFO - 开始处理ChainReactors数据...
2025-08-12 08:32:52,625 - INFO - 开始处理BruceFeIix数据...
2025-08-12 08:32:52,625 - INFO - 去重后共 260 个URL待处理，跳过 273 个重复URL
2025-08-12 08:32:52,626 - INFO - 去重后统计 - Doonsec: 159 个, ChainReactors: 101 个, BruceFeIix: 0 个
2025-08-12 08:32:52,626 - INFO - === 开始关键词过滤 ===
2025-08-12 08:32:52,635 - INFO - 关键词过滤: 匹配 16 个，跳过 244 个
2025-08-12 08:32:52,635 - INFO - 关键词过滤后统计 - Doonsec: 16 个, ChainReactors: 0 个, BruceFeIix: 0 个
2025-08-12 08:32:52,692 - INFO - 已创建每日报告: md/2025-08-12.md
2025-08-12 08:32:52,692 - INFO - === 跳过二进制文件处理，只更新data.json ===
2025-08-12 08:32:52,723 - INFO - 已更新data.json，添加了 16 个URL
2025-08-12 08:32:52,723 - INFO - 已创建每日报告: md/2025-08-12.md
2025-08-12 08:32:52,724 - INFO - === 执行完成 ===
2025-08-12 12:51:51,494 - INFO - === 开始执行微信文章归档工具 ===
2025-08-12 12:51:51,495 - INFO - 数据文件: data.json
2025-08-12 12:51:51,495 - INFO - 可执行文件: ./bin/wechatmp2markdown-v1.1.11_linux_amd64
2025-08-12 12:51:51,495 - INFO - 文档目录: doc
2025-08-12 12:51:51,527 - INFO - 已加载 18660 条历史记录
2025-08-12 12:51:51,527 - INFO - === 开始今日拉取 ===
2025-08-12 12:51:51,528 - INFO - 开始获取Doonsec RSS
2025-08-12 12:51:51,528 - INFO - 目标日期: 2025-08-12
2025-08-12 12:51:53,277 - INFO - Doonsec RSS请求成功
2025-08-12 12:51:53,279 - INFO - RSS中共有 200 个条目
2025-08-12 12:51:53,280 - INFO - Doonsec获取到 200 个2025-08-12的微信文章URL
2025-08-12 12:51:53,280 - INFO - ChainReactors md文件URL: https://raw.githubusercontent.com/chainreactors/picker/refs/heads/master/archive/daily/2025/2025-08-12.md
2025-08-12 12:51:53,317 - INFO - ChainReactors md文件下载状态码: 200
2025-08-12 12:51:53,319 - INFO - ChainReactors获取到 167 个URL
2025-08-12 12:51:53,319 - INFO - BruceFeIix md文件URL: https://raw.githubusercontent.com/BruceFeIix/picker/refs/heads/master/archive/daily/2025/2025-08-12.md
2025-08-12 12:51:53,380 - INFO - BruceFeIix md文件下载状态码: 200
2025-08-12 12:51:53,381 - INFO - BruceFeIix获取到 166 个URL
2025-08-12 12:51:53,381 - INFO - === 开始处理 2025-08-12 的数据 ===
2025-08-12 12:51:53,381 - INFO - Doonsec原始数据: 200 个
2025-08-12 12:51:53,381 - INFO - ChainReactors原始数据: 167 个
2025-08-12 12:51:53,381 - INFO - BruceFeIix原始数据: 166 个
2025-08-12 12:51:53,381 - INFO - 开始处理Doonsec数据...
2025-08-12 12:51:53,381 - INFO - 开始处理ChainReactors数据...
2025-08-12 12:51:53,382 - INFO - 开始处理BruceFeIix数据...
2025-08-12 12:51:53,382 - INFO - 去重后共 283 个URL待处理，跳过 250 个重复URL
2025-08-12 12:51:53,382 - INFO - 去重后统计 - Doonsec: 180 个, ChainReactors: 103 个, BruceFeIix: 0 个
2025-08-12 12:51:53,382 - INFO - === 开始关键词过滤 ===
2025-08-12 12:51:53,392 - INFO - 关键词过滤: 匹配 36 个，跳过 247 个
2025-08-12 12:51:53,392 - INFO - 关键词过滤后统计 - Doonsec: 36 个, ChainReactors: 0 个, BruceFeIix: 0 个
2025-08-12 12:51:53,397 - INFO - 已创建每日报告: md/2025-08-12.md
2025-08-12 12:51:53,397 - INFO - === 跳过二进制文件处理，只更新data.json ===
2025-08-12 12:51:53,429 - INFO - 已更新data.json，添加了 36 个URL
2025-08-12 12:51:53,430 - INFO - 已创建每日报告: md/2025-08-12.md
2025-08-12 12:51:53,430 - INFO - === 执行完成 ===
2025-08-12 16:32:28,446 - INFO - === 开始执行微信文章归档工具 ===
2025-08-12 16:32:28,447 - INFO - 数据文件: data.json
2025-08-12 16:32:28,447 - INFO - 可执行文件: ./bin/wechatmp2markdown-v1.1.11_linux_amd64
2025-08-12 16:32:28,447 - INFO - 文档目录: doc
2025-08-12 16:32:28,479 - INFO - 已加载 18696 条历史记录
2025-08-12 16:32:28,479 - INFO - === 开始今日拉取 ===
2025-08-12 16:32:28,480 - INFO - 开始获取Doonsec RSS
2025-08-12 16:32:28,480 - INFO - 目标日期: 2025-08-12
2025-08-12 16:32:30,658 - INFO - Doonsec RSS请求成功
2025-08-12 16:32:30,660 - INFO - RSS中共有 200 个条目
2025-08-12 16:32:30,660 - INFO - Doonsec获取到 189 个2025-08-12的微信文章URL
2025-08-12 16:32:30,661 - INFO - ChainReactors md文件URL: https://raw.githubusercontent.com/chainreactors/picker/refs/heads/master/archive/daily/2025/2025-08-12.md
2025-08-12 16:32:30,674 - INFO - ChainReactors md文件下载状态码: 200
2025-08-12 16:32:30,675 - INFO - ChainReactors获取到 167 个URL
2025-08-12 16:32:30,675 - INFO - BruceFeIix md文件URL: https://raw.githubusercontent.com/BruceFeIix/picker/refs/heads/master/archive/daily/2025/2025-08-12.md
2025-08-12 16:32:30,687 - INFO - BruceFeIix md文件下载状态码: 200
2025-08-12 16:32:30,688 - INFO - BruceFeIix获取到 166 个URL
2025-08-12 16:32:30,688 - INFO - === 开始处理 2025-08-12 的数据 ===
2025-08-12 16:32:30,688 - INFO - Doonsec原始数据: 189 个
2025-08-12 16:32:30,688 - INFO - ChainReactors原始数据: 167 个
2025-08-12 16:32:30,688 - INFO - BruceFeIix原始数据: 166 个
2025-08-12 16:32:30,688 - INFO - 开始处理Doonsec数据...
2025-08-12 16:32:30,688 - INFO - 开始处理ChainReactors数据...
2025-08-12 16:32:30,689 - INFO - 开始处理BruceFeIix数据...
2025-08-12 16:32:30,689 - INFO - 去重后共 245 个URL待处理，跳过 277 个重复URL
2025-08-12 16:32:30,689 - INFO - 去重后统计 - Doonsec: 142 个, ChainReactors: 103 个, BruceFeIix: 0 个
2025-08-12 16:32:30,689 - INFO - === 开始关键词过滤 ===
2025-08-12 16:32:30,698 - INFO - 关键词过滤: 匹配 14 个，跳过 231 个
2025-08-12 16:32:30,698 - INFO - 关键词过滤后统计 - Doonsec: 14 个, ChainReactors: 0 个, BruceFeIix: 0 个
2025-08-12 16:32:30,712 - INFO - 已创建每日报告: md/2025-08-12.md
2025-08-12 16:32:30,712 - INFO - === 跳过二进制文件处理，只更新data.json ===
2025-08-12 16:32:30,743 - INFO - 已更新data.json，添加了 14 个URL
2025-08-12 16:32:30,743 - INFO - 已创建每日报告: md/2025-08-12.md
2025-08-12 16:32:30,743 - INFO - === 执行完成 ===
2025-08-12 20:27:48,810 - INFO - === 开始执行微信文章归档工具 ===
2025-08-12 20:27:48,810 - INFO - 数据文件: data.json
2025-08-12 20:27:48,810 - INFO - 可执行文件: ./bin/wechatmp2markdown-v1.1.11_linux_amd64
2025-08-12 20:27:48,811 - INFO - 文档目录: doc
2025-08-12 20:27:48,845 - INFO - 已加载 18710 条历史记录
2025-08-12 20:27:48,845 - INFO - === 开始今日拉取 ===
2025-08-12 20:27:48,845 - INFO - 开始获取Doonsec RSS
2025-08-12 20:27:48,845 - INFO - 目标日期: 2025-08-12
2025-08-12 20:27:51,639 - INFO - Doonsec RSS请求成功
2025-08-12 20:27:51,640 - INFO - RSS中共有 200 个条目
2025-08-12 20:27:51,641 - INFO - Doonsec获取到 187 个2025-08-12的微信文章URL
2025-08-12 20:27:51,641 - INFO - ChainReactors md文件URL: https://raw.githubusercontent.com/chainreactors/picker/refs/heads/master/archive/daily/2025/2025-08-12.md
2025-08-12 20:27:51,654 - INFO - ChainReactors md文件下载状态码: 200
2025-08-12 20:27:51,656 - INFO - ChainReactors获取到 167 个URL
2025-08-12 20:27:51,656 - INFO - BruceFeIix md文件URL: https://raw.githubusercontent.com/BruceFeIix/picker/refs/heads/master/archive/daily/2025/2025-08-12.md
2025-08-12 20:27:51,666 - INFO - BruceFeIix md文件下载状态码: 200
2025-08-12 20:27:51,667 - INFO - BruceFeIix获取到 166 个URL
2025-08-12 20:27:51,667 - INFO - === 开始处理 2025-08-12 的数据 ===
2025-08-12 20:27:51,667 - INFO - Doonsec原始数据: 187 个
2025-08-12 20:27:51,667 - INFO - ChainReactors原始数据: 167 个
2025-08-12 20:27:51,667 - INFO - BruceFeIix原始数据: 166 个
2025-08-12 20:27:51,667 - INFO - 开始处理Doonsec数据...
2025-08-12 20:27:51,667 - INFO - 开始处理ChainReactors数据...
2025-08-12 20:27:51,667 - INFO - 开始处理BruceFeIix数据...
2025-08-12 20:27:51,668 - INFO - 去重后共 230 个URL待处理，跳过 290 个重复URL
2025-08-12 20:27:51,668 - INFO - 去重后统计 - Doonsec: 127 个, ChainReactors: 103 个, BruceFeIix: 0 个
2025-08-12 20:27:51,668 - INFO - === 开始关键词过滤 ===
2025-08-12 20:27:51,676 - INFO - 关键词过滤: 匹配 0 个，跳过 230 个
2025-08-12 20:27:51,676 - INFO - 关键词过滤后统计 - Doonsec: 0 个, ChainReactors: 0 个, BruceFeIix: 0 个
2025-08-12 20:27:51,676 - INFO - === 跳过二进制文件处理，只更新data.json ===
2025-08-12 20:27:51,708 - INFO - 已更新data.json，添加了 0 个URL
2025-08-12 20:27:51,708 - INFO - === 执行完成 ===
2025-08-13 02:00:46,794 - INFO - === 开始执行微信文章归档工具 ===
2025-08-13 02:00:46,795 - INFO - 数据文件: data.json
2025-08-13 02:00:46,795 - INFO - 可执行文件: ./bin/wechatmp2markdown-v1.1.11_linux_amd64
2025-08-13 02:00:46,795 - INFO - 文档目录: doc
2025-08-13 02:00:46,837 - INFO - 已加载 18710 条历史记录
2025-08-13 02:00:46,837 - INFO - === 开始今日拉取 ===
2025-08-13 02:00:46,838 - INFO - 开始获取Doonsec RSS
2025-08-13 02:00:46,838 - INFO - 目标日期: 2025-08-13
2025-08-13 02:00:48,337 - INFO - Doonsec RSS请求成功
2025-08-13 02:00:48,339 - INFO - RSS中共有 200 个条目
2025-08-13 02:00:48,339 - INFO - Doonsec获取到 93 个2025-08-13的微信文章URL
2025-08-13 02:00:48,340 - INFO - ChainReactors md文件URL: https://raw.githubusercontent.com/chainreactors/picker/refs/heads/master/archive/daily/2025/2025-08-13.md
2025-08-13 02:00:48,442 - INFO - ChainReactors md文件下载状态码: 404
2025-08-13 02:00:48,442 - WARNING - ChainReactors md文件下载失败: https://raw.githubusercontent.com/chainreactors/picker/refs/heads/master/archive/daily/2025/2025-08-13.md 状态码: 404
2025-08-13 02:00:48,442 - INFO - BruceFeIix md文件URL: https://raw.githubusercontent.com/BruceFeIix/picker/refs/heads/master/archive/daily/2025/2025-08-13.md
2025-08-13 02:00:48,550 - INFO - BruceFeIix md文件下载状态码: 404
2025-08-13 02:00:48,550 - WARNING - BruceFeIix md文件下载失败: https://raw.githubusercontent.com/BruceFeIix/picker/refs/heads/master/archive/daily/2025/2025-08-13.md 状态码: 404
2025-08-13 02:00:48,550 - INFO - === 开始处理 2025-08-13 的数据 ===
2025-08-13 02:00:48,550 - INFO - Doonsec原始数据: 93 个
2025-08-13 02:00:48,550 - INFO - ChainReactors原始数据: 0 个
2025-08-13 02:00:48,550 - INFO - BruceFeIix原始数据: 0 个
2025-08-13 02:00:48,550 - INFO - 开始处理Doonsec数据...
2025-08-13 02:00:48,550 - INFO - 开始处理ChainReactors数据...
2025-08-13 02:00:48,550 - INFO - 开始处理BruceFeIix数据...
2025-08-13 02:00:48,550 - INFO - 去重后共 93 个URL待处理，跳过 0 个重复URL
2025-08-13 02:00:48,550 - INFO - 去重后统计 - Doonsec: 93 个, ChainReactors: 0 个, BruceFeIix: 0 个
2025-08-13 02:00:48,551 - INFO - === 开始关键词过滤 ===
2025-08-13 02:00:48,553 - INFO - 关键词过滤: 匹配 36 个，跳过 57 个
2025-08-13 02:00:48,553 - INFO - 关键词过滤后统计 - Doonsec: 36 个, ChainReactors: 0 个, BruceFeIix: 0 个
2025-08-13 02:00:48,566 - INFO - 已创建每日报告: md/2025-08-13.md
2025-08-13 02:00:48,566 - INFO - === 跳过二进制文件处理，只更新data.json ===
2025-08-13 02:00:48,597 - INFO - 已更新data.json，添加了 36 个URL
2025-08-13 02:00:48,598 - INFO - 已创建每日报告: md/2025-08-13.md
2025-08-13 02:00:48,598 - INFO - === 执行完成 ===
2025-08-13 04:34:18,454 - INFO - === 开始执行微信文章归档工具 ===
2025-08-13 04:34:18,455 - INFO - 数据文件: data.json
2025-08-13 04:34:18,455 - INFO - 可执行文件: ./bin/wechatmp2markdown-v1.1.11_linux_amd64
2025-08-13 04:34:18,455 - INFO - 文档目录: doc
2025-08-13 04:34:18,487 - INFO - 已加载 18746 条历史记录
2025-08-13 04:34:18,487 - INFO - === 开始今日拉取 ===
2025-08-13 04:34:18,487 - INFO - 开始获取Doonsec RSS
2025-08-13 04:34:18,487 - INFO - 目标日期: 2025-08-13
2025-08-13 04:34:20,965 - INFO - Doonsec RSS请求成功
2025-08-13 04:34:20,967 - INFO - RSS中共有 200 个条目
2025-08-13 04:34:20,967 - INFO - Doonsec获取到 163 个2025-08-13的微信文章URL
2025-08-13 04:34:20,967 - INFO - ChainReactors md文件URL: https://raw.githubusercontent.com/chainreactors/picker/refs/heads/master/archive/daily/2025/2025-08-13.md
2025-08-13 04:34:20,980 - INFO - ChainReactors md文件下载状态码: 200
2025-08-13 04:34:20,981 - INFO - ChainReactors获取到 113 个URL
2025-08-13 04:34:20,981 - INFO - BruceFeIix md文件URL: https://raw.githubusercontent.com/BruceFeIix/picker/refs/heads/master/archive/daily/2025/2025-08-13.md
2025-08-13 04:34:21,114 - INFO - BruceFeIix md文件下载状态码: 200
2025-08-13 04:34:21,115 - INFO - BruceFeIix获取到 119 个URL
2025-08-13 04:34:21,116 - INFO - === 开始处理 2025-08-13 的数据 ===
2025-08-13 04:34:21,116 - INFO - Doonsec原始数据: 163 个
2025-08-13 04:34:21,116 - INFO - ChainReactors原始数据: 113 个
2025-08-13 04:34:21,116 - INFO - BruceFeIix原始数据: 119 个
2025-08-13 04:34:21,116 - INFO - 开始处理Doonsec数据...
2025-08-13 04:34:21,116 - INFO - 开始处理ChainReactors数据...
2025-08-13 04:34:21,116 - INFO - 开始处理BruceFeIix数据...
2025-08-13 04:34:21,117 - INFO - 去重后共 197 个URL待处理，跳过 198 个重复URL
2025-08-13 04:34:21,117 - INFO - 去重后统计 - Doonsec: 127 个, ChainReactors: 65 个, BruceFeIix: 5 个
2025-08-13 04:34:21,117 - INFO - === 开始关键词过滤 ===
2025-08-13 04:34:21,123 - INFO - 关键词过滤: 匹配 29 个，跳过 168 个
2025-08-13 04:34:21,124 - INFO - 关键词过滤后统计 - Doonsec: 23 个, ChainReactors: 6 个, BruceFeIix: 0 个
2025-08-13 04:34:21,137 - INFO - 已创建每日报告: md/2025-08-13.md
2025-08-13 04:34:21,137 - INFO - === 跳过二进制文件处理，只更新data.json ===
2025-08-13 04:34:21,169 - INFO - 已更新data.json，添加了 29 个URL
2025-08-13 04:34:21,169 - INFO - 已创建每日报告: md/2025-08-13.md
2025-08-13 04:34:21,170 - INFO - === 执行完成 ===
2025-08-13 08:33:45,560 - INFO - === 开始执行微信文章归档工具 ===
2025-08-13 08:33:45,561 - INFO - 数据文件: data.json
2025-08-13 08:33:45,561 - INFO - 可执行文件: ./bin/wechatmp2markdown-v1.1.11_linux_amd64
2025-08-13 08:33:45,561 - INFO - 文档目录: doc
2025-08-13 08:33:45,594 - INFO - 已加载 18775 条历史记录
2025-08-13 08:33:45,594 - INFO - === 开始今日拉取 ===
2025-08-13 08:33:45,595 - INFO - 开始获取Doonsec RSS
2025-08-13 08:33:45,595 - INFO - 目标日期: 2025-08-13
2025-08-13 08:33:47,355 - INFO - Doonsec RSS请求成功
2025-08-13 08:33:47,357 - INFO - RSS中共有 200 个条目
2025-08-13 08:33:47,358 - INFO - Doonsec获取到 200 个2025-08-13的微信文章URL
2025-08-13 08:33:47,358 - INFO - ChainReactors md文件URL: https://raw.githubusercontent.com/chainreactors/picker/refs/heads/master/archive/daily/2025/2025-08-13.md
2025-08-13 08:33:47,389 - INFO - ChainReactors md文件下载状态码: 200
2025-08-13 08:33:47,390 - INFO - ChainReactors获取到 113 个URL
2025-08-13 08:33:47,390 - INFO - BruceFeIix md文件URL: https://raw.githubusercontent.com/BruceFeIix/picker/refs/heads/master/archive/daily/2025/2025-08-13.md
2025-08-13 08:33:47,427 - INFO - BruceFeIix md文件下载状态码: 200
2025-08-13 08:33:47,428 - INFO - BruceFeIix获取到 119 个URL
2025-08-13 08:33:47,428 - INFO - === 开始处理 2025-08-13 的数据 ===
2025-08-13 08:33:47,428 - INFO - Doonsec原始数据: 200 个
2025-08-13 08:33:47,428 - INFO - ChainReactors原始数据: 113 个
2025-08-13 08:33:47,428 - INFO - BruceFeIix原始数据: 119 个
2025-08-13 08:33:47,428 - INFO - 开始处理Doonsec数据...
2025-08-13 08:33:47,429 - INFO - 开始处理ChainReactors数据...
2025-08-13 08:33:47,429 - INFO - 开始处理BruceFeIix数据...
2025-08-13 08:33:47,429 - INFO - 去重后共 217 个URL待处理，跳过 215 个重复URL
2025-08-13 08:33:47,429 - INFO - 去重后统计 - Doonsec: 153 个, ChainReactors: 59 个, BruceFeIix: 5 个
2025-08-13 08:33:47,429 - INFO - === 开始关键词过滤 ===
2025-08-13 08:33:47,437 - INFO - 关键词过滤: 匹配 22 个，跳过 195 个
2025-08-13 08:33:47,437 - INFO - 关键词过滤后统计 - Doonsec: 22 个, ChainReactors: 0 个, BruceFeIix: 0 个
2025-08-13 08:33:47,451 - INFO - 已创建每日报告: md/2025-08-13.md
2025-08-13 08:33:47,451 - INFO - === 跳过二进制文件处理，只更新data.json ===
2025-08-13 08:33:47,483 - INFO - 已更新data.json，添加了 22 个URL
2025-08-13 08:33:47,483 - INFO - 已创建每日报告: md/2025-08-13.md
2025-08-13 08:33:47,483 - INFO - === 执行完成 ===
2025-08-13 12:52:58,796 - INFO - === 开始执行微信文章归档工具 ===
2025-08-13 12:52:58,797 - INFO - 数据文件: data.json
2025-08-13 12:52:58,797 - INFO - 可执行文件: ./bin/wechatmp2markdown-v1.1.11_linux_amd64
2025-08-13 12:52:58,797 - INFO - 文档目录: doc
2025-08-13 12:52:58,830 - INFO - 已加载 18797 条历史记录
2025-08-13 12:52:58,830 - INFO - === 开始今日拉取 ===
2025-08-13 12:52:58,830 - INFO - 开始获取Doonsec RSS
2025-08-13 12:52:58,830 - INFO - 目标日期: 2025-08-13
2025-08-13 12:53:00,951 - INFO - Doonsec RSS请求成功
2025-08-13 12:53:00,952 - INFO - RSS中共有 200 个条目
2025-08-13 12:53:00,953 - INFO - Doonsec获取到 200 个2025-08-13的微信文章URL
2025-08-13 12:53:00,953 - INFO - ChainReactors md文件URL: https://raw.githubusercontent.com/chainreactors/picker/refs/heads/master/archive/daily/2025/2025-08-13.md
2025-08-13 12:53:01,073 - INFO - ChainReactors md文件下载状态码: 200
2025-08-13 12:53:01,075 - INFO - ChainReactors获取到 113 个URL
2025-08-13 12:53:01,075 - INFO - BruceFeIix md文件URL: https://raw.githubusercontent.com/BruceFeIix/picker/refs/heads/master/archive/daily/2025/2025-08-13.md
2025-08-13 12:53:01,198 - INFO - BruceFeIix md文件下载状态码: 200
2025-08-13 12:53:01,199 - INFO - BruceFeIix获取到 119 个URL
2025-08-13 12:53:01,199 - INFO - === 开始处理 2025-08-13 的数据 ===
2025-08-13 12:53:01,199 - INFO - Doonsec原始数据: 200 个
2025-08-13 12:53:01,199 - INFO - ChainReactors原始数据: 113 个
2025-08-13 12:53:01,199 - INFO - BruceFeIix原始数据: 119 个
2025-08-13 12:53:01,199 - INFO - 开始处理Doonsec数据...
2025-08-13 12:53:01,200 - INFO - 开始处理ChainReactors数据...
2025-08-13 12:53:01,200 - INFO - 开始处理BruceFeIix数据...
2025-08-13 12:53:01,200 - INFO - 去重后共 237 个URL待处理，跳过 195 个重复URL
2025-08-13 12:53:01,200 - INFO - 去重后统计 - Doonsec: 173 个, ChainReactors: 59 个, BruceFeIix: 5 个
2025-08-13 12:53:01,200 - INFO - === 开始关键词过滤 ===
2025-08-13 12:53:01,208 - INFO - 关键词过滤: 匹配 32 个，跳过 205 个
2025-08-13 12:53:01,208 - INFO - 关键词过滤后统计 - Doonsec: 32 个, ChainReactors: 0 个, BruceFeIix: 0 个
2025-08-13 12:53:01,226 - INFO - 已创建每日报告: md/2025-08-13.md
2025-08-13 12:53:01,226 - INFO - === 跳过二进制文件处理，只更新data.json ===
2025-08-13 12:53:01,258 - INFO - 已更新data.json，添加了 32 个URL
2025-08-13 12:53:01,258 - INFO - 已创建每日报告: md/2025-08-13.md
2025-08-13 12:53:01,259 - INFO - === 执行完成 ===
2025-08-13 16:26:52,646 - INFO - === 开始执行微信文章归档工具 ===
2025-08-13 16:26:52,647 - INFO - 数据文件: data.json
2025-08-13 16:26:52,647 - INFO - 可执行文件: ./bin/wechatmp2markdown-v1.1.11_linux_amd64
2025-08-13 16:26:52,648 - INFO - 文档目录: doc
2025-08-13 16:26:52,681 - INFO - 已加载 18829 条历史记录
2025-08-13 16:26:52,682 - INFO - === 开始今日拉取 ===
2025-08-13 16:26:52,682 - INFO - 开始获取Doonsec RSS
2025-08-13 16:26:52,682 - INFO - 目标日期: 2025-08-13
2025-08-13 16:26:55,554 - INFO - Doonsec RSS请求成功
2025-08-13 16:26:55,556 - INFO - RSS中共有 200 个条目
2025-08-13 16:26:55,556 - INFO - Doonsec获取到 200 个2025-08-13的微信文章URL
2025-08-13 16:26:55,557 - INFO - ChainReactors md文件URL: https://raw.githubusercontent.com/chainreactors/picker/refs/heads/master/archive/daily/2025/2025-08-13.md
2025-08-13 16:26:55,683 - INFO - ChainReactors md文件下载状态码: 200
2025-08-13 16:26:55,684 - INFO - ChainReactors获取到 113 个URL
2025-08-13 16:26:55,684 - INFO - BruceFeIix md文件URL: https://raw.githubusercontent.com/BruceFeIix/picker/refs/heads/master/archive/daily/2025/2025-08-13.md
2025-08-13 16:26:55,790 - INFO - BruceFeIix md文件下载状态码: 200
2025-08-13 16:26:55,792 - INFO - BruceFeIix获取到 119 个URL
2025-08-13 16:26:55,792 - INFO - === 开始处理 2025-08-13 的数据 ===
2025-08-13 16:26:55,792 - INFO - Doonsec原始数据: 200 个
2025-08-13 16:26:55,792 - INFO - ChainReactors原始数据: 113 个
2025-08-13 16:26:55,792 - INFO - BruceFeIix原始数据: 119 个
2025-08-13 16:26:55,792 - INFO - 开始处理Doonsec数据...
2025-08-13 16:26:55,792 - INFO - 开始处理ChainReactors数据...
2025-08-13 16:26:55,793 - INFO - 开始处理BruceFeIix数据...
2025-08-13 16:26:55,793 - INFO - 去重后共 205 个URL待处理，跳过 227 个重复URL
2025-08-13 16:26:55,793 - INFO - 去重后统计 - Doonsec: 141 个, ChainReactors: 59 个, BruceFeIix: 5 个
2025-08-13 16:26:55,793 - INFO - === 开始关键词过滤 ===
2025-08-13 16:26:55,800 - INFO - 关键词过滤: 匹配 0 个，跳过 205 个
2025-08-13 16:26:55,801 - INFO - 关键词过滤后统计 - Doonsec: 0 个, ChainReactors: 0 个, BruceFeIix: 0 个
2025-08-13 16:26:55,801 - INFO - === 跳过二进制文件处理，只更新data.json ===
2025-08-13 16:26:55,833 - INFO - 已更新data.json，添加了 0 个URL
2025-08-13 16:26:55,833 - INFO - === 执行完成 ===
2025-08-13 20:27:24,766 - INFO - === 开始执行微信文章归档工具 ===
2025-08-13 20:27:24,767 - INFO - 数据文件: data.json
2025-08-13 20:27:24,767 - INFO - 可执行文件: ./bin/wechatmp2markdown-v1.1.11_linux_amd64
2025-08-13 20:27:24,767 - INFO - 文档目录: doc
2025-08-13 20:27:24,805 - INFO - 已加载 18829 条历史记录
2025-08-13 20:27:24,806 - INFO - === 开始今日拉取 ===
2025-08-13 20:27:24,806 - INFO - 开始获取Doonsec RSS
2025-08-13 20:27:24,806 - INFO - 目标日期: 2025-08-13
2025-08-13 20:27:27,240 - INFO - Doonsec RSS请求成功
2025-08-13 20:27:27,242 - INFO - RSS中共有 200 个条目
2025-08-13 20:27:27,242 - INFO - Doonsec获取到 199 个2025-08-13的微信文章URL
2025-08-13 20:27:27,243 - INFO - ChainReactors md文件URL: https://raw.githubusercontent.com/chainreactors/picker/refs/heads/master/archive/daily/2025/2025-08-13.md
2025-08-13 20:27:27,371 - INFO - ChainReactors md文件下载状态码: 200
2025-08-13 20:27:27,372 - INFO - ChainReactors获取到 113 个URL
2025-08-13 20:27:27,372 - INFO - BruceFeIix md文件URL: https://raw.githubusercontent.com/BruceFeIix/picker/refs/heads/master/archive/daily/2025/2025-08-13.md
2025-08-13 20:27:27,517 - INFO - BruceFeIix md文件下载状态码: 200
2025-08-13 20:27:27,518 - INFO - BruceFeIix获取到 119 个URL
2025-08-13 20:27:27,518 - INFO - === 开始处理 2025-08-13 的数据 ===
2025-08-13 20:27:27,518 - INFO - Doonsec原始数据: 199 个
2025-08-13 20:27:27,518 - INFO - ChainReactors原始数据: 113 个
2025-08-13 20:27:27,518 - INFO - BruceFeIix原始数据: 119 个
2025-08-13 20:27:27,518 - INFO - 开始处理Doonsec数据...
2025-08-13 20:27:27,519 - INFO - 开始处理ChainReactors数据...
2025-08-13 20:27:27,519 - INFO - 开始处理BruceFeIix数据...
2025-08-13 20:27:27,519 - INFO - 去重后共 205 个URL待处理，跳过 226 个重复URL
2025-08-13 20:27:27,519 - INFO - 去重后统计 - Doonsec: 141 个, ChainReactors: 59 个, BruceFeIix: 5 个
2025-08-13 20:27:27,519 - INFO - === 开始关键词过滤 ===
2025-08-13 20:27:27,527 - INFO - 关键词过滤: 匹配 1 个，跳过 204 个
2025-08-13 20:27:27,527 - INFO - 关键词过滤后统计 - Doonsec: 1 个, ChainReactors: 0 个, BruceFeIix: 0 个
2025-08-13 20:27:27,540 - INFO - 已创建每日报告: md/2025-08-13.md
2025-08-13 20:27:27,541 - INFO - === 跳过二进制文件处理，只更新data.json ===
2025-08-13 20:27:27,572 - INFO - 已更新data.json，添加了 1 个URL
2025-08-13 20:27:27,573 - INFO - 已创建每日报告: md/2025-08-13.md
2025-08-13 20:27:27,573 - INFO - === 执行完成 ===
2025-08-14 02:00:58,274 - INFO - === 开始执行微信文章归档工具 ===
2025-08-14 02:00:58,275 - INFO - 数据文件: data.json
2025-08-14 02:00:58,275 - INFO - 可执行文件: ./bin/wechatmp2markdown-v1.1.11_linux_amd64
2025-08-14 02:00:58,275 - INFO - 文档目录: doc
2025-08-14 02:00:58,312 - INFO - 已加载 18830 条历史记录
2025-08-14 02:00:58,312 - INFO - === 开始今日拉取 ===
2025-08-14 02:00:58,312 - INFO - 开始获取Doonsec RSS
2025-08-14 02:00:58,312 - INFO - 目标日期: 2025-08-14
2025-08-14 02:05:57,642 - ERROR - Doonsec RSS解析失败: ('Connection aborted.', ConnectionResetError(104, 'Connection reset by peer'))
2025-08-14 02:05:57,642 - INFO - ChainReactors md文件URL: https://raw.githubusercontent.com/chainreactors/picker/refs/heads/master/archive/daily/2025/2025-08-14.md
2025-08-14 02:05:57,673 - INFO - ChainReactors md文件下载状态码: 404
2025-08-14 02:05:57,673 - WARNING - ChainReactors md文件下载失败: https://raw.githubusercontent.com/chainreactors/picker/refs/heads/master/archive/daily/2025/2025-08-14.md 状态码: 404
2025-08-14 02:05:57,673 - INFO - BruceFeIix md文件URL: https://raw.githubusercontent.com/BruceFeIix/picker/refs/heads/master/archive/daily/2025/2025-08-14.md
2025-08-14 02:05:57,727 - INFO - BruceFeIix md文件下载状态码: 404
2025-08-14 02:05:57,727 - WARNING - BruceFeIix md文件下载失败: https://raw.githubusercontent.com/BruceFeIix/picker/refs/heads/master/archive/daily/2025/2025-08-14.md 状态码: 404
2025-08-14 02:05:57,727 - INFO - === 开始处理 2025-08-14 的数据 ===
2025-08-14 02:05:57,727 - INFO - Doonsec原始数据: 0 个
2025-08-14 02:05:57,727 - INFO - ChainReactors原始数据: 0 个
2025-08-14 02:05:57,727 - INFO - BruceFeIix原始数据: 0 个
2025-08-14 02:05:57,727 - INFO - 开始处理Doonsec数据...
2025-08-14 02:05:57,727 - INFO - 开始处理ChainReactors数据...
2025-08-14 02:05:57,728 - INFO - 开始处理BruceFeIix数据...
2025-08-14 02:05:57,728 - INFO - 去重后共 0 个URL待处理，跳过 0 个重复URL
2025-08-14 02:05:57,728 - INFO - 去重后统计 - Doonsec: 0 个, ChainReactors: 0 个, BruceFeIix: 0 个
2025-08-14 02:05:57,728 - INFO - === 开始关键词过滤 ===
2025-08-14 02:05:57,728 - INFO - 关键词过滤: 匹配 0 个，跳过 0 个
2025-08-14 02:05:57,728 - INFO - 关键词过滤后统计 - Doonsec: 0 个, ChainReactors: 0 个, BruceFeIix: 0 个
2025-08-14 02:05:57,728 - INFO - === 跳过二进制文件处理，只更新data.json ===
2025-08-14 02:05:57,759 - INFO - 已更新data.json，添加了 0 个URL
2025-08-14 02:05:57,759 - INFO - === 执行完成 ===
2025-08-14 04:34:25,283 - INFO - === 开始执行微信文章归档工具 ===
2025-08-14 04:34:25,284 - INFO - 数据文件: data.json
2025-08-14 04:34:25,284 - INFO - 可执行文件: ./bin/wechatmp2markdown-v1.1.11_linux_amd64
2025-08-14 04:34:25,284 - INFO - 文档目录: doc
2025-08-14 04:34:25,316 - INFO - 已加载 18830 条历史记录
2025-08-14 04:34:25,316 - INFO - === 开始今日拉取 ===
2025-08-14 04:34:25,316 - INFO - 开始获取Doonsec RSS
2025-08-14 04:34:25,316 - INFO - 目标日期: 2025-08-14
2025-08-14 04:34:27,422 - INFO - Doonsec RSS请求成功
2025-08-14 04:34:27,424 - INFO - RSS中共有 200 个条目
2025-08-14 04:34:27,425 - INFO - Doonsec获取到 60 个2025-08-14的微信文章URL
2025-08-14 04:34:27,425 - INFO - ChainReactors md文件URL: https://raw.githubusercontent.com/chainreactors/picker/refs/heads/master/archive/daily/2025/2025-08-14.md
2025-08-14 04:34:27,450 - INFO - ChainReactors md文件下载状态码: 200
2025-08-14 04:34:27,451 - INFO - ChainReactors获取到 199 个URL
2025-08-14 04:34:27,451 - INFO - BruceFeIix md文件URL: https://raw.githubusercontent.com/BruceFeIix/picker/refs/heads/master/archive/daily/2025/2025-08-14.md
2025-08-14 04:34:27,476 - INFO - BruceFeIix md文件下载状态码: 200
2025-08-14 04:34:27,477 - INFO - BruceFeIix获取到 196 个URL
2025-08-14 04:34:27,477 - INFO - === 开始处理 2025-08-14 的数据 ===
2025-08-14 04:34:27,477 - INFO - Doonsec原始数据: 60 个
2025-08-14 04:34:27,477 - INFO - ChainReactors原始数据: 199 个
2025-08-14 04:34:27,477 - INFO - BruceFeIix原始数据: 196 个
2025-08-14 04:34:27,477 - INFO - 开始处理Doonsec数据...
2025-08-14 04:34:27,477 - INFO - 开始处理ChainReactors数据...
2025-08-14 04:34:27,478 - INFO - 开始处理BruceFeIix数据...
2025-08-14 04:34:27,478 - INFO - 去重后共 197 个URL待处理，跳过 258 个重复URL
2025-08-14 04:34:27,478 - INFO - 去重后统计 - Doonsec: 60 个, ChainReactors: 137 个, BruceFeIix: 0 个
2025-08-14 04:34:27,478 - INFO - === 开始关键词过滤 ===
2025-08-14 04:34:27,484 - INFO - 关键词过滤: 匹配 31 个，跳过 166 个
2025-08-14 04:34:27,484 - INFO - 关键词过滤后统计 - Doonsec: 24 个, ChainReactors: 7 个, BruceFeIix: 0 个
2025-08-14 04:34:27,498 - INFO - 已创建每日报告: md/2025-08-14.md
2025-08-14 04:34:27,498 - INFO - === 跳过二进制文件处理，只更新data.json ===
2025-08-14 04:34:27,530 - INFO - 已更新data.json，添加了 31 个URL
2025-08-14 04:34:27,530 - INFO - 已创建每日报告: md/2025-08-14.md
2025-08-14 04:34:27,530 - INFO - === 执行完成 ===
2025-08-14 08:33:51,224 - INFO - === 开始执行微信文章归档工具 ===
2025-08-14 08:33:51,225 - INFO - 数据文件: data.json
2025-08-14 08:33:51,225 - INFO - 可执行文件: ./bin/wechatmp2markdown-v1.1.11_linux_amd64
2025-08-14 08:33:51,226 - INFO - 文档目录: doc
2025-08-14 08:33:51,258 - INFO - 已加载 18861 条历史记录
2025-08-14 08:33:51,258 - INFO - === 开始今日拉取 ===
2025-08-14 08:33:51,258 - INFO - 开始获取Doonsec RSS
2025-08-14 08:33:51,258 - INFO - 目标日期: 2025-08-14
2025-08-14 08:33:54,233 - INFO - Doonsec RSS请求成功
2025-08-14 08:33:54,235 - INFO - RSS中共有 200 个条目
2025-08-14 08:33:54,235 - INFO - Doonsec获取到 140 个2025-08-14的微信文章URL
2025-08-14 08:33:54,235 - INFO - ChainReactors md文件URL: https://raw.githubusercontent.com/chainreactors/picker/refs/heads/master/archive/daily/2025/2025-08-14.md
2025-08-14 08:33:54,355 - INFO - ChainReactors md文件下载状态码: 200
2025-08-14 08:33:54,357 - INFO - ChainReactors获取到 199 个URL
2025-08-14 08:33:54,357 - INFO - BruceFeIix md文件URL: https://raw.githubusercontent.com/BruceFeIix/picker/refs/heads/master/archive/daily/2025/2025-08-14.md
2025-08-14 08:33:54,475 - INFO - BruceFeIix md文件下载状态码: 200
2025-08-14 08:33:54,476 - INFO - BruceFeIix获取到 196 个URL
2025-08-14 08:33:54,476 - INFO - === 开始处理 2025-08-14 的数据 ===
2025-08-14 08:33:54,476 - INFO - Doonsec原始数据: 140 个
2025-08-14 08:33:54,476 - INFO - ChainReactors原始数据: 199 个
2025-08-14 08:33:54,476 - INFO - BruceFeIix原始数据: 196 个
2025-08-14 08:33:54,476 - INFO - 开始处理Doonsec数据...
2025-08-14 08:33:54,477 - INFO - 开始处理ChainReactors数据...
2025-08-14 08:33:54,477 - INFO - 开始处理BruceFeIix数据...
2025-08-14 08:33:54,477 - INFO - 去重后共 246 个URL待处理，跳过 289 个重复URL
2025-08-14 08:33:54,477 - INFO - 去重后统计 - Doonsec: 116 个, ChainReactors: 130 个, BruceFeIix: 0 个
2025-08-14 08:33:54,478 - INFO - === 开始关键词过滤 ===
2025-08-14 08:33:54,486 - INFO - 关键词过滤: 匹配 27 个，跳过 219 个
2025-08-14 08:33:54,486 - INFO - 关键词过滤后统计 - Doonsec: 27 个, ChainReactors: 0 个, BruceFeIix: 0 个
2025-08-14 08:33:54,543 - INFO - 已创建每日报告: md/2025-08-14.md
2025-08-14 08:33:54,543 - INFO - === 跳过二进制文件处理，只更新data.json ===
2025-08-14 08:33:54,575 - INFO - 已更新data.json，添加了 27 个URL
2025-08-14 08:33:54,575 - INFO - 已创建每日报告: md/2025-08-14.md
2025-08-14 08:33:54,575 - INFO - === 执行完成 ===
2025-08-14 12:53:27,675 - INFO - === 开始执行微信文章归档工具 ===
2025-08-14 12:53:27,676 - INFO - 数据文件: data.json
2025-08-14 12:53:27,676 - INFO - 可执行文件: ./bin/wechatmp2markdown-v1.1.11_linux_amd64
2025-08-14 12:53:27,676 - INFO - 文档目录: doc
2025-08-14 12:53:27,710 - INFO - 已加载 18888 条历史记录
2025-08-14 12:53:27,710 - INFO - === 开始今日拉取 ===
2025-08-14 12:53:27,710 - INFO - 开始获取Doonsec RSS
2025-08-14 12:53:27,711 - INFO - 目标日期: 2025-08-14
2025-08-14 12:53:32,045 - INFO - Doonsec RSS请求成功
2025-08-14 12:53:32,047 - INFO - RSS中共有 200 个条目
2025-08-14 12:53:32,048 - INFO - Doonsec获取到 200 个2025-08-14的微信文章URL
2025-08-14 12:53:32,048 - INFO - ChainReactors md文件URL: https://raw.githubusercontent.com/chainreactors/picker/refs/heads/master/archive/daily/2025/2025-08-14.md
2025-08-14 12:53:32,101 - INFO - ChainReactors md文件下载状态码: 200
2025-08-14 12:53:32,102 - INFO - ChainReactors获取到 199 个URL
2025-08-14 12:53:32,102 - INFO - BruceFeIix md文件URL: https://raw.githubusercontent.com/BruceFeIix/picker/refs/heads/master/archive/daily/2025/2025-08-14.md
2025-08-14 12:53:32,132 - INFO - BruceFeIix md文件下载状态码: 200
2025-08-14 12:53:32,133 - INFO - BruceFeIix获取到 196 个URL
2025-08-14 12:53:32,133 - INFO - === 开始处理 2025-08-14 的数据 ===
2025-08-14 12:53:32,133 - INFO - Doonsec原始数据: 200 个
2025-08-14 12:53:32,133 - INFO - ChainReactors原始数据: 199 个
2025-08-14 12:53:32,133 - INFO - BruceFeIix原始数据: 196 个
2025-08-14 12:53:32,133 - INFO - 开始处理Doonsec数据...
2025-08-14 12:53:32,133 - INFO - 开始处理ChainReactors数据...
2025-08-14 12:53:32,134 - INFO - 开始处理BruceFeIix数据...
2025-08-14 12:53:32,134 - INFO - 去重后共 305 个URL待处理，跳过 290 个重复URL
2025-08-14 12:53:32,134 - INFO - 去重后统计 - Doonsec: 175 个, ChainReactors: 130 个, BruceFeIix: 0 个
2025-08-14 12:53:32,134 - INFO - === 开始关键词过滤 ===
2025-08-14 12:53:32,145 - INFO - 关键词过滤: 匹配 39 个，跳过 266 个
2025-08-14 12:53:32,145 - INFO - 关键词过滤后统计 - Doonsec: 39 个, ChainReactors: 0 个, BruceFeIix: 0 个
2025-08-14 12:53:32,183 - INFO - 已创建每日报告: md/2025-08-14.md
2025-08-14 12:53:32,183 - INFO - === 跳过二进制文件处理，只更新data.json ===
2025-08-14 12:53:32,215 - INFO - 已更新data.json，添加了 39 个URL
2025-08-14 12:53:32,215 - INFO - 已创建每日报告: md/2025-08-14.md
2025-08-14 12:53:32,216 - INFO - === 执行完成 ===
2025-08-14 16:32:28,503 - INFO - === 开始执行微信文章归档工具 ===
2025-08-14 16:32:28,504 - INFO - 数据文件: data.json
2025-08-14 16:32:28,504 - INFO - 可执行文件: ./bin/wechatmp2markdown-v1.1.11_linux_amd64
2025-08-14 16:32:28,504 - INFO - 文档目录: doc
2025-08-14 16:32:28,537 - INFO - 已加载 18927 条历史记录
2025-08-14 16:32:28,537 - INFO - === 开始今日拉取 ===
2025-08-14 16:32:28,537 - INFO - 开始获取Doonsec RSS
2025-08-14 16:32:28,537 - INFO - 目标日期: 2025-08-14
2025-08-14 16:32:31,695 - INFO - Doonsec RSS请求成功
2025-08-14 16:32:31,696 - INFO - RSS中共有 200 个条目
2025-08-14 16:32:31,697 - INFO - Doonsec获取到 189 个2025-08-14的微信文章URL
2025-08-14 16:32:31,697 - INFO - ChainReactors md文件URL: https://raw.githubusercontent.com/chainreactors/picker/refs/heads/master/archive/daily/2025/2025-08-14.md
2025-08-14 16:32:31,712 - INFO - ChainReactors md文件下载状态码: 200
2025-08-14 16:32:31,713 - INFO - ChainReactors获取到 199 个URL
2025-08-14 16:32:31,713 - INFO - BruceFeIix md文件URL: https://raw.githubusercontent.com/BruceFeIix/picker/refs/heads/master/archive/daily/2025/2025-08-14.md
2025-08-14 16:32:31,726 - INFO - BruceFeIix md文件下载状态码: 200
2025-08-14 16:32:31,727 - INFO - BruceFeIix获取到 196 个URL
2025-08-14 16:32:31,727 - INFO - === 开始处理 2025-08-14 的数据 ===
2025-08-14 16:32:31,727 - INFO - Doonsec原始数据: 189 个
2025-08-14 16:32:31,727 - INFO - ChainReactors原始数据: 199 个
2025-08-14 16:32:31,727 - INFO - BruceFeIix原始数据: 196 个
2025-08-14 16:32:31,727 - INFO - 开始处理Doonsec数据...
2025-08-14 16:32:31,727 - INFO - 开始处理ChainReactors数据...
2025-08-14 16:32:31,728 - INFO - 开始处理BruceFeIix数据...
2025-08-14 16:32:31,728 - INFO - 去重后共 271 个URL待处理，跳过 313 个重复URL
2025-08-14 16:32:31,728 - INFO - 去重后统计 - Doonsec: 141 个, ChainReactors: 130 个, BruceFeIix: 0 个
2025-08-14 16:32:31,728 - INFO - === 开始关键词过滤 ===
2025-08-14 16:32:31,738 - INFO - 关键词过滤: 匹配 7 个，跳过 264 个
2025-08-14 16:32:31,738 - INFO - 关键词过滤后统计 - Doonsec: 7 个, ChainReactors: 0 个, BruceFeIix: 0 个
2025-08-14 16:32:31,756 - INFO - 已创建每日报告: md/2025-08-14.md
2025-08-14 16:32:31,756 - INFO - === 跳过二进制文件处理，只更新data.json ===
2025-08-14 16:32:31,787 - INFO - 已更新data.json，添加了 7 个URL
2025-08-14 16:32:31,788 - INFO - 已创建每日报告: md/2025-08-14.md
2025-08-14 16:32:31,788 - INFO - === 执行完成 ===
2025-08-14 20:27:21,734 - INFO - === 开始执行微信文章归档工具 ===
2025-08-14 20:27:21,735 - INFO - 数据文件: data.json
2025-08-14 20:27:21,735 - INFO - 可执行文件: ./bin/wechatmp2markdown-v1.1.11_linux_amd64
2025-08-14 20:27:21,735 - INFO - 文档目录: doc
2025-08-14 20:27:21,766 - INFO - 已加载 18934 条历史记录
2025-08-14 20:27:21,766 - INFO - === 开始今日拉取 ===
2025-08-14 20:27:21,766 - INFO - 开始获取Doonsec RSS
2025-08-14 20:27:21,766 - INFO - 目标日期: 2025-08-14
2025-08-14 20:27:24,525 - INFO - Doonsec RSS请求成功
2025-08-14 20:27:24,527 - INFO - RSS中共有 200 个条目
2025-08-14 20:27:24,527 - INFO - Doonsec获取到 186 个2025-08-14的微信文章URL
2025-08-14 20:27:24,527 - INFO - ChainReactors md文件URL: https://raw.githubusercontent.com/chainreactors/picker/refs/heads/master/archive/daily/2025/2025-08-14.md
2025-08-14 20:27:24,579 - INFO - ChainReactors md文件下载状态码: 200
2025-08-14 20:27:24,580 - INFO - ChainReactors获取到 199 个URL
2025-08-14 20:27:24,580 - INFO - BruceFeIix md文件URL: https://raw.githubusercontent.com/BruceFeIix/picker/refs/heads/master/archive/daily/2025/2025-08-14.md
2025-08-14 20:27:24,606 - INFO - BruceFeIix md文件下载状态码: 200
2025-08-14 20:27:24,607 - INFO - BruceFeIix获取到 196 个URL
2025-08-14 20:27:24,607 - INFO - === 开始处理 2025-08-14 的数据 ===
2025-08-14 20:27:24,607 - INFO - Doonsec原始数据: 186 个
2025-08-14 20:27:24,607 - INFO - ChainReactors原始数据: 199 个
2025-08-14 20:27:24,607 - INFO - BruceFeIix原始数据: 196 个
2025-08-14 20:27:24,607 - INFO - 开始处理Doonsec数据...
2025-08-14 20:27:24,608 - INFO - 开始处理ChainReactors数据...
2025-08-14 20:27:24,608 - INFO - 开始处理BruceFeIix数据...
2025-08-14 20:27:24,608 - INFO - 去重后共 263 个URL待处理，跳过 318 个重复URL
2025-08-14 20:27:24,608 - INFO - 去重后统计 - Doonsec: 133 个, ChainReactors: 130 个, BruceFeIix: 0 个
2025-08-14 20:27:24,608 - INFO - === 开始关键词过滤 ===
2025-08-14 20:27:24,618 - INFO - 关键词过滤: 匹配 1 个，跳过 262 个
2025-08-14 20:27:24,618 - INFO - 关键词过滤后统计 - Doonsec: 1 个, ChainReactors: 0 个, BruceFeIix: 0 个
2025-08-14 20:27:24,635 - INFO - 已创建每日报告: md/2025-08-14.md
2025-08-14 20:27:24,636 - INFO - === 跳过二进制文件处理，只更新data.json ===
2025-08-14 20:27:24,667 - INFO - 已更新data.json，添加了 1 个URL
2025-08-14 20:27:24,667 - INFO - 已创建每日报告: md/2025-08-14.md
2025-08-14 20:27:24,667 - INFO - === 执行完成 ===
2025-08-15 02:01:39,336 - INFO - === 开始执行微信文章归档工具 ===
2025-08-15 02:01:39,336 - INFO - 数据文件: data.json
2025-08-15 02:01:39,337 - INFO - 可执行文件: ./bin/wechatmp2markdown-v1.1.11_linux_amd64
2025-08-15 02:01:39,337 - INFO - 文档目录: doc
2025-08-15 02:01:39,370 - INFO - 已加载 18935 条历史记录
2025-08-15 02:01:39,370 - INFO - === 开始今日拉取 ===
2025-08-15 02:01:39,370 - INFO - 开始获取Doonsec RSS
2025-08-15 02:01:39,370 - INFO - 目标日期: 2025-08-15
2025-08-15 02:01:42,219 - INFO - Doonsec RSS请求成功
2025-08-15 02:01:42,221 - INFO - RSS中共有 200 个条目
2025-08-15 02:01:42,221 - INFO - Doonsec获取到 20 个2025-08-15的微信文章URL
2025-08-15 02:01:42,222 - INFO - ChainReactors md文件URL: https://raw.githubusercontent.com/chainreactors/picker/refs/heads/master/archive/daily/2025/2025-08-15.md
2025-08-15 02:01:42,236 - INFO - ChainReactors md文件下载状态码: 404
2025-08-15 02:01:42,236 - WARNING - ChainReactors md文件下载失败: https://raw.githubusercontent.com/chainreactors/picker/refs/heads/master/archive/daily/2025/2025-08-15.md 状态码: 404
2025-08-15 02:01:42,236 - INFO - BruceFeIix md文件URL: https://raw.githubusercontent.com/BruceFeIix/picker/refs/heads/master/archive/daily/2025/2025-08-15.md
2025-08-15 02:01:42,248 - INFO - BruceFeIix md文件下载状态码: 404
2025-08-15 02:01:42,248 - WARNING - BruceFeIix md文件下载失败: https://raw.githubusercontent.com/BruceFeIix/picker/refs/heads/master/archive/daily/2025/2025-08-15.md 状态码: 404
2025-08-15 02:01:42,248 - INFO - === 开始处理 2025-08-15 的数据 ===
2025-08-15 02:01:42,248 - INFO - Doonsec原始数据: 20 个
2025-08-15 02:01:42,249 - INFO - ChainReactors原始数据: 0 个
2025-08-15 02:01:42,249 - INFO - BruceFeIix原始数据: 0 个
2025-08-15 02:01:42,249 - INFO - 开始处理Doonsec数据...
2025-08-15 02:01:42,249 - INFO - 开始处理ChainReactors数据...
2025-08-15 02:01:42,249 - INFO - 开始处理BruceFeIix数据...
2025-08-15 02:01:42,249 - INFO - 去重后共 20 个URL待处理，跳过 0 个重复URL
2025-08-15 02:01:42,249 - INFO - 去重后统计 - Doonsec: 20 个, ChainReactors: 0 个, BruceFeIix: 0 个
2025-08-15 02:01:42,249 - INFO - === 开始关键词过滤 ===
2025-08-15 02:01:42,250 - INFO - 关键词过滤: 匹配 5 个，跳过 15 个
2025-08-15 02:01:42,250 - INFO - 关键词过滤后统计 - Doonsec: 5 个, ChainReactors: 0 个, BruceFeIix: 0 个
2025-08-15 02:01:42,263 - INFO - 已创建每日报告: md/2025-08-15.md
2025-08-15 02:01:42,263 - INFO - === 跳过二进制文件处理，只更新data.json ===
2025-08-15 02:01:42,294 - INFO - 已更新data.json，添加了 5 个URL
2025-08-15 02:01:42,295 - INFO - 已创建每日报告: md/2025-08-15.md
2025-08-15 02:01:42,295 - INFO - === 执行完成 ===
2025-08-15 04:34:27,778 - INFO - === 开始执行微信文章归档工具 ===
2025-08-15 04:34:27,779 - INFO - 数据文件: data.json
2025-08-15 04:34:27,779 - INFO - 可执行文件: ./bin/wechatmp2markdown-v1.1.11_linux_amd64
2025-08-15 04:34:27,779 - INFO - 文档目录: doc
2025-08-15 04:34:27,812 - INFO - 已加载 18940 条历史记录
2025-08-15 04:34:27,812 - INFO - === 开始今日拉取 ===
2025-08-15 04:34:27,812 - INFO - 开始获取Doonsec RSS
2025-08-15 04:34:27,812 - INFO - 目标日期: 2025-08-15
2025-08-15 04:34:30,690 - INFO - Doonsec RSS请求成功
2025-08-15 04:34:30,692 - INFO - RSS中共有 200 个条目
2025-08-15 04:34:30,692 - INFO - Doonsec获取到 102 个2025-08-15的微信文章URL
2025-08-15 04:34:30,692 - INFO - ChainReactors md文件URL: https://raw.githubusercontent.com/chainreactors/picker/refs/heads/master/archive/daily/2025/2025-08-15.md
2025-08-15 04:34:30,735 - INFO - ChainReactors md文件下载状态码: 200
2025-08-15 04:34:30,737 - INFO - ChainReactors获取到 210 个URL
2025-08-15 04:34:30,737 - INFO - BruceFeIix md文件URL: https://raw.githubusercontent.com/BruceFeIix/picker/refs/heads/master/archive/daily/2025/2025-08-15.md
2025-08-15 04:34:30,790 - INFO - BruceFeIix md文件下载状态码: 200
2025-08-15 04:34:30,791 - INFO - BruceFeIix获取到 208 个URL
2025-08-15 04:34:30,791 - INFO - === 开始处理 2025-08-15 的数据 ===
2025-08-15 04:34:30,791 - INFO - Doonsec原始数据: 102 个
2025-08-15 04:34:30,791 - INFO - ChainReactors原始数据: 210 个
2025-08-15 04:34:30,791 - INFO - BruceFeIix原始数据: 208 个
2025-08-15 04:34:30,791 - INFO - 开始处理Doonsec数据...
2025-08-15 04:34:30,791 - INFO - 开始处理ChainReactors数据...
2025-08-15 04:34:30,792 - INFO - 开始处理BruceFeIix数据...
2025-08-15 04:34:30,792 - INFO - 去重后共 233 个URL待处理，跳过 287 个重复URL
2025-08-15 04:34:30,792 - INFO - 去重后统计 - Doonsec: 97 个, ChainReactors: 136 个, BruceFeIix: 0 个
2025-08-15 04:34:30,792 - INFO - === 开始关键词过滤 ===
2025-08-15 04:34:30,799 - INFO - 关键词过滤: 匹配 37 个，跳过 196 个
2025-08-15 04:34:30,799 - INFO - 关键词过滤后统计 - Doonsec: 27 个, ChainReactors: 10 个, BruceFeIix: 0 个
2025-08-15 04:34:30,870 - INFO - 已创建每日报告: md/2025-08-15.md
2025-08-15 04:34:30,870 - INFO - === 跳过二进制文件处理，只更新data.json ===
2025-08-15 04:34:30,902 - INFO - 已更新data.json，添加了 37 个URL
2025-08-15 04:34:30,903 - INFO - 已创建每日报告: md/2025-08-15.md
2025-08-15 04:34:30,903 - INFO - === 执行完成 ===
2025-08-15 08:32:20,864 - INFO - === 开始执行微信文章归档工具 ===
2025-08-15 08:32:20,865 - INFO - 数据文件: data.json
2025-08-15 08:32:20,865 - INFO - 可执行文件: ./bin/wechatmp2markdown-v1.1.11_linux_amd64
2025-08-15 08:32:20,865 - INFO - 文档目录: doc
2025-08-15 08:32:20,897 - INFO - 已加载 18977 条历史记录
2025-08-15 08:32:20,897 - INFO - === 开始今日拉取 ===
2025-08-15 08:32:20,897 - INFO - 开始获取Doonsec RSS
2025-08-15 08:32:20,897 - INFO - 目标日期: 2025-08-15
2025-08-15 08:32:22,914 - INFO - Doonsec RSS请求成功
2025-08-15 08:32:22,916 - INFO - RSS中共有 200 个条目
2025-08-15 08:32:22,916 - INFO - Doonsec获取到 188 个2025-08-15的微信文章URL
2025-08-15 08:32:22,916 - INFO - ChainReactors md文件URL: https://raw.githubusercontent.com/chainreactors/picker/refs/heads/master/archive/daily/2025/2025-08-15.md
2025-08-15 08:32:22,941 - INFO - ChainReactors md文件下载状态码: 200
2025-08-15 08:32:22,942 - INFO - ChainReactors获取到 210 个URL
2025-08-15 08:32:22,942 - INFO - BruceFeIix md文件URL: https://raw.githubusercontent.com/BruceFeIix/picker/refs/heads/master/archive/daily/2025/2025-08-15.md
2025-08-15 08:32:22,964 - INFO - BruceFeIix md文件下载状态码: 200
2025-08-15 08:32:22,965 - INFO - BruceFeIix获取到 208 个URL
2025-08-15 08:32:22,965 - INFO - === 开始处理 2025-08-15 的数据 ===
2025-08-15 08:32:22,966 - INFO - Doonsec原始数据: 188 个
2025-08-15 08:32:22,966 - INFO - ChainReactors原始数据: 210 个
2025-08-15 08:32:22,966 - INFO - BruceFeIix原始数据: 208 个
2025-08-15 08:32:22,966 - INFO - 开始处理Doonsec数据...
2025-08-15 08:32:22,966 - INFO - 开始处理ChainReactors数据...
2025-08-15 08:32:22,966 - INFO - 开始处理BruceFeIix数据...
2025-08-15 08:32:22,966 - INFO - 去重后共 281 个URL待处理，跳过 325 个重复URL
2025-08-15 08:32:22,967 - INFO - 去重后统计 - Doonsec: 155 个, ChainReactors: 126 个, BruceFeIix: 0 个
2025-08-15 08:32:22,967 - INFO - === 开始关键词过滤 ===
2025-08-15 08:32:22,976 - INFO - 关键词过滤: 匹配 19 个，跳过 262 个
2025-08-15 08:32:22,976 - INFO - 关键词过滤后统计 - Doonsec: 19 个, ChainReactors: 0 个, BruceFeIix: 0 个
2025-08-15 08:32:22,982 - INFO - 已创建每日报告: md/2025-08-15.md
2025-08-15 08:32:22,982 - INFO - === 跳过二进制文件处理，只更新data.json ===
2025-08-15 08:32:23,013 - INFO - 已更新data.json，添加了 19 个URL
2025-08-15 08:32:23,014 - INFO - 已创建每日报告: md/2025-08-15.md
2025-08-15 08:32:23,014 - INFO - === 执行完成 ===
2025-08-15 12:49:42,535 - INFO - === 开始执行微信文章归档工具 ===
2025-08-15 12:49:42,536 - INFO - 数据文件: data.json
2025-08-15 12:49:42,536 - INFO - 可执行文件: ./bin/wechatmp2markdown-v1.1.11_linux_amd64
2025-08-15 12:49:42,536 - INFO - 文档目录: doc
2025-08-15 12:49:42,569 - INFO - 已加载 18996 条历史记录
2025-08-15 12:49:42,569 - INFO - === 开始今日拉取 ===
2025-08-15 12:49:42,569 - INFO - 开始获取Doonsec RSS
2025-08-15 12:49:42,569 - INFO - 目标日期: 2025-08-15
2025-08-15 12:49:44,673 - INFO - Doonsec RSS请求成功
2025-08-15 12:49:44,675 - INFO - RSS中共有 200 个条目
2025-08-15 12:49:44,675 - INFO - Doonsec获取到 200 个2025-08-15的微信文章URL
2025-08-15 12:49:44,676 - INFO - ChainReactors md文件URL: https://raw.githubusercontent.com/chainreactors/picker/refs/heads/master/archive/daily/2025/2025-08-15.md
2025-08-15 12:49:44,685 - INFO - ChainReactors md文件下载状态码: 200
2025-08-15 12:49:44,686 - INFO - ChainReactors获取到 210 个URL
2025-08-15 12:49:44,686 - INFO - BruceFeIix md文件URL: https://raw.githubusercontent.com/BruceFeIix/picker/refs/heads/master/archive/daily/2025/2025-08-15.md
2025-08-15 12:49:44,694 - INFO - BruceFeIix md文件下载状态码: 200
2025-08-15 12:49:44,695 - INFO - BruceFeIix获取到 208 个URL
2025-08-15 12:49:44,695 - INFO - === 开始处理 2025-08-15 的数据 ===
2025-08-15 12:49:44,695 - INFO - Doonsec原始数据: 200 个
2025-08-15 12:49:44,696 - INFO - ChainReactors原始数据: 210 个
2025-08-15 12:49:44,696 - INFO - BruceFeIix原始数据: 208 个
2025-08-15 12:49:44,696 - INFO - 开始处理Doonsec数据...
2025-08-15 12:49:44,696 - INFO - 开始处理ChainReactors数据...
2025-08-15 12:49:44,696 - INFO - 开始处理BruceFeIix数据...
2025-08-15 12:49:44,697 - INFO - 去重后共 305 个URL待处理，跳过 313 个重复URL
2025-08-15 12:49:44,697 - INFO - 去重后统计 - Doonsec: 179 个, ChainReactors: 126 个, BruceFeIix: 0 个
2025-08-15 12:49:44,697 - INFO - === 开始关键词过滤 ===
2025-08-15 12:49:44,707 - INFO - 关键词过滤: 匹配 40 个，跳过 265 个
2025-08-15 12:49:44,707 - INFO - 关键词过滤后统计 - Doonsec: 40 个, ChainReactors: 0 个, BruceFeIix: 0 个
2025-08-15 12:49:44,720 - INFO - 已创建每日报告: md/2025-08-15.md
2025-08-15 12:49:44,721 - INFO - === 跳过二进制文件处理，只更新data.json ===
2025-08-15 12:49:44,752 - INFO - 已更新data.json，添加了 40 个URL
2025-08-15 12:49:44,753 - INFO - 已创建每日报告: md/2025-08-15.md
2025-08-15 12:49:44,753 - INFO - === 执行完成 ===
2025-08-15 16:30:22,732 - INFO - === 开始执行微信文章归档工具 ===
2025-08-15 16:30:22,733 - INFO - 数据文件: data.json
2025-08-15 16:30:22,733 - INFO - 可执行文件: ./bin/wechatmp2markdown-v1.1.11_linux_amd64
2025-08-15 16:30:22,733 - INFO - 文档目录: doc
2025-08-15 16:30:22,771 - INFO - 已加载 19036 条历史记录
2025-08-15 16:30:22,771 - INFO - === 开始今日拉取 ===
2025-08-15 16:30:22,771 - INFO - 开始获取Doonsec RSS
2025-08-15 16:30:22,771 - INFO - 目标日期: 2025-08-15
2025-08-15 16:30:25,338 - INFO - Doonsec RSS请求成功
2025-08-15 16:30:25,340 - INFO - RSS中共有 200 个条目
2025-08-15 16:30:25,341 - INFO - Doonsec获取到 194 个2025-08-15的微信文章URL
2025-08-15 16:30:25,341 - INFO - ChainReactors md文件URL: https://raw.githubusercontent.com/chainreactors/picker/refs/heads/master/archive/daily/2025/2025-08-15.md
2025-08-15 16:30:25,364 - INFO - ChainReactors md文件下载状态码: 200
2025-08-15 16:30:25,365 - INFO - ChainReactors获取到 210 个URL
2025-08-15 16:30:25,365 - INFO - BruceFeIix md文件URL: https://raw.githubusercontent.com/BruceFeIix/picker/refs/heads/master/archive/daily/2025/2025-08-15.md
2025-08-15 16:30:25,377 - INFO - BruceFeIix md文件下载状态码: 200
2025-08-15 16:30:25,378 - INFO - BruceFeIix获取到 208 个URL
2025-08-15 16:30:25,378 - INFO - === 开始处理 2025-08-15 的数据 ===
2025-08-15 16:30:25,378 - INFO - Doonsec原始数据: 194 个
2025-08-15 16:30:25,378 - INFO - ChainReactors原始数据: 210 个
2025-08-15 16:30:25,378 - INFO - BruceFeIix原始数据: 208 个
2025-08-15 16:30:25,378 - INFO - 开始处理Doonsec数据...
2025-08-15 16:30:25,378 - INFO - 开始处理ChainReactors数据...
2025-08-15 16:30:25,379 - INFO - 开始处理BruceFeIix数据...
2025-08-15 16:30:25,379 - INFO - 去重后共 264 个URL待处理，跳过 348 个重复URL
2025-08-15 16:30:25,379 - INFO - 去重后统计 - Doonsec: 138 个, ChainReactors: 126 个, BruceFeIix: 0 个
2025-08-15 16:30:25,379 - INFO - === 开始关键词过滤 ===
2025-08-15 16:30:25,388 - INFO - 关键词过滤: 匹配 8 个，跳过 256 个
2025-08-15 16:30:25,388 - INFO - 关键词过滤后统计 - Doonsec: 8 个, ChainReactors: 0 个, BruceFeIix: 0 个
2025-08-15 16:30:25,401 - INFO - 已创建每日报告: md/2025-08-15.md
2025-08-15 16:30:25,401 - INFO - === 跳过二进制文件处理，只更新data.json ===
2025-08-15 16:30:25,433 - INFO - 已更新data.json，添加了 8 个URL
2025-08-15 16:30:25,433 - INFO - 已创建每日报告: md/2025-08-15.md
2025-08-15 16:30:25,433 - INFO - === 执行完成 ===
2025-08-15 20:26:32,123 - INFO - === 开始执行微信文章归档工具 ===
2025-08-15 20:26:32,124 - INFO - 数据文件: data.json
2025-08-15 20:26:32,124 - INFO - 可执行文件: ./bin/wechatmp2markdown-v1.1.11_linux_amd64
2025-08-15 20:26:32,124 - INFO - 文档目录: doc
2025-08-15 20:26:32,157 - INFO - 已加载 19044 条历史记录
2025-08-15 20:26:32,157 - INFO - === 开始今日拉取 ===
2025-08-15 20:26:32,157 - INFO - 开始获取Doonsec RSS
2025-08-15 20:26:32,157 - INFO - 目标日期: 2025-08-15
2025-08-15 20:26:34,175 - INFO - Doonsec RSS请求成功
2025-08-15 20:26:34,177 - INFO - RSS中共有 200 个条目
2025-08-15 20:26:34,178 - INFO - Doonsec获取到 192 个2025-08-15的微信文章URL
2025-08-15 20:26:34,178 - INFO - ChainReactors md文件URL: https://raw.githubusercontent.com/chainreactors/picker/refs/heads/master/archive/daily/2025/2025-08-15.md
2025-08-15 20:26:34,220 - INFO - ChainReactors md文件下载状态码: 200
2025-08-15 20:26:34,222 - INFO - ChainReactors获取到 210 个URL
2025-08-15 20:26:34,222 - INFO - BruceFeIix md文件URL: https://raw.githubusercontent.com/BruceFeIix/picker/refs/heads/master/archive/daily/2025/2025-08-15.md
2025-08-15 20:26:34,262 - INFO - BruceFeIix md文件下载状态码: 200
2025-08-15 20:26:34,263 - INFO - BruceFeIix获取到 208 个URL
2025-08-15 20:26:34,263 - INFO - === 开始处理 2025-08-15 的数据 ===
2025-08-15 20:26:34,263 - INFO - Doonsec原始数据: 192 个
2025-08-15 20:26:34,263 - INFO - ChainReactors原始数据: 210 个
2025-08-15 20:26:34,263 - INFO - BruceFeIix原始数据: 208 个
2025-08-15 20:26:34,264 - INFO - 开始处理Doonsec数据...
2025-08-15 20:26:34,264 - INFO - 开始处理ChainReactors数据...
2025-08-15 20:26:34,264 - INFO - 开始处理BruceFeIix数据...
2025-08-15 20:26:34,264 - INFO - 去重后共 255 个URL待处理，跳过 355 个重复URL
2025-08-15 20:26:34,265 - INFO - 去重后统计 - Doonsec: 129 个, ChainReactors: 126 个, BruceFeIix: 0 个
2025-08-15 20:26:34,265 - INFO - === 开始关键词过滤 ===
2025-08-15 20:26:34,273 - INFO - 关键词过滤: 匹配 0 个，跳过 255 个
2025-08-15 20:26:34,274 - INFO - 关键词过滤后统计 - Doonsec: 0 个, ChainReactors: 0 个, BruceFeIix: 0 个
2025-08-15 20:26:34,274 - INFO - === 跳过二进制文件处理，只更新data.json ===
2025-08-15 20:26:34,306 - INFO - 已更新data.json，添加了 0 个URL
2025-08-15 20:26:34,306 - INFO - === 执行完成 ===
2025-08-16 01:55:55,451 - INFO - === 开始执行微信文章归档工具 ===
2025-08-16 01:55:55,451 - INFO - 数据文件: data.json
2025-08-16 01:55:55,451 - INFO - 可执行文件: ./bin/wechatmp2markdown-v1.1.11_linux_amd64
2025-08-16 01:55:55,451 - INFO - 文档目录: doc
2025-08-16 01:55:55,484 - INFO - 已加载 19044 条历史记录
2025-08-16 01:55:55,484 - INFO - === 开始今日拉取 ===
2025-08-16 01:55:55,485 - INFO - 开始获取Doonsec RSS
2025-08-16 01:55:55,485 - INFO - 目标日期: 2025-08-16
2025-08-16 01:55:57,623 - INFO - Doonsec RSS请求成功
2025-08-16 01:55:57,625 - INFO - RSS中共有 200 个条目
2025-08-16 01:55:57,625 - INFO - Doonsec获取到 23 个2025-08-16的微信文章URL
2025-08-16 01:55:57,625 - INFO - ChainReactors md文件URL: https://raw.githubusercontent.com/chainreactors/picker/refs/heads/master/archive/daily/2025/2025-08-16.md
2025-08-16 01:55:57,651 - INFO - ChainReactors md文件下载状态码: 404
2025-08-16 01:55:57,651 - WARNING - ChainReactors md文件下载失败: https://raw.githubusercontent.com/chainreactors/picker/refs/heads/master/archive/daily/2025/2025-08-16.md 状态码: 404
2025-08-16 01:55:57,652 - INFO - BruceFeIix md文件URL: https://raw.githubusercontent.com/BruceFeIix/picker/refs/heads/master/archive/daily/2025/2025-08-16.md
2025-08-16 01:55:57,674 - INFO - BruceFeIix md文件下载状态码: 404
2025-08-16 01:55:57,674 - WARNING - BruceFeIix md文件下载失败: https://raw.githubusercontent.com/BruceFeIix/picker/refs/heads/master/archive/daily/2025/2025-08-16.md 状态码: 404
2025-08-16 01:55:57,674 - INFO - === 开始处理 2025-08-16 的数据 ===
2025-08-16 01:55:57,674 - INFO - Doonsec原始数据: 23 个
2025-08-16 01:55:57,674 - INFO - ChainReactors原始数据: 0 个
2025-08-16 01:55:57,675 - INFO - BruceFeIix原始数据: 0 个
2025-08-16 01:55:57,675 - INFO - 开始处理Doonsec数据...
2025-08-16 01:55:57,675 - INFO - 开始处理ChainReactors数据...
2025-08-16 01:55:57,675 - INFO - 开始处理BruceFeIix数据...
2025-08-16 01:55:57,675 - INFO - 去重后共 23 个URL待处理，跳过 0 个重复URL
2025-08-16 01:55:57,675 - INFO - 去重后统计 - Doonsec: 23 个, ChainReactors: 0 个, BruceFeIix: 0 个
2025-08-16 01:55:57,675 - INFO - === 开始关键词过滤 ===
2025-08-16 01:55:57,676 - INFO - 关键词过滤: 匹配 4 个，跳过 19 个
2025-08-16 01:55:57,676 - INFO - 关键词过滤后统计 - Doonsec: 4 个, ChainReactors: 0 个, BruceFeIix: 0 个
2025-08-16 01:55:57,695 - INFO - 已创建每日报告: md/2025-08-16.md
2025-08-16 01:55:57,695 - INFO - === 跳过二进制文件处理，只更新data.json ===
2025-08-16 01:55:57,726 - INFO - 已更新data.json，添加了 4 个URL
2025-08-16 01:55:57,727 - INFO - 已创建每日报告: md/2025-08-16.md
2025-08-16 01:55:57,727 - INFO - === 执行完成 ===
2025-08-16 04:30:00,861 - INFO - === 开始执行微信文章归档工具 ===
2025-08-16 04:30:00,862 - INFO - 数据文件: data.json
2025-08-16 04:30:00,862 - INFO - 可执行文件: ./bin/wechatmp2markdown-v1.1.11_linux_amd64
2025-08-16 04:30:00,862 - INFO - 文档目录: doc
2025-08-16 04:30:00,893 - INFO - 已加载 19048 条历史记录
2025-08-16 04:30:00,893 - INFO - === 开始今日拉取 ===
2025-08-16 04:30:00,894 - INFO - 开始获取Doonsec RSS
2025-08-16 04:30:00,894 - INFO - 目标日期: 2025-08-16
2025-08-16 04:30:03,238 - INFO - Doonsec RSS请求成功
2025-08-16 04:30:03,241 - INFO - RSS中共有 200 个条目
2025-08-16 04:30:03,241 - INFO - Doonsec获取到 61 个2025-08-16的微信文章URL
2025-08-16 04:30:03,241 - INFO - ChainReactors md文件URL: https://raw.githubusercontent.com/chainreactors/picker/refs/heads/master/archive/daily/2025/2025-08-16.md
2025-08-16 04:30:03,266 - INFO - ChainReactors md文件下载状态码: 200
2025-08-16 04:30:03,267 - INFO - ChainReactors获取到 202 个URL
2025-08-16 04:30:03,267 - INFO - BruceFeIix md文件URL: https://raw.githubusercontent.com/BruceFeIix/picker/refs/heads/master/archive/daily/2025/2025-08-16.md
2025-08-16 04:30:03,293 - INFO - BruceFeIix md文件下载状态码: 200
2025-08-16 04:30:03,294 - INFO - BruceFeIix获取到 201 个URL
2025-08-16 04:30:03,294 - INFO - === 开始处理 2025-08-16 的数据 ===
2025-08-16 04:30:03,294 - INFO - Doonsec原始数据: 61 个
2025-08-16 04:30:03,294 - INFO - ChainReactors原始数据: 202 个
2025-08-16 04:30:03,294 - INFO - BruceFeIix原始数据: 201 个
2025-08-16 04:30:03,294 - INFO - 开始处理Doonsec数据...
2025-08-16 04:30:03,294 - INFO - 开始处理ChainReactors数据...
2025-08-16 04:30:03,294 - INFO - 开始处理BruceFeIix数据...
2025-08-16 04:30:03,295 - INFO - 去重后共 185 个URL待处理，跳过 279 个重复URL
2025-08-16 04:30:03,295 - INFO - 去重后统计 - Doonsec: 57 个, ChainReactors: 128 个, BruceFeIix: 0 个
2025-08-16 04:30:03,295 - INFO - === 开始关键词过滤 ===
2025-08-16 04:30:03,301 - INFO - 关键词过滤: 匹配 25 个，跳过 160 个
2025-08-16 04:30:03,301 - INFO - 关键词过滤后统计 - Doonsec: 15 个, ChainReactors: 10 个, BruceFeIix: 0 个
2025-08-16 04:30:03,315 - INFO - 已创建每日报告: md/2025-08-16.md
2025-08-16 04:30:03,315 - INFO - === 跳过二进制文件处理，只更新data.json ===
2025-08-16 04:30:03,346 - INFO - 已更新data.json，添加了 25 个URL
2025-08-16 04:30:03,347 - INFO - 已创建每日报告: md/2025-08-16.md
2025-08-16 04:30:03,347 - INFO - === 执行完成 ===
2025-08-16 08:29:41,057 - INFO - === 开始执行微信文章归档工具 ===
2025-08-16 08:29:41,058 - INFO - 数据文件: data.json
2025-08-16 08:29:41,058 - INFO - 可执行文件: ./bin/wechatmp2markdown-v1.1.11_linux_amd64
2025-08-16 08:29:41,058 - INFO - 文档目录: doc
2025-08-16 08:29:41,091 - INFO - 已加载 19073 条历史记录
2025-08-16 08:29:41,091 - INFO - === 开始今日拉取 ===
2025-08-16 08:29:41,091 - INFO - 开始获取Doonsec RSS
2025-08-16 08:29:41,091 - INFO - 目标日期: 2025-08-16
2025-08-16 08:29:43,216 - INFO - Doonsec RSS请求成功
2025-08-16 08:29:43,218 - INFO - RSS中共有 200 个条目
2025-08-16 08:29:43,218 - INFO - Doonsec获取到 85 个2025-08-16的微信文章URL
2025-08-16 08:29:43,218 - INFO - ChainReactors md文件URL: https://raw.githubusercontent.com/chainreactors/picker/refs/heads/master/archive/daily/2025/2025-08-16.md
2025-08-16 08:29:43,317 - INFO - ChainReactors md文件下载状态码: 200
2025-08-16 08:29:43,318 - INFO - ChainReactors获取到 202 个URL
2025-08-16 08:29:43,318 - INFO - BruceFeIix md文件URL: https://raw.githubusercontent.com/BruceFeIix/picker/refs/heads/master/archive/daily/2025/2025-08-16.md
2025-08-16 08:29:43,401 - INFO - BruceFeIix md文件下载状态码: 200
2025-08-16 08:29:43,402 - INFO - BruceFeIix获取到 201 个URL
2025-08-16 08:29:43,402 - INFO - === 开始处理 2025-08-16 的数据 ===
2025-08-16 08:29:43,402 - INFO - Doonsec原始数据: 85 个
2025-08-16 08:29:43,402 - INFO - ChainReactors原始数据: 202 个
2025-08-16 08:29:43,402 - INFO - BruceFeIix原始数据: 201 个
2025-08-16 08:29:43,402 - INFO - 开始处理Doonsec数据...
2025-08-16 08:29:43,403 - INFO - 开始处理ChainReactors数据...
2025-08-16 08:29:43,403 - INFO - 开始处理BruceFeIix数据...
2025-08-16 08:29:43,403 - INFO - 去重后共 184 个URL待处理，跳过 304 个重复URL
2025-08-16 08:29:43,403 - INFO - 去重后统计 - Doonsec: 66 个, ChainReactors: 118 个, BruceFeIix: 0 个
2025-08-16 08:29:43,403 - INFO - === 开始关键词过滤 ===
2025-08-16 08:29:43,410 - INFO - 关键词过滤: 匹配 3 个，跳过 181 个
2025-08-16 08:29:43,410 - INFO - 关键词过滤后统计 - Doonsec: 3 个, ChainReactors: 0 个, BruceFeIix: 0 个
2025-08-16 08:29:43,422 - INFO - 已创建每日报告: md/2025-08-16.md
2025-08-16 08:29:43,423 - INFO - === 跳过二进制文件处理，只更新data.json ===
2025-08-16 08:29:43,454 - INFO - 已更新data.json，添加了 3 个URL
2025-08-16 08:29:43,455 - INFO - 已创建每日报告: md/2025-08-16.md
2025-08-16 08:29:43,455 - INFO - === 执行完成 ===
2025-08-16 12:47:02,803 - INFO - === 开始执行微信文章归档工具 ===
2025-08-16 12:47:02,804 - INFO - 数据文件: data.json
2025-08-16 12:47:02,804 - INFO - 可执行文件: ./bin/wechatmp2markdown-v1.1.11_linux_amd64
2025-08-16 12:47:02,804 - INFO - 文档目录: doc
2025-08-16 12:47:02,836 - INFO - 已加载 19076 条历史记录
2025-08-16 12:47:02,837 - INFO - === 开始今日拉取 ===
2025-08-16 12:47:02,837 - INFO - 开始获取Doonsec RSS
2025-08-16 12:47:02,837 - INFO - 目标日期: 2025-08-16
2025-08-16 12:47:04,281 - INFO - Doonsec RSS请求成功
2025-08-16 12:47:04,283 - INFO - RSS中共有 200 个条目
2025-08-16 12:47:04,284 - INFO - Doonsec获取到 123 个2025-08-16的微信文章URL
2025-08-16 12:47:04,284 - INFO - ChainReactors md文件URL: https://raw.githubusercontent.com/chainreactors/picker/refs/heads/master/archive/daily/2025/2025-08-16.md
2025-08-16 12:47:04,297 - INFO - ChainReactors md文件下载状态码: 200
2025-08-16 12:47:04,298 - INFO - ChainReactors获取到 202 个URL
2025-08-16 12:47:04,298 - INFO - BruceFeIix md文件URL: https://raw.githubusercontent.com/BruceFeIix/picker/refs/heads/master/archive/daily/2025/2025-08-16.md
2025-08-16 12:47:04,307 - INFO - BruceFeIix md文件下载状态码: 200
2025-08-16 12:47:04,308 - INFO - BruceFeIix获取到 201 个URL
2025-08-16 12:47:04,308 - INFO - === 开始处理 2025-08-16 的数据 ===
2025-08-16 12:47:04,308 - INFO - Doonsec原始数据: 123 个
2025-08-16 12:47:04,308 - INFO - ChainReactors原始数据: 202 个
2025-08-16 12:47:04,308 - INFO - BruceFeIix原始数据: 201 个
2025-08-16 12:47:04,308 - INFO - 开始处理Doonsec数据...
2025-08-16 12:47:04,308 - INFO - 开始处理ChainReactors数据...
2025-08-16 12:47:04,309 - INFO - 开始处理BruceFeIix数据...
2025-08-16 12:47:04,309 - INFO - 去重后共 219 个URL待处理，跳过 307 个重复URL
2025-08-16 12:47:04,309 - INFO - 去重后统计 - Doonsec: 101 个, ChainReactors: 118 个, BruceFeIix: 0 个
2025-08-16 12:47:04,309 - INFO - === 开始关键词过滤 ===
2025-08-16 12:47:04,317 - INFO - 关键词过滤: 匹配 15 个，跳过 204 个
2025-08-16 12:47:04,317 - INFO - 关键词过滤后统计 - Doonsec: 15 个, ChainReactors: 0 个, BruceFeIix: 0 个
2025-08-16 12:47:04,338 - INFO - 已创建每日报告: md/2025-08-16.md
2025-08-16 12:47:04,338 - INFO - === 跳过二进制文件处理，只更新data.json ===
2025-08-16 12:47:04,370 - INFO - 已更新data.json，添加了 15 个URL
2025-08-16 12:47:04,370 - INFO - 已创建每日报告: md/2025-08-16.md
2025-08-16 12:47:04,370 - INFO - === 执行完成 ===
2025-08-16 16:27:54,849 - INFO - === 开始执行微信文章归档工具 ===
2025-08-16 16:27:54,850 - INFO - 数据文件: data.json
2025-08-16 16:27:54,850 - INFO - 可执行文件: ./bin/wechatmp2markdown-v1.1.11_linux_amd64
2025-08-16 16:27:54,850 - INFO - 文档目录: doc
2025-08-16 16:27:54,883 - INFO - 已加载 19091 条历史记录
2025-08-16 16:27:54,883 - INFO - === 开始今日拉取 ===
2025-08-16 16:27:54,883 - INFO - 开始获取Doonsec RSS
2025-08-16 16:27:54,883 - INFO - 目标日期: 2025-08-16
2025-08-16 16:27:59,923 - INFO - Doonsec RSS请求成功
2025-08-16 16:27:59,925 - INFO - RSS中共有 200 个条目
2025-08-16 16:27:59,926 - INFO - Doonsec获取到 143 个2025-08-16的微信文章URL
2025-08-16 16:27:59,926 - INFO - ChainReactors md文件URL: https://raw.githubusercontent.com/chainreactors/picker/refs/heads/master/archive/daily/2025/2025-08-16.md
2025-08-16 16:27:59,947 - INFO - ChainReactors md文件下载状态码: 200
2025-08-16 16:27:59,948 - INFO - ChainReactors获取到 202 个URL
2025-08-16 16:27:59,948 - INFO - BruceFeIix md文件URL: https://raw.githubusercontent.com/BruceFeIix/picker/refs/heads/master/archive/daily/2025/2025-08-16.md
2025-08-16 16:27:59,961 - INFO - BruceFeIix md文件下载状态码: 200
2025-08-16 16:27:59,962 - INFO - BruceFeIix获取到 201 个URL
2025-08-16 16:27:59,962 - INFO - === 开始处理 2025-08-16 的数据 ===
2025-08-16 16:27:59,962 - INFO - Doonsec原始数据: 143 个
2025-08-16 16:27:59,962 - INFO - ChainReactors原始数据: 202 个
2025-08-16 16:27:59,962 - INFO - BruceFeIix原始数据: 201 个
2025-08-16 16:27:59,962 - INFO - 开始处理Doonsec数据...
2025-08-16 16:27:59,962 - INFO - 开始处理ChainReactors数据...
2025-08-16 16:27:59,963 - INFO - 开始处理BruceFeIix数据...
2025-08-16 16:27:59,963 - INFO - 去重后共 224 个URL待处理，跳过 322 个重复URL
2025-08-16 16:27:59,963 - INFO - 去重后统计 - Doonsec: 106 个, ChainReactors: 118 个, BruceFeIix: 0 个
2025-08-16 16:27:59,963 - INFO - === 开始关键词过滤 ===
2025-08-16 16:27:59,971 - INFO - 关键词过滤: 匹配 5 个，跳过 219 个
2025-08-16 16:27:59,972 - INFO - 关键词过滤后统计 - Doonsec: 5 个, ChainReactors: 0 个, BruceFeIix: 0 个
2025-08-16 16:27:59,985 - INFO - 已创建每日报告: md/2025-08-16.md
2025-08-16 16:27:59,985 - INFO - === 跳过二进制文件处理，只更新data.json ===
2025-08-16 16:28:00,018 - INFO - 已更新data.json，添加了 5 个URL
2025-08-16 16:28:00,019 - INFO - 已创建每日报告: md/2025-08-16.md
2025-08-16 16:28:00,019 - INFO - === 执行完成 ===
2025-08-16 20:24:42,284 - INFO - === 开始执行微信文章归档工具 ===
2025-08-16 20:24:42,285 - INFO - 数据文件: data.json
2025-08-16 20:24:42,285 - INFO - 可执行文件: ./bin/wechatmp2markdown-v1.1.11_linux_amd64
2025-08-16 20:24:42,285 - INFO - 文档目录: doc
2025-08-16 20:24:42,319 - INFO - 已加载 19096 条历史记录
2025-08-16 20:24:42,319 - INFO - === 开始今日拉取 ===
2025-08-16 20:24:42,319 - INFO - 开始获取Doonsec RSS
2025-08-16 20:24:42,319 - INFO - 目标日期: 2025-08-16
2025-08-16 20:24:44,634 - INFO - Doonsec RSS请求成功
2025-08-16 20:24:44,635 - INFO - RSS中共有 200 个条目
2025-08-16 20:24:44,636 - INFO - Doonsec获取到 156 个2025-08-16的微信文章URL
2025-08-16 20:24:44,636 - INFO - ChainReactors md文件URL: https://raw.githubusercontent.com/chainreactors/picker/refs/heads/master/archive/daily/2025/2025-08-16.md
2025-08-16 20:24:44,688 - INFO - ChainReactors md文件下载状态码: 200
2025-08-16 20:24:44,690 - INFO - ChainReactors获取到 202 个URL
2025-08-16 20:24:44,690 - INFO - BruceFeIix md文件URL: https://raw.githubusercontent.com/BruceFeIix/picker/refs/heads/master/archive/daily/2025/2025-08-16.md
2025-08-16 20:24:44,742 - INFO - BruceFeIix md文件下载状态码: 200
2025-08-16 20:24:44,743 - INFO - BruceFeIix获取到 201 个URL
2025-08-16 20:24:44,744 - INFO - === 开始处理 2025-08-16 的数据 ===
2025-08-16 20:24:44,744 - INFO - Doonsec原始数据: 156 个
2025-08-16 20:24:44,744 - INFO - ChainReactors原始数据: 202 个
2025-08-16 20:24:44,744 - INFO - BruceFeIix原始数据: 201 个
2025-08-16 20:24:44,744 - INFO - 开始处理Doonsec数据...
2025-08-16 20:24:44,744 - INFO - 开始处理ChainReactors数据...
2025-08-16 20:24:44,744 - INFO - 开始处理BruceFeIix数据...
2025-08-16 20:24:44,745 - INFO - 去重后共 232 个URL待处理，跳过 327 个重复URL
2025-08-16 20:24:44,745 - INFO - 去重后统计 - Doonsec: 114 个, ChainReactors: 118 个, BruceFeIix: 0 个
2025-08-16 20:24:44,745 - INFO - === 开始关键词过滤 ===
2025-08-16 20:24:44,753 - INFO - 关键词过滤: 匹配 2 个，跳过 230 个
2025-08-16 20:24:44,753 - INFO - 关键词过滤后统计 - Doonsec: 2 个, ChainReactors: 0 个, BruceFeIix: 0 个
2025-08-16 20:24:44,766 - INFO - 已创建每日报告: md/2025-08-16.md
2025-08-16 20:24:44,766 - INFO - === 跳过二进制文件处理，只更新data.json ===
2025-08-16 20:24:44,798 - INFO - 已更新data.json，添加了 2 个URL
2025-08-16 20:24:44,798 - INFO - 已创建每日报告: md/2025-08-16.md
2025-08-16 20:24:44,799 - INFO - === 执行完成 ===
2025-08-17 02:07:34,416 - INFO - === 开始执行微信文章归档工具 ===
2025-08-17 02:07:34,417 - INFO - 数据文件: data.json
2025-08-17 02:07:34,417 - INFO - 可执行文件: ./bin/wechatmp2markdown-v1.1.11_linux_amd64
2025-08-17 02:07:34,417 - INFO - 文档目录: doc
2025-08-17 02:07:34,450 - INFO - 已加载 19098 条历史记录
2025-08-17 02:07:34,450 - INFO - === 开始今日拉取 ===
2025-08-17 02:07:34,450 - INFO - 开始获取Doonsec RSS
2025-08-17 02:07:34,450 - INFO - 目标日期: 2025-08-17
2025-08-17 02:07:36,755 - INFO - Doonsec RSS请求成功
2025-08-17 02:07:36,757 - INFO - RSS中共有 200 个条目
2025-08-17 02:07:36,757 - INFO - Doonsec获取到 20 个2025-08-17的微信文章URL
2025-08-17 02:07:36,758 - INFO - ChainReactors md文件URL: https://raw.githubusercontent.com/chainreactors/picker/refs/heads/master/archive/daily/2025/2025-08-17.md
2025-08-17 02:07:36,774 - INFO - ChainReactors md文件下载状态码: 404
2025-08-17 02:07:36,774 - WARNING - ChainReactors md文件下载失败: https://raw.githubusercontent.com/chainreactors/picker/refs/heads/master/archive/daily/2025/2025-08-17.md 状态码: 404
2025-08-17 02:07:36,774 - INFO - BruceFeIix md文件URL: https://raw.githubusercontent.com/BruceFeIix/picker/refs/heads/master/archive/daily/2025/2025-08-17.md
2025-08-17 02:07:36,815 - INFO - BruceFeIix md文件下载状态码: 404
2025-08-17 02:07:36,815 - WARNING - BruceFeIix md文件下载失败: https://raw.githubusercontent.com/BruceFeIix/picker/refs/heads/master/archive/daily/2025/2025-08-17.md 状态码: 404
2025-08-17 02:07:36,815 - INFO - === 开始处理 2025-08-17 的数据 ===
2025-08-17 02:07:36,815 - INFO - Doonsec原始数据: 20 个
2025-08-17 02:07:36,815 - INFO - ChainReactors原始数据: 0 个
2025-08-17 02:07:36,816 - INFO - BruceFeIix原始数据: 0 个
2025-08-17 02:07:36,816 - INFO - 开始处理Doonsec数据...
2025-08-17 02:07:36,816 - INFO - 开始处理ChainReactors数据...
2025-08-17 02:07:36,816 - INFO - 开始处理BruceFeIix数据...
2025-08-17 02:07:36,816 - INFO - 去重后共 20 个URL待处理，跳过 0 个重复URL
2025-08-17 02:07:36,816 - INFO - 去重后统计 - Doonsec: 20 个, ChainReactors: 0 个, BruceFeIix: 0 个
2025-08-17 02:07:36,816 - INFO - === 开始关键词过滤 ===
2025-08-17 02:07:36,817 - INFO - 关键词过滤: 匹配 7 个，跳过 13 个
2025-08-17 02:07:36,817 - INFO - 关键词过滤后统计 - Doonsec: 7 个, ChainReactors: 0 个, BruceFeIix: 0 个
2025-08-17 02:07:36,830 - INFO - 已创建每日报告: md/2025-08-17.md
2025-08-17 02:07:36,830 - INFO - === 跳过二进制文件处理，只更新data.json ===
2025-08-17 02:07:36,862 - INFO - 已更新data.json，添加了 7 个URL
2025-08-17 02:07:36,862 - INFO - 已创建每日报告: md/2025-08-17.md
2025-08-17 02:07:36,862 - INFO - === 执行完成 ===
2025-08-17 04:36:05,979 - INFO - === 开始执行微信文章归档工具 ===
2025-08-17 04:36:05,980 - INFO - 数据文件: data.json
2025-08-17 04:36:05,980 - INFO - 可执行文件: ./bin/wechatmp2markdown-v1.1.11_linux_amd64
2025-08-17 04:36:05,980 - INFO - 文档目录: doc
2025-08-17 04:36:06,013 - INFO - 已加载 19105 条历史记录
2025-08-17 04:36:06,013 - INFO - === 开始今日拉取 ===
2025-08-17 04:36:06,013 - INFO - 开始获取Doonsec RSS
2025-08-17 04:36:06,013 - INFO - 目标日期: 2025-08-17
2025-08-17 04:36:11,605 - INFO - Doonsec RSS请求成功
2025-08-17 04:36:11,607 - INFO - RSS中共有 200 个条目
2025-08-17 04:36:11,607 - INFO - Doonsec获取到 44 个2025-08-17的微信文章URL
2025-08-17 04:36:11,608 - INFO - ChainReactors md文件URL: https://raw.githubusercontent.com/chainreactors/picker/refs/heads/master/archive/daily/2025/2025-08-17.md
2025-08-17 04:36:11,627 - INFO - ChainReactors md文件下载状态码: 200
2025-08-17 04:36:11,628 - INFO - ChainReactors获取到 174 个URL
2025-08-17 04:36:11,628 - INFO - BruceFeIix md文件URL: https://raw.githubusercontent.com/BruceFeIix/picker/refs/heads/master/archive/daily/2025/2025-08-17.md
2025-08-17 04:36:11,642 - INFO - BruceFeIix md文件下载状态码: 200
2025-08-17 04:36:11,642 - INFO - BruceFeIix获取到 173 个URL
2025-08-17 04:36:11,642 - INFO - === 开始处理 2025-08-17 的数据 ===
2025-08-17 04:36:11,642 - INFO - Doonsec原始数据: 44 个
2025-08-17 04:36:11,642 - INFO - ChainReactors原始数据: 174 个
2025-08-17 04:36:11,642 - INFO - BruceFeIix原始数据: 173 个
2025-08-17 04:36:11,643 - INFO - 开始处理Doonsec数据...
2025-08-17 04:36:11,643 - INFO - 开始处理ChainReactors数据...
2025-08-17 04:36:11,643 - INFO - 开始处理BruceFeIix数据...
2025-08-17 04:36:11,643 - INFO - 去重后共 156 个URL待处理，跳过 235 个重复URL
2025-08-17 04:36:11,643 - INFO - 去重后统计 - Doonsec: 37 个, ChainReactors: 119 个, BruceFeIix: 0 个
2025-08-17 04:36:11,643 - INFO - === 开始关键词过滤 ===
2025-08-17 04:36:11,649 - INFO - 关键词过滤: 匹配 9 个，跳过 147 个
2025-08-17 04:36:11,649 - INFO - 关键词过滤后统计 - Doonsec: 7 个, ChainReactors: 2 个, BruceFeIix: 0 个
2025-08-17 04:36:11,666 - INFO - 已创建每日报告: md/2025-08-17.md
2025-08-17 04:36:11,666 - INFO - === 跳过二进制文件处理，只更新data.json ===
2025-08-17 04:36:11,698 - INFO - 已更新data.json，添加了 9 个URL
2025-08-17 04:36:11,698 - INFO - 已创建每日报告: md/2025-08-17.md
2025-08-17 04:36:11,698 - INFO - === 执行完成 ===
2025-08-17 08:30:46,850 - INFO - === 开始执行微信文章归档工具 ===
2025-08-17 08:30:46,851 - INFO - 数据文件: data.json
2025-08-17 08:30:46,851 - INFO - 可执行文件: ./bin/wechatmp2markdown-v1.1.11_linux_amd64
2025-08-17 08:30:46,851 - INFO - 文档目录: doc
2025-08-17 08:30:46,884 - INFO - 已加载 19114 条历史记录
2025-08-17 08:30:46,884 - INFO - === 开始今日拉取 ===
2025-08-17 08:30:46,884 - INFO - 开始获取Doonsec RSS
2025-08-17 08:30:46,884 - INFO - 目标日期: 2025-08-17
2025-08-17 08:30:48,986 - INFO - Doonsec RSS请求成功
2025-08-17 08:30:48,989 - INFO - RSS中共有 200 个条目
2025-08-17 08:30:48,989 - INFO - Doonsec获取到 82 个2025-08-17的微信文章URL
2025-08-17 08:30:48,989 - INFO - ChainReactors md文件URL: https://raw.githubusercontent.com/chainreactors/picker/refs/heads/master/archive/daily/2025/2025-08-17.md
2025-08-17 08:30:49,042 - INFO - ChainReactors md文件下载状态码: 200
2025-08-17 08:30:49,043 - INFO - ChainReactors获取到 174 个URL
2025-08-17 08:30:49,043 - INFO - BruceFeIix md文件URL: https://raw.githubusercontent.com/BruceFeIix/picker/refs/heads/master/archive/daily/2025/2025-08-17.md
2025-08-17 08:30:49,102 - INFO - BruceFeIix md文件下载状态码: 200
2025-08-17 08:30:49,102 - INFO - BruceFeIix获取到 173 个URL
2025-08-17 08:30:49,102 - INFO - === 开始处理 2025-08-17 的数据 ===
2025-08-17 08:30:49,102 - INFO - Doonsec原始数据: 82 个
2025-08-17 08:30:49,102 - INFO - ChainReactors原始数据: 174 个
2025-08-17 08:30:49,103 - INFO - BruceFeIix原始数据: 173 个
2025-08-17 08:30:49,103 - INFO - 开始处理Doonsec数据...
2025-08-17 08:30:49,103 - INFO - 开始处理ChainReactors数据...
2025-08-17 08:30:49,103 - INFO - 开始处理BruceFeIix数据...
2025-08-17 08:30:49,103 - INFO - 去重后共 185 个URL待处理，跳过 244 个重复URL
2025-08-17 08:30:49,103 - INFO - 去重后统计 - Doonsec: 68 个, ChainReactors: 117 个, BruceFeIix: 0 个
2025-08-17 08:30:49,103 - INFO - === 开始关键词过滤 ===
2025-08-17 08:30:49,110 - INFO - 关键词过滤: 匹配 5 个，跳过 180 个
2025-08-17 08:30:49,110 - INFO - 关键词过滤后统计 - Doonsec: 5 个, ChainReactors: 0 个, BruceFeIix: 0 个
2025-08-17 08:30:49,127 - INFO - 已创建每日报告: md/2025-08-17.md
2025-08-17 08:30:49,127 - INFO - === 跳过二进制文件处理，只更新data.json ===
2025-08-17 08:30:49,159 - INFO - 已更新data.json，添加了 5 个URL
2025-08-17 08:30:49,159 - INFO - 已创建每日报告: md/2025-08-17.md
2025-08-17 08:30:49,159 - INFO - === 执行完成 ===
2025-08-17 12:48:04,777 - INFO - === 开始执行微信文章归档工具 ===
2025-08-17 12:48:04,778 - INFO - 数据文件: data.json
2025-08-17 12:48:04,778 - INFO - 可执行文件: ./bin/wechatmp2markdown-v1.1.11_linux_amd64
2025-08-17 12:48:04,778 - INFO - 文档目录: doc
2025-08-17 12:48:04,811 - INFO - 已加载 19119 条历史记录
2025-08-17 12:48:04,811 - INFO - === 开始今日拉取 ===
2025-08-17 12:48:04,811 - INFO - 开始获取Doonsec RSS
2025-08-17 12:48:04,812 - INFO - 目标日期: 2025-08-17
2025-08-17 12:48:06,507 - INFO - Doonsec RSS请求成功
2025-08-17 12:48:06,509 - INFO - RSS中共有 200 个条目
2025-08-17 12:48:06,510 - INFO - Doonsec获取到 124 个2025-08-17的微信文章URL
2025-08-17 12:48:06,510 - INFO - ChainReactors md文件URL: https://raw.githubusercontent.com/chainreactors/picker/refs/heads/master/archive/daily/2025/2025-08-17.md
2025-08-17 12:48:06,567 - INFO - ChainReactors md文件下载状态码: 200
2025-08-17 12:48:06,568 - INFO - ChainReactors获取到 174 个URL
2025-08-17 12:48:06,568 - INFO - BruceFeIix md文件URL: https://raw.githubusercontent.com/BruceFeIix/picker/refs/heads/master/archive/daily/2025/2025-08-17.md
2025-08-17 12:48:06,630 - INFO - BruceFeIix md文件下载状态码: 200
2025-08-17 12:48:06,631 - INFO - BruceFeIix获取到 173 个URL
2025-08-17 12:48:06,631 - INFO - === 开始处理 2025-08-17 的数据 ===
2025-08-17 12:48:06,631 - INFO - Doonsec原始数据: 124 个
2025-08-17 12:48:06,631 - INFO - ChainReactors原始数据: 174 个
2025-08-17 12:48:06,631 - INFO - BruceFeIix原始数据: 173 个
2025-08-17 12:48:06,631 - INFO - 开始处理Doonsec数据...
2025-08-17 12:48:06,631 - INFO - 开始处理ChainReactors数据...
2025-08-17 12:48:06,631 - INFO - 开始处理BruceFeIix数据...
2025-08-17 12:48:06,632 - INFO - 去重后共 222 个URL待处理，跳过 249 个重复URL
2025-08-17 12:48:06,632 - INFO - 去重后统计 - Doonsec: 105 个, ChainReactors: 117 个, BruceFeIix: 0 个
2025-08-17 12:48:06,632 - INFO - === 开始关键词过滤 ===
2025-08-17 12:48:06,639 - INFO - 关键词过滤: 匹配 10 个，跳过 212 个
2025-08-17 12:48:06,639 - INFO - 关键词过滤后统计 - Doonsec: 10 个, ChainReactors: 0 个, BruceFeIix: 0 个
2025-08-17 12:48:06,681 - INFO - 已创建每日报告: md/2025-08-17.md
2025-08-17 12:48:06,681 - INFO - === 跳过二进制文件处理，只更新data.json ===
2025-08-17 12:48:06,712 - INFO - 已更新data.json，添加了 10 个URL
2025-08-17 12:48:06,713 - INFO - 已创建每日报告: md/2025-08-17.md
2025-08-17 12:48:06,713 - INFO - === 执行完成 ===
2025-08-17 16:28:28,856 - INFO - === 开始执行微信文章归档工具 ===
2025-08-17 16:28:28,857 - INFO - 数据文件: data.json
2025-08-17 16:28:28,857 - INFO - 可执行文件: ./bin/wechatmp2markdown-v1.1.11_linux_amd64
2025-08-17 16:28:28,857 - INFO - 文档目录: doc
2025-08-17 16:28:28,890 - INFO - 已加载 19129 条历史记录
2025-08-17 16:28:28,890 - INFO - === 开始今日拉取 ===
2025-08-17 16:28:28,890 - INFO - 开始获取Doonsec RSS
2025-08-17 16:28:28,891 - INFO - 目标日期: 2025-08-17
2025-08-17 16:28:30,704 - INFO - Doonsec RSS请求成功
2025-08-17 16:28:30,706 - INFO - RSS中共有 200 个条目
2025-08-17 16:28:30,707 - INFO - Doonsec获取到 134 个2025-08-17的微信文章URL
2025-08-17 16:28:30,707 - INFO - ChainReactors md文件URL: https://raw.githubusercontent.com/chainreactors/picker/refs/heads/master/archive/daily/2025/2025-08-17.md
2025-08-17 16:28:30,734 - INFO - ChainReactors md文件下载状态码: 200
2025-08-17 16:28:30,735 - INFO - ChainReactors获取到 174 个URL
2025-08-17 16:28:30,735 - INFO - BruceFeIix md文件URL: https://raw.githubusercontent.com/BruceFeIix/picker/refs/heads/master/archive/daily/2025/2025-08-17.md
2025-08-17 16:28:30,760 - INFO - BruceFeIix md文件下载状态码: 200
2025-08-17 16:28:30,760 - INFO - BruceFeIix获取到 173 个URL
2025-08-17 16:28:30,760 - INFO - === 开始处理 2025-08-17 的数据 ===
2025-08-17 16:28:30,760 - INFO - Doonsec原始数据: 134 个
2025-08-17 16:28:30,760 - INFO - ChainReactors原始数据: 174 个
2025-08-17 16:28:30,760 - INFO - BruceFeIix原始数据: 173 个
2025-08-17 16:28:30,761 - INFO - 开始处理Doonsec数据...
2025-08-17 16:28:30,761 - INFO - 开始处理ChainReactors数据...
2025-08-17 16:28:30,761 - INFO - 开始处理BruceFeIix数据...
2025-08-17 16:28:30,761 - INFO - 去重后共 222 个URL待处理，跳过 259 个重复URL
2025-08-17 16:28:30,762 - INFO - 去重后统计 - Doonsec: 105 个, ChainReactors: 117 个, BruceFeIix: 0 个
2025-08-17 16:28:30,762 - INFO - === 开始关键词过滤 ===
2025-08-17 16:28:30,770 - INFO - 关键词过滤: 匹配 2 个，跳过 220 个
2025-08-17 16:28:30,770 - INFO - 关键词过滤后统计 - Doonsec: 2 个, ChainReactors: 0 个, BruceFeIix: 0 个
2025-08-17 16:28:30,783 - INFO - 已创建每日报告: md/2025-08-17.md
2025-08-17 16:28:30,783 - INFO - === 跳过二进制文件处理，只更新data.json ===
2025-08-17 16:28:30,815 - INFO - 已更新data.json，添加了 2 个URL
2025-08-17 16:28:30,816 - INFO - 已创建每日报告: md/2025-08-17.md
2025-08-17 16:28:30,816 - INFO - === 执行完成 ===
2025-08-17 20:26:15,315 - INFO - === 开始执行微信文章归档工具 ===
2025-08-17 20:26:15,316 - INFO - 数据文件: data.json
2025-08-17 20:26:15,316 - INFO - 可执行文件: ./bin/wechatmp2markdown-v1.1.11_linux_amd64
2025-08-17 20:26:15,316 - INFO - 文档目录: doc
2025-08-17 20:26:15,350 - INFO - 已加载 19131 条历史记录
2025-08-17 20:26:15,350 - INFO - === 开始今日拉取 ===
2025-08-17 20:26:15,350 - INFO - 开始获取Doonsec RSS
2025-08-17 20:26:15,350 - INFO - 目标日期: 2025-08-17
2025-08-17 20:26:18,535 - INFO - Doonsec RSS请求成功
2025-08-17 20:26:18,536 - INFO - RSS中共有 200 个条目
2025-08-17 20:26:18,537 - INFO - Doonsec获取到 141 个2025-08-17的微信文章URL
2025-08-17 20:26:18,537 - INFO - ChainReactors md文件URL: https://raw.githubusercontent.com/chainreactors/picker/refs/heads/master/archive/daily/2025/2025-08-17.md
2025-08-17 20:26:18,657 - INFO - ChainReactors md文件下载状态码: 200
2025-08-17 20:26:18,658 - INFO - ChainReactors获取到 174 个URL
2025-08-17 20:26:18,658 - INFO - BruceFeIix md文件URL: https://raw.githubusercontent.com/BruceFeIix/picker/refs/heads/master/archive/daily/2025/2025-08-17.md
2025-08-17 20:26:18,799 - INFO - BruceFeIix md文件下载状态码: 200
2025-08-17 20:26:18,800 - INFO - BruceFeIix获取到 173 个URL
2025-08-17 20:26:18,800 - INFO - === 开始处理 2025-08-17 的数据 ===
2025-08-17 20:26:18,800 - INFO - Doonsec原始数据: 141 个
2025-08-17 20:26:18,800 - INFO - ChainReactors原始数据: 174 个
2025-08-17 20:26:18,800 - INFO - BruceFeIix原始数据: 173 个
2025-08-17 20:26:18,800 - INFO - 开始处理Doonsec数据...
2025-08-17 20:26:18,800 - INFO - 开始处理ChainReactors数据...
2025-08-17 20:26:18,801 - INFO - 开始处理BruceFeIix数据...
2025-08-17 20:26:18,801 - INFO - 去重后共 227 个URL待处理，跳过 261 个重复URL
2025-08-17 20:26:18,801 - INFO - 去重后统计 - Doonsec: 110 个, ChainReactors: 117 个, BruceFeIix: 0 个
2025-08-17 20:26:18,801 - INFO - === 开始关键词过滤 ===
2025-08-17 20:26:18,809 - INFO - 关键词过滤: 匹配 1 个，跳过 226 个
2025-08-17 20:26:18,809 - INFO - 关键词过滤后统计 - Doonsec: 1 个, ChainReactors: 0 个, BruceFeIix: 0 个
2025-08-17 20:26:18,831 - INFO - 已创建每日报告: md/2025-08-17.md
2025-08-17 20:26:18,832 - INFO - === 跳过二进制文件处理，只更新data.json ===
2025-08-17 20:26:18,864 - INFO - 已更新data.json，添加了 1 个URL
2025-08-17 20:26:18,864 - INFO - 已创建每日报告: md/2025-08-17.md
2025-08-17 20:26:18,864 - INFO - === 执行完成 ===
2025-08-18 02:08:11,332 - INFO - === 开始执行微信文章归档工具 ===
2025-08-18 02:08:11,333 - INFO - 数据文件: data.json
2025-08-18 02:08:11,333 - INFO - 可执行文件: ./bin/wechatmp2markdown-v1.1.11_linux_amd64
2025-08-18 02:08:11,333 - INFO - 文档目录: doc
2025-08-18 02:08:11,366 - INFO - 已加载 19132 条历史记录
2025-08-18 02:08:11,366 - INFO - === 开始今日拉取 ===
2025-08-18 02:08:11,366 - INFO - 开始获取Doonsec RSS
2025-08-18 02:08:11,366 - INFO - 目标日期: 2025-08-18
2025-08-18 02:08:12,930 - INFO - Doonsec RSS请求成功
2025-08-18 02:08:12,932 - INFO - RSS中共有 200 个条目
2025-08-18 02:08:12,932 - INFO - Doonsec获取到 13 个2025-08-18的微信文章URL
2025-08-18 02:08:12,933 - INFO - ChainReactors md文件URL: https://raw.githubusercontent.com/chainreactors/picker/refs/heads/master/archive/daily/2025/2025-08-18.md
2025-08-18 02:08:13,080 - INFO - ChainReactors md文件下载状态码: 404
2025-08-18 02:08:13,080 - WARNING - ChainReactors md文件下载失败: https://raw.githubusercontent.com/chainreactors/picker/refs/heads/master/archive/daily/2025/2025-08-18.md 状态码: 404
2025-08-18 02:08:13,080 - INFO - BruceFeIix md文件URL: https://raw.githubusercontent.com/BruceFeIix/picker/refs/heads/master/archive/daily/2025/2025-08-18.md
2025-08-18 02:08:13,212 - INFO - BruceFeIix md文件下载状态码: 404
2025-08-18 02:08:13,212 - WARNING - BruceFeIix md文件下载失败: https://raw.githubusercontent.com/BruceFeIix/picker/refs/heads/master/archive/daily/2025/2025-08-18.md 状态码: 404
2025-08-18 02:08:13,212 - INFO - === 开始处理 2025-08-18 的数据 ===
2025-08-18 02:08:13,212 - INFO - Doonsec原始数据: 13 个
2025-08-18 02:08:13,212 - INFO - ChainReactors原始数据: 0 个
2025-08-18 02:08:13,212 - INFO - BruceFeIix原始数据: 0 个
2025-08-18 02:08:13,212 - INFO - 开始处理Doonsec数据...
2025-08-18 02:08:13,212 - INFO - 开始处理ChainReactors数据...
2025-08-18 02:08:13,212 - INFO - 开始处理BruceFeIix数据...
2025-08-18 02:08:13,212 - INFO - 去重后共 13 个URL待处理，跳过 0 个重复URL
2025-08-18 02:08:13,212 - INFO - 去重后统计 - Doonsec: 13 个, ChainReactors: 0 个, BruceFeIix: 0 个
2025-08-18 02:08:13,212 - INFO - === 开始关键词过滤 ===
2025-08-18 02:08:13,213 - INFO - 关键词过滤: 匹配 7 个，跳过 6 个
2025-08-18 02:08:13,213 - INFO - 关键词过滤后统计 - Doonsec: 7 个, ChainReactors: 0 个, BruceFeIix: 0 个
2025-08-18 02:08:13,227 - INFO - 已创建每日报告: md/2025-08-18.md
2025-08-18 02:08:13,227 - INFO - === 跳过二进制文件处理，只更新data.json ===
2025-08-18 02:08:13,259 - INFO - 已更新data.json，添加了 7 个URL
2025-08-18 02:08:13,259 - INFO - 已创建每日报告: md/2025-08-18.md
2025-08-18 02:08:13,260 - INFO - === 执行完成 ===
2025-08-18 04:41:55,644 - INFO - === 开始执行微信文章归档工具 ===
2025-08-18 04:41:55,645 - INFO - 数据文件: data.json
2025-08-18 04:41:55,645 - INFO - 可执行文件: ./bin/wechatmp2markdown-v1.1.11_linux_amd64
2025-08-18 04:41:55,645 - INFO - 文档目录: doc
2025-08-18 04:41:55,678 - INFO - 已加载 19139 条历史记录
2025-08-18 04:41:55,678 - INFO - === 开始今日拉取 ===
2025-08-18 04:41:55,678 - INFO - 开始获取Doonsec RSS
2025-08-18 04:41:55,678 - INFO - 目标日期: 2025-08-18
2025-08-18 04:41:58,581 - INFO - Doonsec RSS请求成功
2025-08-18 04:41:58,583 - INFO - RSS中共有 200 个条目
2025-08-18 04:41:58,583 - INFO - Doonsec获取到 57 个2025-08-18的微信文章URL
2025-08-18 04:41:58,584 - INFO - ChainReactors md文件URL: https://raw.githubusercontent.com/chainreactors/picker/refs/heads/master/archive/daily/2025/2025-08-18.md
2025-08-18 04:41:58,640 - INFO - ChainReactors md文件下载状态码: 200
2025-08-18 04:41:58,641 - INFO - ChainReactors获取到 155 个URL
2025-08-18 04:41:58,641 - INFO - BruceFeIix md文件URL: https://raw.githubusercontent.com/BruceFeIix/picker/refs/heads/master/archive/daily/2025/2025-08-18.md
2025-08-18 04:41:58,695 - INFO - BruceFeIix md文件下载状态码: 200
2025-08-18 04:41:58,696 - INFO - BruceFeIix获取到 154 个URL
2025-08-18 04:41:58,696 - INFO - === 开始处理 2025-08-18 的数据 ===
2025-08-18 04:41:58,696 - INFO - Doonsec原始数据: 57 个
2025-08-18 04:41:58,696 - INFO - ChainReactors原始数据: 155 个
2025-08-18 04:41:58,696 - INFO - BruceFeIix原始数据: 154 个
2025-08-18 04:41:58,696 - INFO - 开始处理Doonsec数据...
2025-08-18 04:41:58,696 - INFO - 开始处理ChainReactors数据...
2025-08-18 04:41:58,697 - INFO - 开始处理BruceFeIix数据...
2025-08-18 04:41:58,697 - INFO - 去重后共 164 个URL待处理，跳过 202 个重复URL
2025-08-18 04:41:58,697 - INFO - 去重后统计 - Doonsec: 50 个, ChainReactors: 114 个, BruceFeIix: 0 个
2025-08-18 04:41:58,697 - INFO - === 开始关键词过滤 ===
2025-08-18 04:41:58,703 - INFO - 关键词过滤: 匹配 16 个，跳过 148 个
2025-08-18 04:41:58,703 - INFO - 关键词过滤后统计 - Doonsec: 14 个, ChainReactors: 2 个, BruceFeIix: 0 个
2025-08-18 04:41:58,716 - INFO - 已创建每日报告: md/2025-08-18.md
2025-08-18 04:41:58,716 - INFO - === 跳过二进制文件处理，只更新data.json ===
2025-08-18 04:41:58,748 - INFO - 已更新data.json，添加了 16 个URL
2025-08-18 04:41:58,748 - INFO - 已创建每日报告: md/2025-08-18.md
2025-08-18 04:41:58,748 - INFO - === 执行完成 ===
2025-08-18 08:35:14,681 - INFO - === 开始执行微信文章归档工具 ===
2025-08-18 08:35:14,682 - INFO - 数据文件: data.json
2025-08-18 08:35:14,682 - INFO - 可执行文件: ./bin/wechatmp2markdown-v1.1.11_linux_amd64
2025-08-18 08:35:14,682 - INFO - 文档目录: doc
2025-08-18 08:35:14,720 - INFO - 已加载 19155 条历史记录
2025-08-18 08:35:14,720 - INFO - === 开始今日拉取 ===
2025-08-18 08:35:14,720 - INFO - 开始获取Doonsec RSS
2025-08-18 08:35:14,720 - INFO - 目标日期: 2025-08-18
2025-08-18 08:35:17,811 - INFO - Doonsec RSS请求成功
2025-08-18 08:35:17,812 - INFO - RSS中共有 200 个条目
2025-08-18 08:35:17,813 - INFO - Doonsec获取到 179 个2025-08-18的微信文章URL
2025-08-18 08:35:17,813 - INFO - ChainReactors md文件URL: https://raw.githubusercontent.com/chainreactors/picker/refs/heads/master/archive/daily/2025/2025-08-18.md
2025-08-18 08:35:17,856 - INFO - ChainReactors md文件下载状态码: 200
2025-08-18 08:35:17,857 - INFO - ChainReactors获取到 155 个URL
2025-08-18 08:35:17,857 - INFO - BruceFeIix md文件URL: https://raw.githubusercontent.com/BruceFeIix/picker/refs/heads/master/archive/daily/2025/2025-08-18.md
2025-08-18 08:35:17,894 - INFO - BruceFeIix md文件下载状态码: 200
2025-08-18 08:35:17,895 - INFO - BruceFeIix获取到 154 个URL
2025-08-18 08:35:17,895 - INFO - === 开始处理 2025-08-18 的数据 ===
2025-08-18 08:35:17,895 - INFO - Doonsec原始数据: 179 个
2025-08-18 08:35:17,895 - INFO - ChainReactors原始数据: 155 个
2025-08-18 08:35:17,895 - INFO - BruceFeIix原始数据: 154 个
2025-08-18 08:35:17,895 - INFO - 开始处理Doonsec数据...
2025-08-18 08:35:17,896 - INFO - 开始处理ChainReactors数据...
2025-08-18 08:35:17,896 - INFO - 开始处理BruceFeIix数据...
2025-08-18 08:35:17,896 - INFO - 去重后共 268 个URL待处理，跳过 220 个重复URL
2025-08-18 08:35:17,896 - INFO - 去重后统计 - Doonsec: 158 个, ChainReactors: 110 个, BruceFeIix: 0 个
2025-08-18 08:35:17,896 - INFO - === 开始关键词过滤 ===
2025-08-18 08:35:17,905 - INFO - 关键词过滤: 匹配 30 个，跳过 238 个
2025-08-18 08:35:17,905 - INFO - 关键词过滤后统计 - Doonsec: 30 个, ChainReactors: 0 个, BruceFeIix: 0 个
2025-08-18 08:35:17,927 - INFO - 已创建每日报告: md/2025-08-18.md
2025-08-18 08:35:17,928 - INFO - === 跳过二进制文件处理，只更新data.json ===
2025-08-18 08:35:17,960 - INFO - 已更新data.json，添加了 30 个URL
2025-08-18 08:35:17,960 - INFO - 已创建每日报告: md/2025-08-18.md
2025-08-18 08:35:17,961 - INFO - === 执行完成 ===
2025-08-18 12:53:54,174 - INFO - === 开始执行微信文章归档工具 ===
2025-08-18 12:53:54,175 - INFO - 数据文件: data.json
2025-08-18 12:53:54,175 - INFO - 可执行文件: ./bin/wechatmp2markdown-v1.1.11_linux_amd64
2025-08-18 12:53:54,175 - INFO - 文档目录: doc
2025-08-18 12:53:54,208 - INFO - 已加载 19185 条历史记录
2025-08-18 12:53:54,208 - INFO - === 开始今日拉取 ===
2025-08-18 12:53:54,208 - INFO - 开始获取Doonsec RSS
2025-08-18 12:53:54,208 - INFO - 目标日期: 2025-08-18
2025-08-18 12:53:55,730 - INFO - Doonsec RSS请求成功
2025-08-18 12:53:55,732 - INFO - RSS中共有 200 个条目
2025-08-18 12:53:55,733 - INFO - Doonsec获取到 200 个2025-08-18的微信文章URL
2025-08-18 12:53:55,733 - INFO - ChainReactors md文件URL: https://raw.githubusercontent.com/chainreactors/picker/refs/heads/master/archive/daily/2025/2025-08-18.md
2025-08-18 12:53:55,748 - INFO - ChainReactors md文件下载状态码: 200
2025-08-18 12:53:55,749 - INFO - ChainReactors获取到 155 个URL
2025-08-18 12:53:55,749 - INFO - BruceFeIix md文件URL: https://raw.githubusercontent.com/BruceFeIix/picker/refs/heads/master/archive/daily/2025/2025-08-18.md
2025-08-18 12:53:55,761 - INFO - BruceFeIix md文件下载状态码: 200
2025-08-18 12:53:55,762 - INFO - BruceFeIix获取到 154 个URL
2025-08-18 12:53:55,762 - INFO - === 开始处理 2025-08-18 的数据 ===
2025-08-18 12:53:55,762 - INFO - Doonsec原始数据: 200 个
2025-08-18 12:53:55,762 - INFO - ChainReactors原始数据: 155 个
2025-08-18 12:53:55,762 - INFO - BruceFeIix原始数据: 154 个
2025-08-18 12:53:55,762 - INFO - 开始处理Doonsec数据...
2025-08-18 12:53:55,762 - INFO - 开始处理ChainReactors数据...
2025-08-18 12:53:55,762 - INFO - 开始处理BruceFeIix数据...
2025-08-18 12:53:55,763 - INFO - 去重后共 299 个URL待处理，跳过 210 个重复URL
2025-08-18 12:53:55,763 - INFO - 去重后统计 - Doonsec: 187 个, ChainReactors: 112 个, BruceFeIix: 0 个
2025-08-18 12:53:55,763 - INFO - === 开始关键词过滤 ===
2025-08-18 12:53:55,772 - INFO - 关键词过滤: 匹配 41 个，跳过 258 个
2025-08-18 12:53:55,773 - INFO - 关键词过滤后统计 - Doonsec: 41 个, ChainReactors: 0 个, BruceFeIix: 0 个
2025-08-18 12:53:55,801 - INFO - 已创建每日报告: md/2025-08-18.md
2025-08-18 12:53:55,801 - INFO - === 跳过二进制文件处理，只更新data.json ===
2025-08-18 12:53:55,833 - INFO - 已更新data.json，添加了 41 个URL
2025-08-18 12:53:55,834 - INFO - 已创建每日报告: md/2025-08-18.md
2025-08-18 12:53:55,834 - INFO - === 执行完成 ===
2025-08-18 16:32:09,369 - INFO - === 开始执行微信文章归档工具 ===
2025-08-18 16:32:09,370 - INFO - 数据文件: data.json
2025-08-18 16:32:09,370 - INFO - 可执行文件: ./bin/wechatmp2markdown-v1.1.11_linux_amd64
2025-08-18 16:32:09,370 - INFO - 文档目录: doc
2025-08-18 16:32:09,402 - INFO - 已加载 19226 条历史记录
2025-08-18 16:32:09,402 - INFO - === 开始今日拉取 ===
2025-08-18 16:32:09,402 - INFO - 开始获取Doonsec RSS
2025-08-18 16:32:09,402 - INFO - 目标日期: 2025-08-18
2025-08-18 16:32:13,421 - INFO - Doonsec RSS请求成功
2025-08-18 16:32:13,422 - INFO - RSS中共有 200 个条目
2025-08-18 16:32:13,423 - INFO - Doonsec获取到 200 个2025-08-18的微信文章URL
2025-08-18 16:32:13,423 - INFO - ChainReactors md文件URL: https://raw.githubusercontent.com/chainreactors/picker/refs/heads/master/archive/daily/2025/2025-08-18.md
2025-08-18 16:32:13,439 - INFO - ChainReactors md文件下载状态码: 200
2025-08-18 16:32:13,440 - INFO - ChainReactors获取到 155 个URL
2025-08-18 16:32:13,440 - INFO - BruceFeIix md文件URL: https://raw.githubusercontent.com/BruceFeIix/picker/refs/heads/master/archive/daily/2025/2025-08-18.md
2025-08-18 16:32:13,462 - INFO - BruceFeIix md文件下载状态码: 200
2025-08-18 16:32:13,463 - INFO - BruceFeIix获取到 154 个URL
2025-08-18 16:32:13,463 - INFO - === 开始处理 2025-08-18 的数据 ===
2025-08-18 16:32:13,463 - INFO - Doonsec原始数据: 200 个
2025-08-18 16:32:13,463 - INFO - ChainReactors原始数据: 155 个
2025-08-18 16:32:13,463 - INFO - BruceFeIix原始数据: 154 个
2025-08-18 16:32:13,463 - INFO - 开始处理Doonsec数据...
2025-08-18 16:32:13,464 - INFO - 开始处理ChainReactors数据...
2025-08-18 16:32:13,464 - INFO - 开始处理BruceFeIix数据...
2025-08-18 16:32:13,464 - INFO - 去重后共 258 个URL待处理，跳过 251 个重复URL
2025-08-18 16:32:13,464 - INFO - 去重后统计 - Doonsec: 146 个, ChainReactors: 112 个, BruceFeIix: 0 个
2025-08-18 16:32:13,464 - INFO - === 开始关键词过滤 ===
2025-08-18 16:32:13,473 - INFO - 关键词过滤: 匹配 1 个，跳过 257 个
2025-08-18 16:32:13,473 - INFO - 关键词过滤后统计 - Doonsec: 1 个, ChainReactors: 0 个, BruceFeIix: 0 个
2025-08-18 16:32:13,519 - INFO - 已创建每日报告: md/2025-08-18.md
2025-08-18 16:32:13,519 - INFO - === 跳过二进制文件处理，只更新data.json ===
2025-08-18 16:32:13,551 - INFO - 已更新data.json，添加了 1 个URL
2025-08-18 16:32:13,551 - INFO - 已创建每日报告: md/2025-08-18.md
2025-08-18 16:32:13,551 - INFO - === 执行完成 ===
2025-08-18 20:25:03,052 - INFO - === 开始执行微信文章归档工具 ===
2025-08-18 20:25:03,053 - INFO - 数据文件: data.json
2025-08-18 20:25:03,053 - INFO - 可执行文件: ./bin/wechatmp2markdown-v1.1.11_linux_amd64
2025-08-18 20:25:03,053 - INFO - 文档目录: doc
2025-08-18 20:25:03,088 - INFO - 已加载 19227 条历史记录
2025-08-18 20:25:03,088 - INFO - === 开始今日拉取 ===
2025-08-18 20:25:03,088 - INFO - 开始获取Doonsec RSS
2025-08-18 20:25:03,088 - INFO - 目标日期: 2025-08-18
2025-08-18 20:25:04,875 - INFO - Doonsec RSS请求成功
2025-08-18 20:25:04,877 - INFO - RSS中共有 200 个条目
2025-08-18 20:25:04,878 - INFO - Doonsec获取到 198 个2025-08-18的微信文章URL
2025-08-18 20:25:04,878 - INFO - ChainReactors md文件URL: https://raw.githubusercontent.com/chainreactors/picker/refs/heads/master/archive/daily/2025/2025-08-18.md
2025-08-18 20:25:04,902 - INFO - ChainReactors md文件下载状态码: 200
2025-08-18 20:25:04,902 - INFO - ChainReactors获取到 155 个URL
2025-08-18 20:25:04,903 - INFO - BruceFeIix md文件URL: https://raw.githubusercontent.com/BruceFeIix/picker/refs/heads/master/archive/daily/2025/2025-08-18.md
2025-08-18 20:25:04,925 - INFO - BruceFeIix md文件下载状态码: 200
2025-08-18 20:25:04,925 - INFO - BruceFeIix获取到 154 个URL
2025-08-18 20:25:04,925 - INFO - === 开始处理 2025-08-18 的数据 ===
2025-08-18 20:25:04,925 - INFO - Doonsec原始数据: 198 个
2025-08-18 20:25:04,926 - INFO - ChainReactors原始数据: 155 个
2025-08-18 20:25:04,926 - INFO - BruceFeIix原始数据: 154 个
2025-08-18 20:25:04,926 - INFO - 开始处理Doonsec数据...
2025-08-18 20:25:04,926 - INFO - 开始处理ChainReactors数据...
2025-08-18 20:25:04,926 - INFO - 开始处理BruceFeIix数据...
2025-08-18 20:25:04,926 - INFO - 去重后共 256 个URL待处理，跳过 251 个重复URL
2025-08-18 20:25:04,927 - INFO - 去重后统计 - Doonsec: 144 个, ChainReactors: 112 个, BruceFeIix: 0 个
2025-08-18 20:25:04,927 - INFO - === 开始关键词过滤 ===
2025-08-18 20:25:04,936 - INFO - 关键词过滤: 匹配 1 个，跳过 255 个
2025-08-18 20:25:04,936 - INFO - 关键词过滤后统计 - Doonsec: 1 个, ChainReactors: 0 个, BruceFeIix: 0 个
2025-08-18 20:25:04,950 - INFO - 已创建每日报告: md/2025-08-18.md
2025-08-18 20:25:04,950 - INFO - === 跳过二进制文件处理，只更新data.json ===
2025-08-18 20:25:04,982 - INFO - 已更新data.json，添加了 1 个URL
2025-08-18 20:25:04,982 - INFO - 已创建每日报告: md/2025-08-18.md
2025-08-18 20:25:04,983 - INFO - === 执行完成 ===
2025-08-19 01:55:22,529 - INFO - === 开始执行微信文章归档工具 ===
2025-08-19 01:55:22,530 - INFO - 数据文件: data.json
2025-08-19 01:55:22,530 - INFO - 可执行文件: ./bin/wechatmp2markdown-v1.1.11_linux_amd64
2025-08-19 01:55:22,530 - INFO - 文档目录: doc
2025-08-19 01:55:22,564 - INFO - 已加载 19228 条历史记录
2025-08-19 01:55:22,564 - INFO - === 开始今日拉取 ===
2025-08-19 01:55:22,564 - INFO - 开始获取Doonsec RSS
2025-08-19 01:55:22,564 - INFO - 目标日期: 2025-08-19
2025-08-19 01:55:28,138 - INFO - Doonsec RSS请求成功
2025-08-19 01:55:28,140 - INFO - RSS中共有 200 个条目
2025-08-19 01:55:28,140 - INFO - Doonsec获取到 94 个2025-08-19的微信文章URL
2025-08-19 01:55:28,141 - INFO - ChainReactors md文件URL: https://raw.githubusercontent.com/chainreactors/picker/refs/heads/master/archive/daily/2025/2025-08-19.md
2025-08-19 01:55:28,178 - INFO - ChainReactors md文件下载状态码: 404
2025-08-19 01:55:28,178 - WARNING - ChainReactors md文件下载失败: https://raw.githubusercontent.com/chainreactors/picker/refs/heads/master/archive/daily/2025/2025-08-19.md 状态码: 404
2025-08-19 01:55:28,178 - INFO - BruceFeIix md文件URL: https://raw.githubusercontent.com/BruceFeIix/picker/refs/heads/master/archive/daily/2025/2025-08-19.md
2025-08-19 01:55:28,212 - INFO - BruceFeIix md文件下载状态码: 404
2025-08-19 01:55:28,213 - WARNING - BruceFeIix md文件下载失败: https://raw.githubusercontent.com/BruceFeIix/picker/refs/heads/master/archive/daily/2025/2025-08-19.md 状态码: 404
2025-08-19 01:55:28,213 - INFO - === 开始处理 2025-08-19 的数据 ===
2025-08-19 01:55:28,213 - INFO - Doonsec原始数据: 94 个
2025-08-19 01:55:28,213 - INFO - ChainReactors原始数据: 0 个
2025-08-19 01:55:28,213 - INFO - BruceFeIix原始数据: 0 个
2025-08-19 01:55:28,213 - INFO - 开始处理Doonsec数据...
2025-08-19 01:55:28,213 - INFO - 开始处理ChainReactors数据...
2025-08-19 01:55:28,213 - INFO - 开始处理BruceFeIix数据...
2025-08-19 01:55:28,213 - INFO - 去重后共 94 个URL待处理，跳过 0 个重复URL
2025-08-19 01:55:28,214 - INFO - 去重后统计 - Doonsec: 94 个, ChainReactors: 0 个, BruceFeIix: 0 个
2025-08-19 01:55:28,214 - INFO - === 开始关键词过滤 ===
2025-08-19 01:55:28,217 - INFO - 关键词过滤: 匹配 33 个，跳过 61 个
2025-08-19 01:55:28,217 - INFO - 关键词过滤后统计 - Doonsec: 33 个, ChainReactors: 0 个, BruceFeIix: 0 个
2025-08-19 01:55:28,291 - INFO - 已创建每日报告: md/2025-08-19.md
2025-08-19 01:55:28,291 - INFO - === 跳过二进制文件处理，只更新data.json ===
2025-08-19 01:55:28,325 - INFO - 已更新data.json，添加了 33 个URL
2025-08-19 01:55:28,326 - INFO - 已创建每日报告: md/2025-08-19.md
2025-08-19 01:55:28,326 - INFO - === 执行完成 ===
2025-08-19 04:28:02,024 - INFO - === 开始执行微信文章归档工具 ===
2025-08-19 04:28:02,025 - INFO - 数据文件: data.json
2025-08-19 04:28:02,025 - INFO - 可执行文件: ./bin/wechatmp2markdown-v1.1.11_linux_amd64
2025-08-19 04:28:02,025 - INFO - 文档目录: doc
2025-08-19 04:28:02,065 - INFO - 已加载 19261 条历史记录
2025-08-19 04:28:02,065 - INFO - === 开始今日拉取 ===
2025-08-19 04:28:02,065 - INFO - 开始获取Doonsec RSS
2025-08-19 04:28:02,065 - INFO - 目标日期: 2025-08-19
2025-08-19 04:28:05,194 - INFO - Doonsec RSS请求成功
2025-08-19 04:28:05,195 - INFO - RSS中共有 200 个条目
2025-08-19 04:28:05,196 - INFO - Doonsec获取到 160 个2025-08-19的微信文章URL
2025-08-19 04:28:05,197 - INFO - ChainReactors md文件URL: https://raw.githubusercontent.com/chainreactors/picker/refs/heads/master/archive/daily/2025/2025-08-19.md
2025-08-19 04:28:05,244 - INFO - ChainReactors md文件下载状态码: 200
2025-08-19 04:28:05,245 - INFO - ChainReactors获取到 128 个URL
2025-08-19 04:28:05,246 - INFO - BruceFeIix md文件URL: https://raw.githubusercontent.com/BruceFeIix/picker/refs/heads/master/archive/daily/2025/2025-08-19.md
2025-08-19 04:28:05,296 - INFO - BruceFeIix md文件下载状态码: 200
2025-08-19 04:28:05,297 - INFO - BruceFeIix获取到 124 个URL
2025-08-19 04:28:05,297 - INFO - === 开始处理 2025-08-19 的数据 ===
2025-08-19 04:28:05,297 - INFO - Doonsec原始数据: 160 个
2025-08-19 04:28:05,297 - INFO - ChainReactors原始数据: 128 个
2025-08-19 04:28:05,297 - INFO - BruceFeIix原始数据: 124 个
2025-08-19 04:28:05,297 - INFO - 开始处理Doonsec数据...
2025-08-19 04:28:05,298 - INFO - 开始处理ChainReactors数据...
2025-08-19 04:28:05,298 - INFO - 开始处理BruceFeIix数据...
2025-08-19 04:28:05,298 - INFO - 去重后共 210 个URL待处理，跳过 202 个重复URL
2025-08-19 04:28:05,298 - INFO - 去重后统计 - Doonsec: 127 个, ChainReactors: 83 个, BruceFeIix: 0 个
2025-08-19 04:28:05,298 - INFO - === 开始关键词过滤 ===
2025-08-19 04:28:05,306 - INFO - 关键词过滤: 匹配 21 个，跳过 189 个
2025-08-19 04:28:05,306 - INFO - 关键词过滤后统计 - Doonsec: 12 个, ChainReactors: 9 个, BruceFeIix: 0 个
2025-08-19 04:28:05,360 - INFO - 已创建每日报告: md/2025-08-19.md
2025-08-19 04:28:05,360 - INFO - === 跳过二进制文件处理，只更新data.json ===
2025-08-19 04:28:05,393 - INFO - 已更新data.json，添加了 21 个URL
2025-08-19 04:28:05,393 - INFO - 已创建每日报告: md/2025-08-19.md
2025-08-19 04:28:05,393 - INFO - === 执行完成 ===
2025-08-19 08:31:47,965 - INFO - === 开始执行微信文章归档工具 ===
2025-08-19 08:31:47,966 - INFO - 数据文件: data.json
2025-08-19 08:31:47,966 - INFO - 可执行文件: ./bin/wechatmp2markdown-v1.1.11_linux_amd64
2025-08-19 08:31:47,966 - INFO - 文档目录: doc
2025-08-19 08:31:47,999 - INFO - 已加载 19282 条历史记录
2025-08-19 08:31:47,999 - INFO - === 开始今日拉取 ===
2025-08-19 08:31:47,999 - INFO - 开始获取Doonsec RSS
2025-08-19 08:31:47,999 - INFO - 目标日期: 2025-08-19
2025-08-19 08:36:34,545 - ERROR - Doonsec RSS解析失败: ('Connection aborted.', ConnectionResetError(104, 'Connection reset by peer'))
2025-08-19 08:36:34,545 - INFO - ChainReactors md文件URL: https://raw.githubusercontent.com/chainreactors/picker/refs/heads/master/archive/daily/2025/2025-08-19.md
2025-08-19 08:36:34,672 - INFO - ChainReactors md文件下载状态码: 200
2025-08-19 08:36:34,675 - INFO - ChainReactors获取到 128 个URL
2025-08-19 08:36:34,675 - INFO - BruceFeIix md文件URL: https://raw.githubusercontent.com/BruceFeIix/picker/refs/heads/master/archive/daily/2025/2025-08-19.md
2025-08-19 08:36:34,804 - INFO - BruceFeIix md文件下载状态码: 200
2025-08-19 08:36:34,805 - INFO - BruceFeIix获取到 124 个URL
2025-08-19 08:36:34,805 - INFO - === 开始处理 2025-08-19 的数据 ===
2025-08-19 08:36:34,805 - INFO - Doonsec原始数据: 0 个
2025-08-19 08:36:34,805 - INFO - ChainReactors原始数据: 128 个
2025-08-19 08:36:34,805 - INFO - BruceFeIix原始数据: 124 个
2025-08-19 08:36:34,805 - INFO - 开始处理Doonsec数据...
2025-08-19 08:36:34,805 - INFO - 开始处理ChainReactors数据...
2025-08-19 08:36:34,805 - INFO - 开始处理BruceFeIix数据...
2025-08-19 08:36:34,806 - INFO - 去重后共 74 个URL待处理，跳过 178 个重复URL
2025-08-19 08:36:34,806 - INFO - 去重后统计 - Doonsec: 0 个, ChainReactors: 74 个, BruceFeIix: 0 个
2025-08-19 08:36:34,806 - INFO - === 开始关键词过滤 ===
2025-08-19 08:36:34,809 - INFO - 关键词过滤: 匹配 0 个，跳过 74 个
2025-08-19 08:36:34,809 - INFO - 关键词过滤后统计 - Doonsec: 0 个, ChainReactors: 0 个, BruceFeIix: 0 个
2025-08-19 08:36:34,809 - INFO - === 跳过二进制文件处理，只更新data.json ===
2025-08-19 08:36:34,840 - INFO - 已更新data.json，添加了 0 个URL
2025-08-19 08:36:34,840 - INFO - === 执行完成 ===
2025-08-19 12:48:31,135 - INFO - === 开始执行微信文章归档工具 ===
2025-08-19 12:48:31,135 - INFO - 数据文件: data.json
2025-08-19 12:48:31,135 - INFO - 可执行文件: ./bin/wechatmp2markdown-v1.1.11_linux_amd64
2025-08-19 12:48:31,136 - INFO - 文档目录: doc
2025-08-19 12:48:31,168 - INFO - 已加载 19282 条历史记录
2025-08-19 12:48:31,168 - INFO - === 开始今日拉取 ===
2025-08-19 12:48:31,168 - INFO - 开始获取Doonsec RSS
2025-08-19 12:48:31,168 - INFO - 目标日期: 2025-08-19
2025-08-19 12:48:33,148 - INFO - Doonsec RSS请求成功
2025-08-19 12:48:33,151 - INFO - RSS中共有 200 个条目
2025-08-19 12:48:33,151 - INFO - Doonsec获取到 200 个2025-08-19的微信文章URL
2025-08-19 12:48:33,152 - INFO - ChainReactors md文件URL: https://raw.githubusercontent.com/chainreactors/picker/refs/heads/master/archive/daily/2025/2025-08-19.md
2025-08-19 12:48:33,202 - INFO - ChainReactors md文件下载状态码: 200
2025-08-19 12:48:33,203 - INFO - ChainReactors获取到 128 个URL
2025-08-19 12:48:33,203 - INFO - BruceFeIix md文件URL: https://raw.githubusercontent.com/BruceFeIix/picker/refs/heads/master/archive/daily/2025/2025-08-19.md
2025-08-19 12:48:33,251 - INFO - BruceFeIix md文件下载状态码: 200
2025-08-19 12:48:33,252 - INFO - BruceFeIix获取到 124 个URL
2025-08-19 12:48:33,252 - INFO - === 开始处理 2025-08-19 的数据 ===
2025-08-19 12:48:33,252 - INFO - Doonsec原始数据: 200 个
2025-08-19 12:48:33,252 - INFO - ChainReactors原始数据: 128 个
2025-08-19 12:48:33,252 - INFO - BruceFeIix原始数据: 124 个
2025-08-19 12:48:33,252 - INFO - 开始处理Doonsec数据...
2025-08-19 12:48:33,253 - INFO - 开始处理ChainReactors数据...
2025-08-19 12:48:33,253 - INFO - 开始处理BruceFeIix数据...
2025-08-19 12:48:33,253 - INFO - 去重后共 269 个URL待处理，跳过 183 个重复URL
2025-08-19 12:48:33,253 - INFO - 去重后统计 - Doonsec: 195 个, ChainReactors: 74 个, BruceFeIix: 0 个
2025-08-19 12:48:33,253 - INFO - === 开始关键词过滤 ===
2025-08-19 12:48:33,262 - INFO - 关键词过滤: 匹配 50 个，跳过 219 个
2025-08-19 12:48:33,262 - INFO - 关键词过滤后统计 - Doonsec: 50 个, ChainReactors: 0 个, BruceFeIix: 0 个
2025-08-19 12:48:33,278 - INFO - 已创建每日报告: md/2025-08-19.md
2025-08-19 12:48:33,278 - INFO - === 跳过二进制文件处理，只更新data.json ===
2025-08-19 12:48:33,310 - INFO - 已更新data.json，添加了 50 个URL
2025-08-19 12:48:33,311 - INFO - 已创建每日报告: md/2025-08-19.md
2025-08-19 12:48:33,312 - INFO - === 执行完成 ===
2025-08-19 16:29:55,583 - INFO - === 开始执行微信文章归档工具 ===
2025-08-19 16:29:55,584 - INFO - 数据文件: data.json
2025-08-19 16:29:55,584 - INFO - 可执行文件: ./bin/wechatmp2markdown-v1.1.11_linux_amd64
2025-08-19 16:29:55,584 - INFO - 文档目录: doc
2025-08-19 16:29:55,618 - INFO - 已加载 19332 条历史记录
2025-08-19 16:29:55,618 - INFO - === 开始今日拉取 ===
2025-08-19 16:29:55,619 - INFO - 开始获取Doonsec RSS
2025-08-19 16:29:55,619 - INFO - 目标日期: 2025-08-19
2025-08-19 16:29:58,556 - INFO - Doonsec RSS请求成功
2025-08-19 16:29:58,558 - INFO - RSS中共有 200 个条目
2025-08-19 16:29:58,558 - INFO - Doonsec获取到 187 个2025-08-19的微信文章URL
2025-08-19 16:29:58,560 - INFO - ChainReactors md文件URL: https://raw.githubusercontent.com/chainreactors/picker/refs/heads/master/archive/daily/2025/2025-08-19.md
2025-08-19 16:29:58,600 - INFO - ChainReactors md文件下载状态码: 200
2025-08-19 16:29:58,602 - INFO - ChainReactors获取到 128 个URL
2025-08-19 16:29:58,602 - INFO - BruceFeIix md文件URL: https://raw.githubusercontent.com/BruceFeIix/picker/refs/heads/master/archive/daily/2025/2025-08-19.md
2025-08-19 16:29:58,639 - INFO - BruceFeIix md文件下载状态码: 200
2025-08-19 16:29:58,640 - INFO - BruceFeIix获取到 124 个URL
2025-08-19 16:29:58,640 - INFO - === 开始处理 2025-08-19 的数据 ===
2025-08-19 16:29:58,640 - INFO - Doonsec原始数据: 187 个
2025-08-19 16:29:58,640 - INFO - ChainReactors原始数据: 128 个
2025-08-19 16:29:58,640 - INFO - BruceFeIix原始数据: 124 个
2025-08-19 16:29:58,640 - INFO - 开始处理Doonsec数据...
2025-08-19 16:29:58,640 - INFO - 开始处理ChainReactors数据...
2025-08-19 16:29:58,641 - INFO - 开始处理BruceFeIix数据...
2025-08-19 16:29:58,641 - INFO - 去重后共 223 个URL待处理，跳过 216 个重复URL
2025-08-19 16:29:58,641 - INFO - 去重后统计 - Doonsec: 149 个, ChainReactors: 74 个, BruceFeIix: 0 个
2025-08-19 16:29:58,641 - INFO - === 开始关键词过滤 ===
2025-08-19 16:29:58,649 - INFO - 关键词过滤: 匹配 15 个，跳过 208 个
2025-08-19 16:29:58,649 - INFO - 关键词过滤后统计 - Doonsec: 15 个, ChainReactors: 0 个, BruceFeIix: 0 个
2025-08-19 16:29:58,664 - INFO - 已创建每日报告: md/2025-08-19.md
2025-08-19 16:29:58,664 - INFO - === 跳过二进制文件处理，只更新data.json ===
2025-08-19 16:29:58,696 - INFO - 已更新data.json，添加了 15 个URL
2025-08-19 16:29:58,696 - INFO - 已创建每日报告: md/2025-08-19.md
2025-08-19 16:29:58,697 - INFO - === 执行完成 ===
2025-08-19 20:25:50,345 - INFO - === 开始执行微信文章归档工具 ===
2025-08-19 20:25:50,346 - INFO - 数据文件: data.json
2025-08-19 20:25:50,346 - INFO - 可执行文件: ./bin/wechatmp2markdown-v1.1.11_linux_amd64
2025-08-19 20:25:50,346 - INFO - 文档目录: doc
2025-08-19 20:25:50,379 - INFO - 已加载 19347 条历史记录
2025-08-19 20:25:50,379 - INFO - === 开始今日拉取 ===
2025-08-19 20:25:50,379 - INFO - 开始获取Doonsec RSS
2025-08-19 20:25:50,379 - INFO - 目标日期: 2025-08-19
2025-08-19 20:25:52,356 - INFO - Doonsec RSS请求成功
2025-08-19 20:25:52,358 - INFO - RSS中共有 200 个条目
2025-08-19 20:25:52,359 - INFO - Doonsec获取到 183 个2025-08-19的微信文章URL
2025-08-19 20:25:52,360 - INFO - ChainReactors md文件URL: https://raw.githubusercontent.com/chainreactors/picker/refs/heads/master/archive/daily/2025/2025-08-19.md
2025-08-19 20:25:52,435 - INFO - ChainReactors md文件下载状态码: 200
2025-08-19 20:25:52,436 - INFO - ChainReactors获取到 128 个URL
2025-08-19 20:25:52,436 - INFO - BruceFeIix md文件URL: https://raw.githubusercontent.com/BruceFeIix/picker/refs/heads/master/archive/daily/2025/2025-08-19.md
2025-08-19 20:25:52,497 - INFO - BruceFeIix md文件下载状态码: 200
2025-08-19 20:25:52,498 - INFO - BruceFeIix获取到 124 个URL
2025-08-19 20:25:52,498 - INFO - === 开始处理 2025-08-19 的数据 ===
2025-08-19 20:25:52,498 - INFO - Doonsec原始数据: 183 个
2025-08-19 20:25:52,498 - INFO - ChainReactors原始数据: 128 个
2025-08-19 20:25:52,498 - INFO - BruceFeIix原始数据: 124 个
2025-08-19 20:25:52,498 - INFO - 开始处理Doonsec数据...
2025-08-19 20:25:52,499 - INFO - 开始处理ChainReactors数据...
2025-08-19 20:25:52,499 - INFO - 开始处理BruceFeIix数据...
2025-08-19 20:25:52,499 - INFO - 去重后共 204 个URL待处理，跳过 231 个重复URL
2025-08-19 20:25:52,499 - INFO - 去重后统计 - Doonsec: 130 个, ChainReactors: 74 个, BruceFeIix: 0 个
2025-08-19 20:25:52,499 - INFO - === 开始关键词过滤 ===
2025-08-19 20:25:52,507 - INFO - 关键词过滤: 匹配 0 个，跳过 204 个
2025-08-19 20:25:52,507 - INFO - 关键词过滤后统计 - Doonsec: 0 个, ChainReactors: 0 个, BruceFeIix: 0 个
2025-08-19 20:25:52,507 - INFO - === 跳过二进制文件处理，只更新data.json ===
2025-08-19 20:25:52,539 - INFO - 已更新data.json，添加了 0 个URL
2025-08-19 20:25:52,539 - INFO - === 执行完成 ===
2025-08-20 01:53:15,819 - INFO - === 开始执行微信文章归档工具 ===
2025-08-20 01:53:15,820 - INFO - 数据文件: data.json
2025-08-20 01:53:15,820 - INFO - 可执行文件: ./bin/wechatmp2markdown-v1.1.11_linux_amd64
2025-08-20 01:53:15,820 - INFO - 文档目录: doc
2025-08-20 01:53:15,853 - INFO - 已加载 19347 条历史记录
2025-08-20 01:53:15,853 - INFO - === 开始今日拉取 ===
2025-08-20 01:53:15,853 - INFO - 开始获取Doonsec RSS
2025-08-20 01:53:15,853 - INFO - 目标日期: 2025-08-20
2025-08-20 01:53:17,803 - INFO - Doonsec RSS请求成功
2025-08-20 01:53:17,805 - INFO - RSS中共有 200 个条目
2025-08-20 01:53:17,806 - INFO - Doonsec获取到 17 个2025-08-20的微信文章URL
2025-08-20 01:53:17,807 - INFO - ChainReactors md文件URL: https://raw.githubusercontent.com/chainreactors/picker/refs/heads/master/archive/daily/2025/2025-08-20.md
2025-08-20 01:53:17,858 - INFO - ChainReactors md文件下载状态码: 404
2025-08-20 01:53:17,858 - WARNING - ChainReactors md文件下载失败: https://raw.githubusercontent.com/chainreactors/picker/refs/heads/master/archive/daily/2025/2025-08-20.md 状态码: 404
2025-08-20 01:53:17,858 - INFO - BruceFeIix md文件URL: https://raw.githubusercontent.com/BruceFeIix/picker/refs/heads/master/archive/daily/2025/2025-08-20.md
2025-08-20 01:53:17,904 - INFO - BruceFeIix md文件下载状态码: 404
2025-08-20 01:53:17,904 - WARNING - BruceFeIix md文件下载失败: https://raw.githubusercontent.com/BruceFeIix/picker/refs/heads/master/archive/daily/2025/2025-08-20.md 状态码: 404
2025-08-20 01:53:17,904 - INFO - === 开始处理 2025-08-20 的数据 ===
2025-08-20 01:53:17,904 - INFO - Doonsec原始数据: 17 个
2025-08-20 01:53:17,904 - INFO - ChainReactors原始数据: 0 个
2025-08-20 01:53:17,904 - INFO - BruceFeIix原始数据: 0 个
2025-08-20 01:53:17,904 - INFO - 开始处理Doonsec数据...
2025-08-20 01:53:17,905 - INFO - 开始处理ChainReactors数据...
2025-08-20 01:53:17,905 - INFO - 开始处理BruceFeIix数据...
2025-08-20 01:53:17,905 - INFO - 去重后共 17 个URL待处理，跳过 0 个重复URL
2025-08-20 01:53:17,905 - INFO - 去重后统计 - Doonsec: 17 个, ChainReactors: 0 个, BruceFeIix: 0 个
2025-08-20 01:53:17,905 - INFO - === 开始关键词过滤 ===
2025-08-20 01:53:17,905 - INFO - 关键词过滤: 匹配 4 个，跳过 13 个
2025-08-20 01:53:17,905 - INFO - 关键词过滤后统计 - Doonsec: 4 个, ChainReactors: 0 个, BruceFeIix: 0 个
2025-08-20 01:53:17,933 - INFO - 已创建每日报告: md/2025-08-20.md
2025-08-20 01:53:17,933 - INFO - === 跳过二进制文件处理，只更新data.json ===
2025-08-20 01:53:17,966 - INFO - 已更新data.json，添加了 4 个URL
2025-08-20 01:53:17,966 - INFO - 已创建每日报告: md/2025-08-20.md
2025-08-20 01:53:17,966 - INFO - === 执行完成 ===
2025-08-20 04:28:29,619 - INFO - === 开始执行微信文章归档工具 ===
2025-08-20 04:28:29,620 - INFO - 数据文件: data.json
2025-08-20 04:28:29,620 - INFO - 可执行文件: ./bin/wechatmp2markdown-v1.1.11_linux_amd64
2025-08-20 04:28:29,620 - INFO - 文档目录: doc
2025-08-20 04:28:29,665 - INFO - 已加载 19351 条历史记录
2025-08-20 04:28:29,665 - INFO - === 开始今日拉取 ===
2025-08-20 04:28:29,665 - INFO - 开始获取Doonsec RSS
2025-08-20 04:28:29,666 - INFO - 目标日期: 2025-08-20
2025-08-20 04:28:33,896 - INFO - Doonsec RSS请求成功
2025-08-20 04:28:33,898 - INFO - RSS中共有 200 个条目
2025-08-20 04:28:33,898 - INFO - Doonsec获取到 32 个2025-08-20的微信文章URL
2025-08-20 04:28:33,899 - INFO - ChainReactors md文件URL: https://raw.githubusercontent.com/chainreactors/picker/refs/heads/master/archive/daily/2025/2025-08-20.md
2025-08-20 04:28:33,938 - INFO - ChainReactors md文件下载状态码: 200
2025-08-20 04:28:33,940 - INFO - ChainReactors获取到 218 个URL
2025-08-20 04:28:33,940 - INFO - BruceFeIix md文件URL: https://raw.githubusercontent.com/BruceFeIix/picker/refs/heads/master/archive/daily/2025/2025-08-20.md
2025-08-20 04:28:33,977 - INFO - BruceFeIix md文件下载状态码: 200
2025-08-20 04:28:33,978 - INFO - BruceFeIix获取到 214 个URL
2025-08-20 04:28:33,978 - INFO - === 开始处理 2025-08-20 的数据 ===
2025-08-20 04:28:33,978 - INFO - Doonsec原始数据: 32 个
2025-08-20 04:28:33,978 - INFO - ChainReactors原始数据: 218 个
2025-08-20 04:28:33,979 - INFO - BruceFeIix原始数据: 214 个
2025-08-20 04:28:33,979 - INFO - 开始处理Doonsec数据...
2025-08-20 04:28:33,979 - INFO - 开始处理ChainReactors数据...
2025-08-20 04:28:33,979 - INFO - 开始处理BruceFeIix数据...
2025-08-20 04:28:33,979 - INFO - 去重后共 168 个URL待处理，跳过 296 个重复URL
2025-08-20 04:28:33,979 - INFO - 去重后统计 - Doonsec: 28 个, ChainReactors: 140 个, BruceFeIix: 0 个
2025-08-20 04:28:33,980 - INFO - === 开始关键词过滤 ===
2025-08-20 04:28:33,985 - INFO - 关键词过滤: 匹配 11 个，跳过 157 个
2025-08-20 04:28:33,985 - INFO - 关键词过滤后统计 - Doonsec: 5 个, ChainReactors: 6 个, BruceFeIix: 0 个
2025-08-20 04:28:34,003 - INFO - 已创建每日报告: md/2025-08-20.md
2025-08-20 04:28:34,004 - INFO - === 跳过二进制文件处理，只更新data.json ===
2025-08-20 04:28:34,036 - INFO - 已更新data.json，添加了 11 个URL
2025-08-20 04:28:34,036 - INFO - 已创建每日报告: md/2025-08-20.md
2025-08-20 04:28:34,036 - INFO - === 执行完成 ===
2025-08-20 08:31:40,658 - INFO - === 开始执行微信文章归档工具 ===
2025-08-20 08:31:40,659 - INFO - 数据文件: data.json
2025-08-20 08:31:40,659 - INFO - 可执行文件: ./bin/wechatmp2markdown-v1.1.11_linux_amd64
2025-08-20 08:31:40,659 - INFO - 文档目录: doc
2025-08-20 08:31:40,693 - INFO - 已加载 19362 条历史记录
2025-08-20 08:31:40,693 - INFO - === 开始今日拉取 ===
2025-08-20 08:31:40,693 - INFO - 开始获取Doonsec RSS
2025-08-20 08:31:40,693 - INFO - 目标日期: 2025-08-20
2025-08-20 08:51:56,946 - ERROR - Doonsec RSS解析失败: HTTPSConnectionPool(host='wechat.doonsec.com', port=443): Max retries exceeded with url: /rss.xml (Caused by ConnectTimeoutError(<urllib3.connection.HTTPSConnection object at 0x7fa3b40a03a0>, 'Connection to wechat.doonsec.com timed out. (connect timeout=None)'))
2025-08-20 08:51:56,946 - INFO - ChainReactors md文件URL: https://raw.githubusercontent.com/chainreactors/picker/refs/heads/master/archive/daily/2025/2025-08-20.md
2025-08-20 08:51:56,997 - INFO - ChainReactors md文件下载状态码: 200
2025-08-20 08:51:56,999 - INFO - ChainReactors获取到 218 个URL
2025-08-20 08:51:56,999 - INFO - BruceFeIix md文件URL: https://raw.githubusercontent.com/BruceFeIix/picker/refs/heads/master/archive/daily/2025/2025-08-20.md
2025-08-20 08:51:57,073 - INFO - BruceFeIix md文件下载状态码: 200
2025-08-20 08:51:57,074 - INFO - BruceFeIix获取到 214 个URL
2025-08-20 08:51:57,074 - INFO - === 开始处理 2025-08-20 的数据 ===
2025-08-20 08:51:57,074 - INFO - Doonsec原始数据: 0 个
2025-08-20 08:51:57,074 - INFO - ChainReactors原始数据: 218 个
2025-08-20 08:51:57,074 - INFO - BruceFeIix原始数据: 214 个
2025-08-20 08:51:57,074 - INFO - 开始处理Doonsec数据...
2025-08-20 08:51:57,074 - INFO - 开始处理ChainReactors数据...
2025-08-20 08:51:57,075 - INFO - 开始处理BruceFeIix数据...
2025-08-20 08:51:57,075 - INFO - 去重后共 134 个URL待处理，跳过 298 个重复URL
2025-08-20 08:51:57,075 - INFO - 去重后统计 - Doonsec: 0 个, ChainReactors: 134 个, BruceFeIix: 0 个
2025-08-20 08:51:57,075 - INFO - === 开始关键词过滤 ===
2025-08-20 08:51:57,082 - INFO - 关键词过滤: 匹配 0 个，跳过 134 个
2025-08-20 08:51:57,082 - INFO - 关键词过滤后统计 - Doonsec: 0 个, ChainReactors: 0 个, BruceFeIix: 0 个
2025-08-20 08:51:57,082 - INFO - === 跳过二进制文件处理，只更新data.json ===
2025-08-20 08:51:57,115 - INFO - 已更新data.json，添加了 0 个URL
2025-08-20 08:51:57,115 - INFO - === 执行完成 ===
2025-08-20 12:49:56,908 - INFO - === 开始执行微信文章归档工具 ===
2025-08-20 12:49:56,909 - INFO - 数据文件: data.json
2025-08-20 12:49:56,909 - INFO - 可执行文件: ./bin/wechatmp2markdown-v1.1.11_linux_amd64
2025-08-20 12:49:56,909 - INFO - 文档目录: doc
2025-08-20 12:49:56,942 - INFO - 已加载 19362 条历史记录
2025-08-20 12:49:56,942 - INFO - === 开始今日拉取 ===
2025-08-20 12:49:56,943 - INFO - 开始获取Doonsec RSS
2025-08-20 12:49:56,943 - INFO - 目标日期: 2025-08-20
2025-08-20 12:49:59,693 - INFO - Doonsec RSS请求成功
2025-08-20 12:49:59,694 - INFO - RSS中共有 200 个条目
2025-08-20 12:49:59,695 - INFO - Doonsec获取到 180 个2025-08-20的微信文章URL
2025-08-20 12:49:59,696 - INFO - ChainReactors md文件URL: https://raw.githubusercontent.com/chainreactors/picker/refs/heads/master/archive/daily/2025/2025-08-20.md
2025-08-20 12:49:59,750 - INFO - ChainReactors md文件下载状态码: 200
2025-08-20 12:49:59,751 - INFO - ChainReactors获取到 218 个URL
2025-08-20 12:49:59,751 - INFO - BruceFeIix md文件URL: https://raw.githubusercontent.com/BruceFeIix/picker/refs/heads/master/archive/daily/2025/2025-08-20.md
2025-08-20 12:49:59,800 - INFO - BruceFeIix md文件下载状态码: 200
2025-08-20 12:49:59,801 - INFO - BruceFeIix获取到 214 个URL
2025-08-20 12:49:59,801 - INFO - === 开始处理 2025-08-20 的数据 ===
2025-08-20 12:49:59,801 - INFO - Doonsec原始数据: 180 个
2025-08-20 12:49:59,801 - INFO - ChainReactors原始数据: 218 个
2025-08-20 12:49:59,802 - INFO - BruceFeIix原始数据: 214 个
2025-08-20 12:49:59,802 - INFO - 开始处理Doonsec数据...
2025-08-20 12:49:59,802 - INFO - 开始处理ChainReactors数据...
2025-08-20 12:49:59,802 - INFO - 开始处理BruceFeIix数据...
2025-08-20 12:49:59,802 - INFO - 去重后共 305 个URL待处理，跳过 307 个重复URL
2025-08-20 12:49:59,803 - INFO - 去重后统计 - Doonsec: 171 个, ChainReactors: 134 个, BruceFeIix: 0 个
2025-08-20 12:49:59,803 - INFO - === 开始关键词过滤 ===
2025-08-20 12:49:59,812 - INFO - 关键词过滤: 匹配 48 个，跳过 257 个
2025-08-20 12:49:59,812 - INFO - 关键词过滤后统计 - Doonsec: 48 个, ChainReactors: 0 个, BruceFeIix: 0 个
2025-08-20 12:49:59,826 - INFO - 已创建每日报告: md/2025-08-20.md
2025-08-20 12:49:59,827 - INFO - === 跳过二进制文件处理，只更新data.json ===
2025-08-20 12:49:59,859 - INFO - 已更新data.json，添加了 48 个URL
2025-08-20 12:49:59,860 - INFO - 已创建每日报告: md/2025-08-20.md
2025-08-20 12:49:59,860 - INFO - === 执行完成 ===
2025-08-20 16:29:05,601 - INFO - === 开始执行微信文章归档工具 ===
2025-08-20 16:29:05,602 - INFO - 数据文件: data.json
2025-08-20 16:29:05,602 - INFO - 可执行文件: ./bin/wechatmp2markdown-v1.1.11_linux_amd64
2025-08-20 16:29:05,602 - INFO - 文档目录: doc
2025-08-20 16:29:05,635 - INFO - 已加载 19410 条历史记录
2025-08-20 16:29:05,635 - INFO - === 开始今日拉取 ===
2025-08-20 16:29:05,635 - INFO - 开始获取Doonsec RSS
2025-08-20 16:29:05,636 - INFO - 目标日期: 2025-08-20
2025-08-20 16:29:07,856 - INFO - Doonsec RSS请求成功
2025-08-20 16:29:07,858 - INFO - RSS中共有 200 个条目
2025-08-20 16:29:07,858 - INFO - Doonsec获取到 200 个2025-08-20的微信文章URL
2025-08-20 16:29:07,859 - INFO - ChainReactors md文件URL: https://raw.githubusercontent.com/chainreactors/picker/refs/heads/master/archive/daily/2025/2025-08-20.md
2025-08-20 16:29:07,899 - INFO - ChainReactors md文件下载状态码: 200
2025-08-20 16:29:07,900 - INFO - ChainReactors获取到 218 个URL
2025-08-20 16:29:07,900 - INFO - BruceFeIix md文件URL: https://raw.githubusercontent.com/BruceFeIix/picker/refs/heads/master/archive/daily/2025/2025-08-20.md
2025-08-20 16:29:07,933 - INFO - BruceFeIix md文件下载状态码: 200
2025-08-20 16:29:07,934 - INFO - BruceFeIix获取到 214 个URL
2025-08-20 16:29:07,935 - INFO - === 开始处理 2025-08-20 的数据 ===
2025-08-20 16:29:07,935 - INFO - Doonsec原始数据: 200 个
2025-08-20 16:29:07,935 - INFO - ChainReactors原始数据: 218 个
2025-08-20 16:29:07,935 - INFO - BruceFeIix原始数据: 214 个
2025-08-20 16:29:07,935 - INFO - 开始处理Doonsec数据...
2025-08-20 16:29:07,935 - INFO - 开始处理ChainReactors数据...
2025-08-20 16:29:07,936 - INFO - 开始处理BruceFeIix数据...
2025-08-20 16:29:07,936 - INFO - 去重后共 286 个URL待处理，跳过 346 个重复URL
2025-08-20 16:29:07,936 - INFO - 去重后统计 - Doonsec: 152 个, ChainReactors: 134 个, BruceFeIix: 0 个
2025-08-20 16:29:07,936 - INFO - === 开始关键词过滤 ===
2025-08-20 16:29:07,946 - INFO - 关键词过滤: 匹配 9 个，跳过 277 个
2025-08-20 16:29:07,946 - INFO - 关键词过滤后统计 - Doonsec: 9 个, ChainReactors: 0 个, BruceFeIix: 0 个
2025-08-20 16:29:07,959 - INFO - 已创建每日报告: md/2025-08-20.md
2025-08-20 16:29:07,959 - INFO - === 跳过二进制文件处理，只更新data.json ===
2025-08-20 16:29:07,991 - INFO - 已更新data.json，添加了 9 个URL
2025-08-20 16:29:07,992 - INFO - 已创建每日报告: md/2025-08-20.md
2025-08-20 16:29:07,992 - INFO - === 执行完成 ===
2025-08-20 20:26:11,942 - INFO - === 开始执行微信文章归档工具 ===
2025-08-20 20:26:11,943 - INFO - 数据文件: data.json
2025-08-20 20:26:11,943 - INFO - 可执行文件: ./bin/wechatmp2markdown-v1.1.11_linux_amd64
2025-08-20 20:26:11,943 - INFO - 文档目录: doc
2025-08-20 20:26:11,977 - INFO - 已加载 19419 条历史记录
2025-08-20 20:26:11,977 - INFO - === 开始今日拉取 ===
2025-08-20 20:26:11,978 - INFO - 开始获取Doonsec RSS
2025-08-20 20:26:11,978 - INFO - 目标日期: 2025-08-20
2025-08-20 20:26:13,612 - INFO - Doonsec RSS请求成功
2025-08-20 20:26:13,615 - INFO - RSS中共有 200 个条目
2025-08-20 20:26:13,615 - INFO - Doonsec获取到 200 个2025-08-20的微信文章URL
2025-08-20 20:26:13,616 - INFO - ChainReactors md文件URL: https://raw.githubusercontent.com/chainreactors/picker/refs/heads/master/archive/daily/2025/2025-08-20.md
2025-08-20 20:26:13,667 - INFO - ChainReactors md文件下载状态码: 200
2025-08-20 20:26:13,668 - INFO - ChainReactors获取到 218 个URL
2025-08-20 20:26:13,668 - INFO - BruceFeIix md文件URL: https://raw.githubusercontent.com/BruceFeIix/picker/refs/heads/master/archive/daily/2025/2025-08-20.md
2025-08-20 20:26:13,724 - INFO - BruceFeIix md文件下载状态码: 200
2025-08-20 20:26:13,725 - INFO - BruceFeIix获取到 214 个URL
2025-08-20 20:26:13,726 - INFO - === 开始处理 2025-08-20 的数据 ===
2025-08-20 20:26:13,726 - INFO - Doonsec原始数据: 200 个
2025-08-20 20:26:13,726 - INFO - ChainReactors原始数据: 218 个
2025-08-20 20:26:13,726 - INFO - BruceFeIix原始数据: 214 个
2025-08-20 20:26:13,726 - INFO - 开始处理Doonsec数据...
2025-08-20 20:26:13,726 - INFO - 开始处理ChainReactors数据...
2025-08-20 20:26:13,726 - INFO - 开始处理BruceFeIix数据...
2025-08-20 20:26:13,727 - INFO - 去重后共 277 个URL待处理，跳过 355 个重复URL
2025-08-20 20:26:13,727 - INFO - 去重后统计 - Doonsec: 143 个, ChainReactors: 134 个, BruceFeIix: 0 个
2025-08-20 20:26:13,727 - INFO - === 开始关键词过滤 ===
2025-08-20 20:26:13,737 - INFO - 关键词过滤: 匹配 0 个，跳过 277 个
2025-08-20 20:26:13,737 - INFO - 关键词过滤后统计 - Doonsec: 0 个, ChainReactors: 0 个, BruceFeIix: 0 个
2025-08-20 20:26:13,737 - INFO - === 跳过二进制文件处理，只更新data.json ===
2025-08-20 20:26:13,769 - INFO - 已更新data.json，添加了 0 个URL
2025-08-20 20:26:13,769 - INFO - === 执行完成 ===
2025-08-21 01:51:58,564 - INFO - === 开始执行微信文章归档工具 ===
2025-08-21 01:51:58,565 - INFO - 数据文件: data.json
2025-08-21 01:51:58,565 - INFO - 可执行文件: ./bin/wechatmp2markdown-v1.1.11_linux_amd64
2025-08-21 01:51:58,565 - INFO - 文档目录: doc
2025-08-21 01:51:58,597 - INFO - 已加载 19419 条历史记录
2025-08-21 01:51:58,597 - INFO - === 开始今日拉取 ===
2025-08-21 01:51:58,598 - INFO - 开始获取Doonsec RSS
2025-08-21 01:51:58,598 - INFO - 目标日期: 2025-08-21
2025-08-21 01:52:01,977 - INFO - Doonsec RSS请求成功
2025-08-21 01:52:01,979 - INFO - RSS中共有 200 个条目
2025-08-21 01:52:01,979 - INFO - Doonsec获取到 12 个2025-08-21的微信文章URL
2025-08-21 01:52:01,980 - INFO - ChainReactors md文件URL: https://raw.githubusercontent.com/chainreactors/picker/refs/heads/master/archive/daily/2025/2025-08-21.md
2025-08-21 01:52:02,015 - INFO - ChainReactors md文件下载状态码: 404
2025-08-21 01:52:02,015 - WARNING - ChainReactors md文件下载失败: https://raw.githubusercontent.com/chainreactors/picker/refs/heads/master/archive/daily/2025/2025-08-21.md 状态码: 404
2025-08-21 01:52:02,015 - INFO - BruceFeIix md文件URL: https://raw.githubusercontent.com/BruceFeIix/picker/refs/heads/master/archive/daily/2025/2025-08-21.md
2025-08-21 01:52:02,053 - INFO - BruceFeIix md文件下载状态码: 404
2025-08-21 01:52:02,053 - WARNING - BruceFeIix md文件下载失败: https://raw.githubusercontent.com/BruceFeIix/picker/refs/heads/master/archive/daily/2025/2025-08-21.md 状态码: 404
2025-08-21 01:52:02,053 - INFO - === 开始处理 2025-08-21 的数据 ===
2025-08-21 01:52:02,053 - INFO - Doonsec原始数据: 12 个
2025-08-21 01:52:02,053 - INFO - ChainReactors原始数据: 0 个
2025-08-21 01:52:02,053 - INFO - BruceFeIix原始数据: 0 个
2025-08-21 01:52:02,053 - INFO - 开始处理Doonsec数据...
2025-08-21 01:52:02,053 - INFO - 开始处理ChainReactors数据...
2025-08-21 01:52:02,053 - INFO - 开始处理BruceFeIix数据...
2025-08-21 01:52:02,053 - INFO - 去重后共 12 个URL待处理，跳过 0 个重复URL
2025-08-21 01:52:02,053 - INFO - 去重后统计 - Doonsec: 12 个, ChainReactors: 0 个, BruceFeIix: 0 个
2025-08-21 01:52:02,054 - INFO - === 开始关键词过滤 ===
2025-08-21 01:52:02,054 - INFO - 关键词过滤: 匹配 5 个，跳过 7 个
2025-08-21 01:52:02,054 - INFO - 关键词过滤后统计 - Doonsec: 5 个, ChainReactors: 0 个, BruceFeIix: 0 个
2025-08-21 01:52:02,168 - INFO - 已创建每日报告: md/2025-08-21.md
2025-08-21 01:52:02,168 - INFO - === 跳过二进制文件处理，只更新data.json ===
2025-08-21 01:52:02,200 - INFO - 已更新data.json，添加了 5 个URL
2025-08-21 01:52:02,201 - INFO - 已创建每日报告: md/2025-08-21.md
2025-08-21 01:52:02,201 - INFO - === 执行完成 ===
2025-08-21 04:27:59,856 - INFO - === 开始执行微信文章归档工具 ===
2025-08-21 04:27:59,856 - INFO - 数据文件: data.json
2025-08-21 04:27:59,857 - INFO - 可执行文件: ./bin/wechatmp2markdown-v1.1.11_linux_amd64
2025-08-21 04:27:59,857 - INFO - 文档目录: doc
2025-08-21 04:27:59,892 - INFO - 已加载 19424 条历史记录
2025-08-21 04:27:59,892 - INFO - === 开始今日拉取 ===
2025-08-21 04:27:59,893 - INFO - 开始获取Doonsec RSS
2025-08-21 04:27:59,893 - INFO - 目标日期: 2025-08-21
2025-08-21 04:28:03,450 - INFO - Doonsec RSS请求成功
2025-08-21 04:28:03,452 - INFO - RSS中共有 200 个条目
2025-08-21 04:28:03,452 - INFO - Doonsec获取到 28 个2025-08-21的微信文章URL
2025-08-21 04:28:03,453 - INFO - ChainReactors md文件URL: https://raw.githubusercontent.com/chainreactors/picker/refs/heads/master/archive/daily/2025/2025-08-21.md
2025-08-21 04:28:03,580 - INFO - ChainReactors md文件下载状态码: 200
2025-08-21 04:28:03,581 - INFO - ChainReactors获取到 236 个URL
2025-08-21 04:28:03,582 - INFO - BruceFeIix md文件URL: https://raw.githubusercontent.com/BruceFeIix/picker/refs/heads/master/archive/daily/2025/2025-08-21.md
2025-08-21 04:28:03,725 - INFO - BruceFeIix md文件下载状态码: 200
2025-08-21 04:28:03,726 - INFO - BruceFeIix获取到 235 个URL
2025-08-21 04:28:03,727 - INFO - === 开始处理 2025-08-21 的数据 ===
2025-08-21 04:28:03,727 - INFO - Doonsec原始数据: 28 个
2025-08-21 04:28:03,727 - INFO - ChainReactors原始数据: 236 个
2025-08-21 04:28:03,727 - INFO - BruceFeIix原始数据: 235 个
2025-08-21 04:28:03,727 - INFO - 开始处理Doonsec数据...
2025-08-21 04:28:03,727 - INFO - 开始处理ChainReactors数据...
2025-08-21 04:28:03,727 - INFO - 开始处理BruceFeIix数据...
2025-08-21 04:28:03,728 - INFO - 去重后共 182 个URL待处理，跳过 317 个重复URL
2025-08-21 04:28:03,728 - INFO - 去重后统计 - Doonsec: 23 个, ChainReactors: 159 个, BruceFeIix: 0 个
2025-08-21 04:28:03,728 - INFO - === 开始关键词过滤 ===
2025-08-21 04:28:03,734 - INFO - 关键词过滤: 匹配 17 个，跳过 165 个
2025-08-21 04:28:03,735 - INFO - 关键词过滤后统计 - Doonsec: 6 个, ChainReactors: 11 个, BruceFeIix: 0 个
2025-08-21 04:28:03,750 - INFO - 已创建每日报告: md/2025-08-21.md
2025-08-21 04:28:03,750 - INFO - === 跳过二进制文件处理，只更新data.json ===
2025-08-21 04:28:03,783 - INFO - 已更新data.json，添加了 17 个URL
2025-08-21 04:28:03,783 - INFO - 已创建每日报告: md/2025-08-21.md
2025-08-21 04:28:03,783 - INFO - === 执行完成 ===
2025-08-21 08:31:14,503 - INFO - === 开始执行微信文章归档工具 ===
2025-08-21 08:31:14,504 - INFO - 数据文件: data.json
2025-08-21 08:31:14,504 - INFO - 可执行文件: ./bin/wechatmp2markdown-v1.1.11_linux_amd64
2025-08-21 08:31:14,504 - INFO - 文档目录: doc
2025-08-21 08:31:14,537 - INFO - 已加载 19441 条历史记录
2025-08-21 08:31:14,537 - INFO - === 开始今日拉取 ===
2025-08-21 08:31:14,537 - INFO - 开始获取Doonsec RSS
2025-08-21 08:31:14,537 - INFO - 目标日期: 2025-08-21
2025-08-21 08:31:16,763 - INFO - Doonsec RSS请求成功
2025-08-21 08:31:16,766 - INFO - RSS中共有 200 个条目
2025-08-21 08:31:16,766 - INFO - Doonsec获取到 135 个2025-08-21的微信文章URL
2025-08-21 08:31:16,767 - INFO - ChainReactors md文件URL: https://raw.githubusercontent.com/chainreactors/picker/refs/heads/master/archive/daily/2025/2025-08-21.md
2025-08-21 08:31:16,816 - INFO - ChainReactors md文件下载状态码: 200
2025-08-21 08:31:16,818 - INFO - ChainReactors获取到 236 个URL
2025-08-21 08:31:16,818 - INFO - BruceFeIix md文件URL: https://raw.githubusercontent.com/BruceFeIix/picker/refs/heads/master/archive/daily/2025/2025-08-21.md
2025-08-21 08:31:16,872 - INFO - BruceFeIix md文件下载状态码: 200
2025-08-21 08:31:16,873 - INFO - BruceFeIix获取到 235 个URL
2025-08-21 08:31:16,873 - INFO - === 开始处理 2025-08-21 的数据 ===
2025-08-21 08:31:16,873 - INFO - Doonsec原始数据: 135 个
2025-08-21 08:31:16,873 - INFO - ChainReactors原始数据: 236 个
2025-08-21 08:31:16,873 - INFO - BruceFeIix原始数据: 235 个
2025-08-21 08:31:16,873 - INFO - 开始处理Doonsec数据...
2025-08-21 08:31:16,874 - INFO - 开始处理ChainReactors数据...
2025-08-21 08:31:16,874 - INFO - 开始处理BruceFeIix数据...
2025-08-21 08:31:16,874 - INFO - 去重后共 272 个URL待处理，跳过 334 个重复URL
2025-08-21 08:31:16,875 - INFO - 去重后统计 - Doonsec: 124 个, ChainReactors: 148 个, BruceFeIix: 0 个
2025-08-21 08:31:16,875 - INFO - === 开始关键词过滤 ===
2025-08-21 08:31:16,884 - INFO - 关键词过滤: 匹配 31 个，跳过 241 个
2025-08-21 08:31:16,884 - INFO - 关键词过滤后统计 - Doonsec: 31 个, ChainReactors: 0 个, BruceFeIix: 0 个
2025-08-21 08:31:16,923 - INFO - 已创建每日报告: md/2025-08-21.md
2025-08-21 08:31:16,923 - INFO - === 跳过二进制文件处理，只更新data.json ===
2025-08-21 08:31:16,955 - INFO - 已更新data.json，添加了 31 个URL
2025-08-21 08:31:16,956 - INFO - 已创建每日报告: md/2025-08-21.md
2025-08-21 08:31:16,956 - INFO - === 执行完成 ===
2025-08-21 12:49:23,561 - INFO - === 开始执行微信文章归档工具 ===
2025-08-21 12:49:23,562 - INFO - 数据文件: data.json
2025-08-21 12:49:23,562 - INFO - 可执行文件: ./bin/wechatmp2markdown-v1.1.11_linux_amd64
2025-08-21 12:49:23,562 - INFO - 文档目录: doc
2025-08-21 12:49:23,594 - INFO - 已加载 19472 条历史记录
2025-08-21 12:49:23,595 - INFO - === 开始今日拉取 ===
2025-08-21 12:49:23,595 - INFO - 开始获取Doonsec RSS
2025-08-21 12:49:23,595 - INFO - 目标日期: 2025-08-21
2025-08-21 12:49:25,700 - INFO - Doonsec RSS请求成功
2025-08-21 12:49:25,702 - INFO - RSS中共有 200 个条目
2025-08-21 12:49:25,703 - INFO - Doonsec获取到 200 个2025-08-21的微信文章URL
2025-08-21 12:49:25,704 - INFO - ChainReactors md文件URL: https://raw.githubusercontent.com/chainreactors/picker/refs/heads/master/archive/daily/2025/2025-08-21.md
2025-08-21 12:49:25,807 - INFO - ChainReactors md文件下载状态码: 200
2025-08-21 12:49:25,808 - INFO - ChainReactors获取到 236 个URL
2025-08-21 12:49:25,808 - INFO - BruceFeIix md文件URL: https://raw.githubusercontent.com/BruceFeIix/picker/refs/heads/master/archive/daily/2025/2025-08-21.md
2025-08-21 12:49:25,863 - INFO - BruceFeIix md文件下载状态码: 200
2025-08-21 12:49:25,864 - INFO - BruceFeIix获取到 235 个URL
2025-08-21 12:49:25,864 - INFO - === 开始处理 2025-08-21 的数据 ===
2025-08-21 12:49:25,864 - INFO - Doonsec原始数据: 200 个
2025-08-21 12:49:25,864 - INFO - ChainReactors原始数据: 236 个
2025-08-21 12:49:25,864 - INFO - BruceFeIix原始数据: 235 个
2025-08-21 12:49:25,864 - INFO - 开始处理Doonsec数据...
2025-08-21 12:49:25,865 - INFO - 开始处理ChainReactors数据...
2025-08-21 12:49:25,865 - INFO - 开始处理BruceFeIix数据...
2025-08-21 12:49:25,865 - INFO - 去重后共 329 个URL待处理，跳过 342 个重复URL
2025-08-21 12:49:25,866 - INFO - 去重后统计 - Doonsec: 181 个, ChainReactors: 148 个, BruceFeIix: 0 个
2025-08-21 12:49:25,866 - INFO - === 开始关键词过滤 ===
2025-08-21 12:49:25,877 - INFO - 关键词过滤: 匹配 44 个，跳过 285 个
2025-08-21 12:49:25,877 - INFO - 关键词过滤后统计 - Doonsec: 44 个, ChainReactors: 0 个, BruceFeIix: 0 个
2025-08-21 12:49:25,892 - INFO - 已创建每日报告: md/2025-08-21.md
2025-08-21 12:49:25,892 - INFO - === 跳过二进制文件处理，只更新data.json ===
2025-08-21 12:49:25,924 - INFO - 已更新data.json，添加了 44 个URL
2025-08-21 12:49:25,925 - INFO - 已创建每日报告: md/2025-08-21.md
2025-08-21 12:49:25,925 - INFO - === 执行完成 ===
2025-08-21 16:29:18,106 - INFO - === 开始执行微信文章归档工具 ===
2025-08-21 16:29:18,107 - INFO - 数据文件: data.json
2025-08-21 16:29:18,107 - INFO - 可执行文件: ./bin/wechatmp2markdown-v1.1.11_linux_amd64
2025-08-21 16:29:18,107 - INFO - 文档目录: doc
2025-08-21 16:29:18,140 - INFO - 已加载 19516 条历史记录
2025-08-21 16:29:18,141 - INFO - === 开始今日拉取 ===
2025-08-21 16:29:18,141 - INFO - 开始获取Doonsec RSS
2025-08-21 16:29:18,141 - INFO - 目标日期: 2025-08-21
2025-08-21 16:29:21,356 - INFO - Doonsec RSS请求成功
2025-08-21 16:29:21,357 - INFO - RSS中共有 200 个条目
2025-08-21 16:29:21,358 - INFO - Doonsec获取到 191 个2025-08-21的微信文章URL
2025-08-21 16:29:21,359 - INFO - ChainReactors md文件URL: https://raw.githubusercontent.com/chainreactors/picker/refs/heads/master/archive/daily/2025/2025-08-21.md
2025-08-21 16:29:21,410 - INFO - ChainReactors md文件下载状态码: 200
2025-08-21 16:29:21,411 - INFO - ChainReactors获取到 236 个URL
2025-08-21 16:29:21,412 - INFO - BruceFeIix md文件URL: https://raw.githubusercontent.com/BruceFeIix/picker/refs/heads/master/archive/daily/2025/2025-08-21.md
2025-08-21 16:29:21,463 - INFO - BruceFeIix md文件下载状态码: 200
2025-08-21 16:29:21,465 - INFO - BruceFeIix获取到 235 个URL
2025-08-21 16:29:21,465 - INFO - === 开始处理 2025-08-21 的数据 ===
2025-08-21 16:29:21,465 - INFO - Doonsec原始数据: 191 个
2025-08-21 16:29:21,465 - INFO - ChainReactors原始数据: 236 个
2025-08-21 16:29:21,465 - INFO - BruceFeIix原始数据: 235 个
2025-08-21 16:29:21,465 - INFO - 开始处理Doonsec数据...
2025-08-21 16:29:21,465 - INFO - 开始处理ChainReactors数据...
2025-08-21 16:29:21,466 - INFO - 开始处理BruceFeIix数据...
2025-08-21 16:29:21,466 - INFO - 去重后共 289 个URL待处理，跳过 373 个重复URL
2025-08-21 16:29:21,466 - INFO - 去重后统计 - Doonsec: 141 个, ChainReactors: 148 个, BruceFeIix: 0 个
2025-08-21 16:29:21,466 - INFO - === 开始关键词过滤 ===
2025-08-21 16:29:21,477 - INFO - 关键词过滤: 匹配 8 个，跳过 281 个
2025-08-21 16:29:21,477 - INFO - 关键词过滤后统计 - Doonsec: 8 个, ChainReactors: 0 个, BruceFeIix: 0 个
2025-08-21 16:29:21,533 - INFO - 已创建每日报告: md/2025-08-21.md
2025-08-21 16:29:21,533 - INFO - === 跳过二进制文件处理，只更新data.json ===
2025-08-21 16:29:21,566 - INFO - 已更新data.json，添加了 8 个URL
2025-08-21 16:29:21,567 - INFO - 已创建每日报告: md/2025-08-21.md
2025-08-21 16:29:21,567 - INFO - === 执行完成 ===
2025-08-21 20:25:26,848 - INFO - === 开始执行微信文章归档工具 ===
2025-08-21 20:25:26,848 - INFO - 数据文件: data.json
2025-08-21 20:25:26,849 - INFO - 可执行文件: ./bin/wechatmp2markdown-v1.1.11_linux_amd64
2025-08-21 20:25:26,849 - INFO - 文档目录: doc
2025-08-21 20:25:26,882 - INFO - 已加载 19524 条历史记录
2025-08-21 20:25:26,882 - INFO - === 开始今日拉取 ===
2025-08-21 20:25:26,882 - INFO - 开始获取Doonsec RSS
2025-08-21 20:25:26,882 - INFO - 目标日期: 2025-08-21
2025-08-21 20:25:29,018 - INFO - Doonsec RSS请求成功
2025-08-21 20:25:29,020 - INFO - RSS中共有 200 个条目
2025-08-21 20:25:29,020 - INFO - Doonsec获取到 186 个2025-08-21的微信文章URL
2025-08-21 20:25:29,021 - INFO - ChainReactors md文件URL: https://raw.githubusercontent.com/chainreactors/picker/refs/heads/master/archive/daily/2025/2025-08-21.md
2025-08-21 20:25:29,071 - INFO - ChainReactors md文件下载状态码: 200
2025-08-21 20:25:29,073 - INFO - ChainReactors获取到 236 个URL
2025-08-21 20:25:29,073 - INFO - BruceFeIix md文件URL: https://raw.githubusercontent.com/BruceFeIix/picker/refs/heads/master/archive/daily/2025/2025-08-21.md
2025-08-21 20:25:29,122 - INFO - BruceFeIix md文件下载状态码: 200
2025-08-21 20:25:29,123 - INFO - BruceFeIix获取到 235 个URL
2025-08-21 20:25:29,123 - INFO - === 开始处理 2025-08-21 的数据 ===
2025-08-21 20:25:29,123 - INFO - Doonsec原始数据: 186 个
2025-08-21 20:25:29,123 - INFO - ChainReactors原始数据: 236 个
2025-08-21 20:25:29,123 - INFO - BruceFeIix原始数据: 235 个
2025-08-21 20:25:29,123 - INFO - 开始处理Doonsec数据...
2025-08-21 20:25:29,124 - INFO - 开始处理ChainReactors数据...
2025-08-21 20:25:29,124 - INFO - 开始处理BruceFeIix数据...
2025-08-21 20:25:29,124 - INFO - 去重后共 277 个URL待处理，跳过 380 个重复URL
2025-08-21 20:25:29,124 - INFO - 去重后统计 - Doonsec: 129 个, ChainReactors: 148 个, BruceFeIix: 0 个
2025-08-21 20:25:29,124 - INFO - === 开始关键词过滤 ===
2025-08-21 20:25:29,134 - INFO - 关键词过滤: 匹配 1 个，跳过 276 个
2025-08-21 20:25:29,134 - INFO - 关键词过滤后统计 - Doonsec: 1 个, ChainReactors: 0 个, BruceFeIix: 0 个
2025-08-21 20:25:29,151 - INFO - 已创建每日报告: md/2025-08-21.md
2025-08-21 20:25:29,151 - INFO - === 跳过二进制文件处理，只更新data.json ===
2025-08-21 20:25:29,184 - INFO - 已更新data.json，添加了 1 个URL
2025-08-21 20:25:29,184 - INFO - 已创建每日报告: md/2025-08-21.md
2025-08-21 20:25:29,184 - INFO - === 执行完成 ===
2025-08-22 01:52:49,712 - INFO - === 开始执行微信文章归档工具 ===
2025-08-22 01:52:49,713 - INFO - 数据文件: data.json
2025-08-22 01:52:49,713 - INFO - 可执行文件: ./bin/wechatmp2markdown-v1.1.11_linux_amd64
2025-08-22 01:52:49,713 - INFO - 文档目录: doc
2025-08-22 01:52:49,749 - INFO - 已加载 19525 条历史记录
2025-08-22 01:52:49,750 - INFO - === 开始今日拉取 ===
2025-08-22 01:52:49,750 - INFO - 开始获取Doonsec RSS
2025-08-22 01:52:49,750 - INFO - 目标日期: 2025-08-22
2025-08-22 01:52:52,684 - INFO - Doonsec RSS请求成功
2025-08-22 01:52:52,686 - INFO - RSS中共有 200 个条目
2025-08-22 01:52:52,687 - INFO - Doonsec获取到 48 个2025-08-22的微信文章URL
2025-08-22 01:52:52,688 - INFO - ChainReactors md文件URL: https://raw.githubusercontent.com/chainreactors/picker/refs/heads/master/archive/daily/2025/2025-08-22.md
2025-08-22 01:52:52,735 - INFO - ChainReactors md文件下载状态码: 404
2025-08-22 01:52:52,735 - WARNING - ChainReactors md文件下载失败: https://raw.githubusercontent.com/chainreactors/picker/refs/heads/master/archive/daily/2025/2025-08-22.md 状态码: 404
2025-08-22 01:52:52,735 - INFO - BruceFeIix md文件URL: https://raw.githubusercontent.com/BruceFeIix/picker/refs/heads/master/archive/daily/2025/2025-08-22.md
2025-08-22 01:52:52,783 - INFO - BruceFeIix md文件下载状态码: 404
2025-08-22 01:52:52,783 - WARNING - BruceFeIix md文件下载失败: https://raw.githubusercontent.com/BruceFeIix/picker/refs/heads/master/archive/daily/2025/2025-08-22.md 状态码: 404
2025-08-22 01:52:52,783 - INFO - === 开始处理 2025-08-22 的数据 ===
2025-08-22 01:52:52,783 - INFO - Doonsec原始数据: 48 个
2025-08-22 01:52:52,783 - INFO - ChainReactors原始数据: 0 个
2025-08-22 01:52:52,783 - INFO - BruceFeIix原始数据: 0 个
2025-08-22 01:52:52,783 - INFO - 开始处理Doonsec数据...
2025-08-22 01:52:52,783 - INFO - 开始处理ChainReactors数据...
2025-08-22 01:52:52,783 - INFO - 开始处理BruceFeIix数据...
2025-08-22 01:52:52,783 - INFO - 去重后共 48 个URL待处理，跳过 0 个重复URL
2025-08-22 01:52:52,784 - INFO - 去重后统计 - Doonsec: 48 个, ChainReactors: 0 个, BruceFeIix: 0 个
2025-08-22 01:52:52,784 - INFO - === 开始关键词过滤 ===
2025-08-22 01:52:52,785 - INFO - 关键词过滤: 匹配 18 个，跳过 30 个
2025-08-22 01:52:52,785 - INFO - 关键词过滤后统计 - Doonsec: 18 个, ChainReactors: 0 个, BruceFeIix: 0 个
2025-08-22 01:52:52,800 - INFO - 已创建每日报告: md/2025-08-22.md
2025-08-22 01:52:52,800 - INFO - === 跳过二进制文件处理，只更新data.json ===
2025-08-22 01:52:52,833 - INFO - 已更新data.json，添加了 18 个URL
2025-08-22 01:52:52,834 - INFO - 已创建每日报告: md/2025-08-22.md
2025-08-22 01:52:52,834 - INFO - === 执行完成 ===
2025-08-22 04:27:09,670 - INFO - === 开始执行微信文章归档工具 ===
2025-08-22 04:27:09,670 - INFO - 数据文件: data.json
2025-08-22 04:27:09,671 - INFO - 可执行文件: ./bin/wechatmp2markdown-v1.1.11_linux_amd64
2025-08-22 04:27:09,671 - INFO - 文档目录: doc
2025-08-22 04:27:09,706 - INFO - 已加载 19543 条历史记录
2025-08-22 04:27:09,706 - INFO - === 开始今日拉取 ===
2025-08-22 04:27:09,707 - INFO - 开始获取Doonsec RSS
2025-08-22 04:27:09,707 - INFO - 目标日期: 2025-08-22
2025-08-22 04:27:12,529 - INFO - Doonsec RSS请求成功
2025-08-22 04:27:12,530 - INFO - RSS中共有 200 个条目
2025-08-22 04:27:12,531 - INFO - Doonsec获取到 71 个2025-08-22的微信文章URL
2025-08-22 04:27:12,532 - INFO - ChainReactors md文件URL: https://raw.githubusercontent.com/chainreactors/picker/refs/heads/master/archive/daily/2025/2025-08-22.md
2025-08-22 04:27:12,617 - INFO - ChainReactors md文件下载状态码: 200
2025-08-22 04:27:12,619 - INFO - ChainReactors获取到 190 个URL
2025-08-22 04:27:12,619 - INFO - BruceFeIix md文件URL: https://raw.githubusercontent.com/BruceFeIix/picker/refs/heads/master/archive/daily/2025/2025-08-22.md
2025-08-22 04:27:12,693 - INFO - BruceFeIix md文件下载状态码: 200
2025-08-22 04:27:12,694 - INFO - BruceFeIix获取到 188 个URL
2025-08-22 04:27:12,694 - INFO - === 开始处理 2025-08-22 的数据 ===
2025-08-22 04:27:12,694 - INFO - Doonsec原始数据: 71 个
2025-08-22 04:27:12,694 - INFO - ChainReactors原始数据: 190 个
2025-08-22 04:27:12,694 - INFO - BruceFeIix原始数据: 188 个
2025-08-22 04:27:12,694 - INFO - 开始处理Doonsec数据...
2025-08-22 04:27:12,694 - INFO - 开始处理ChainReactors数据...
2025-08-22 04:27:12,695 - INFO - 开始处理BruceFeIix数据...
2025-08-22 04:27:12,695 - INFO - 去重后共 177 个URL待处理，跳过 272 个重复URL
2025-08-22 04:27:12,695 - INFO - 去重后统计 - Doonsec: 53 个, ChainReactors: 124 个, BruceFeIix: 0 个
2025-08-22 04:27:12,695 - INFO - === 开始关键词过滤 ===
2025-08-22 04:27:12,701 - INFO - 关键词过滤: 匹配 10 个，跳过 167 个
2025-08-22 04:27:12,701 - INFO - 关键词过滤后统计 - Doonsec: 4 个, ChainReactors: 6 个, BruceFeIix: 0 个
2025-08-22 04:27:12,716 - INFO - 已创建每日报告: md/2025-08-22.md
2025-08-22 04:27:12,716 - INFO - === 跳过二进制文件处理，只更新data.json ===
2025-08-22 04:27:12,749 - INFO - 已更新data.json，添加了 10 个URL
2025-08-22 04:27:12,750 - INFO - 已创建每日报告: md/2025-08-22.md
2025-08-22 04:27:12,750 - INFO - === 执行完成 ===
2025-08-22 08:31:06,673 - INFO - === 开始执行微信文章归档工具 ===
2025-08-22 08:31:06,674 - INFO - 数据文件: data.json
2025-08-22 08:31:06,674 - INFO - 可执行文件: ./bin/wechatmp2markdown-v1.1.11_linux_amd64
2025-08-22 08:31:06,675 - INFO - 文档目录: doc
2025-08-22 08:31:06,709 - INFO - 已加载 19553 条历史记录
2025-08-22 08:31:06,709 - INFO - === 开始今日拉取 ===
2025-08-22 08:31:06,710 - INFO - 开始获取Doonsec RSS
2025-08-22 08:31:06,710 - INFO - 目标日期: 2025-08-22
2025-08-22 08:31:09,383 - INFO - Doonsec RSS请求成功
2025-08-22 08:31:09,385 - INFO - RSS中共有 200 个条目
2025-08-22 08:31:09,385 - INFO - Doonsec获取到 87 个2025-08-22的微信文章URL
2025-08-22 08:31:09,386 - INFO - ChainReactors md文件URL: https://raw.githubusercontent.com/chainreactors/picker/refs/heads/master/archive/daily/2025/2025-08-22.md
2025-08-22 08:31:09,432 - INFO - ChainReactors md文件下载状态码: 200
2025-08-22 08:31:09,433 - INFO - ChainReactors获取到 190 个URL
2025-08-22 08:31:09,433 - INFO - BruceFeIix md文件URL: https://raw.githubusercontent.com/BruceFeIix/picker/refs/heads/master/archive/daily/2025/2025-08-22.md
2025-08-22 08:31:09,467 - INFO - BruceFeIix md文件下载状态码: 200
2025-08-22 08:31:09,468 - INFO - BruceFeIix获取到 188 个URL
2025-08-22 08:31:09,468 - INFO - === 开始处理 2025-08-22 的数据 ===
2025-08-22 08:31:09,468 - INFO - Doonsec原始数据: 87 个
2025-08-22 08:31:09,468 - INFO - ChainReactors原始数据: 190 个
2025-08-22 08:31:09,468 - INFO - BruceFeIix原始数据: 188 个
2025-08-22 08:31:09,468 - INFO - 开始处理Doonsec数据...
2025-08-22 08:31:09,468 - INFO - 开始处理ChainReactors数据...
2025-08-22 08:31:09,469 - INFO - 开始处理BruceFeIix数据...
2025-08-22 08:31:09,469 - INFO - 去重后共 183 个URL待处理，跳过 282 个重复URL
2025-08-22 08:31:09,469 - INFO - 去重后统计 - Doonsec: 65 个, ChainReactors: 118 个, BruceFeIix: 0 个
2025-08-22 08:31:09,469 - INFO - === 开始关键词过滤 ===
2025-08-22 08:31:09,476 - INFO - 关键词过滤: 匹配 3 个，跳过 180 个
2025-08-22 08:31:09,476 - INFO - 关键词过滤后统计 - Doonsec: 3 个, ChainReactors: 0 个, BruceFeIix: 0 个
2025-08-22 08:31:09,493 - INFO - 已创建每日报告: md/2025-08-22.md
2025-08-22 08:31:09,493 - INFO - === 跳过二进制文件处理，只更新data.json ===
2025-08-22 08:31:09,525 - INFO - 已更新data.json，添加了 3 个URL
2025-08-22 08:31:09,525 - INFO - 已创建每日报告: md/2025-08-22.md
2025-08-22 08:31:09,526 - INFO - === 执行完成 ===
2025-08-22 12:47:45,785 - INFO - === 开始执行微信文章归档工具 ===
2025-08-22 12:47:45,786 - INFO - 数据文件: data.json
2025-08-22 12:47:45,786 - INFO - 可执行文件: ./bin/wechatmp2markdown-v1.1.11_linux_amd64
2025-08-22 12:47:45,786 - INFO - 文档目录: doc
2025-08-22 12:47:45,819 - INFO - 已加载 19556 条历史记录
2025-08-22 12:47:45,819 - INFO - === 开始今日拉取 ===
2025-08-22 12:47:45,819 - INFO - 开始获取Doonsec RSS
2025-08-22 12:47:45,819 - INFO - 目标日期: 2025-08-22
2025-08-22 12:47:47,559 - INFO - Doonsec RSS请求成功
2025-08-22 12:47:47,562 - INFO - RSS中共有 200 个条目
2025-08-22 12:47:47,562 - INFO - Doonsec获取到 117 个2025-08-22的微信文章URL
2025-08-22 12:47:47,563 - INFO - ChainReactors md文件URL: https://raw.githubusercontent.com/chainreactors/picker/refs/heads/master/archive/daily/2025/2025-08-22.md
2025-08-22 12:47:47,603 - INFO - ChainReactors md文件下载状态码: 200
2025-08-22 12:47:47,604 - INFO - ChainReactors获取到 190 个URL
2025-08-22 12:47:47,604 - INFO - BruceFeIix md文件URL: https://raw.githubusercontent.com/BruceFeIix/picker/refs/heads/master/archive/daily/2025/2025-08-22.md
2025-08-22 12:47:47,643 - INFO - BruceFeIix md文件下载状态码: 200
2025-08-22 12:47:47,644 - INFO - BruceFeIix获取到 188 个URL
2025-08-22 12:47:47,644 - INFO - === 开始处理 2025-08-22 的数据 ===
2025-08-22 12:47:47,644 - INFO - Doonsec原始数据: 117 个
2025-08-22 12:47:47,644 - INFO - ChainReactors原始数据: 190 个
2025-08-22 12:47:47,644 - INFO - BruceFeIix原始数据: 188 个
2025-08-22 12:47:47,644 - INFO - 开始处理Doonsec数据...
2025-08-22 12:47:47,644 - INFO - 开始处理ChainReactors数据...
2025-08-22 12:47:47,645 - INFO - 开始处理BruceFeIix数据...
2025-08-22 12:47:47,645 - INFO - 去重后共 210 个URL待处理，跳过 285 个重复URL
2025-08-22 12:47:47,645 - INFO - 去重后统计 - Doonsec: 92 个, ChainReactors: 118 个, BruceFeIix: 0 个
2025-08-22 12:47:47,645 - INFO - === 开始关键词过滤 ===
2025-08-22 12:47:47,652 - INFO - 关键词过滤: 匹配 3 个，跳过 207 个
2025-08-22 12:47:47,652 - INFO - 关键词过滤后统计 - Doonsec: 3 个, ChainReactors: 0 个, BruceFeIix: 0 个
2025-08-22 12:47:47,658 - INFO - 已创建每日报告: md/2025-08-22.md
2025-08-22 12:47:47,658 - INFO - === 跳过二进制文件处理，只更新data.json ===
2025-08-22 12:47:47,691 - INFO - 已更新data.json，添加了 3 个URL
2025-08-22 12:47:47,691 - INFO - 已创建每日报告: md/2025-08-22.md
2025-08-22 12:47:47,691 - INFO - === 执行完成 ===
2025-08-22 16:28:39,806 - INFO - === 开始执行微信文章归档工具 ===
2025-08-22 16:28:39,806 - INFO - 数据文件: data.json
2025-08-22 16:28:39,806 - INFO - 可执行文件: ./bin/wechatmp2markdown-v1.1.11_linux_amd64
2025-08-22 16:28:39,807 - INFO - 文档目录: doc
2025-08-22 16:28:39,840 - INFO - 已加载 19559 条历史记录
2025-08-22 16:28:39,841 - INFO - === 开始今日拉取 ===
2025-08-22 16:28:39,841 - INFO - 开始获取Doonsec RSS
2025-08-22 16:28:39,841 - INFO - 目标日期: 2025-08-22
2025-08-22 16:28:43,525 - INFO - Doonsec RSS请求成功
2025-08-22 16:28:43,527 - INFO - RSS中共有 200 个条目
2025-08-22 16:28:43,528 - INFO - Doonsec获取到 172 个2025-08-22的微信文章URL
2025-08-22 16:28:43,529 - INFO - ChainReactors md文件URL: https://raw.githubusercontent.com/chainreactors/picker/refs/heads/master/archive/daily/2025/2025-08-22.md
2025-08-22 16:28:43,610 - INFO - ChainReactors md文件下载状态码: 200
2025-08-22 16:28:43,611 - INFO - ChainReactors获取到 190 个URL
2025-08-22 16:28:43,611 - INFO - BruceFeIix md文件URL: https://raw.githubusercontent.com/BruceFeIix/picker/refs/heads/master/archive/daily/2025/2025-08-22.md
2025-08-22 16:28:43,677 - INFO - BruceFeIix md文件下载状态码: 200
2025-08-22 16:28:43,678 - INFO - BruceFeIix获取到 188 个URL
2025-08-22 16:28:43,678 - INFO - === 开始处理 2025-08-22 的数据 ===
2025-08-22 16:28:43,678 - INFO - Doonsec原始数据: 172 个
2025-08-22 16:28:43,678 - INFO - ChainReactors原始数据: 190 个
2025-08-22 16:28:43,678 - INFO - BruceFeIix原始数据: 188 个
2025-08-22 16:28:43,678 - INFO - 开始处理Doonsec数据...
2025-08-22 16:28:43,679 - INFO - 开始处理ChainReactors数据...
2025-08-22 16:28:43,679 - INFO - 开始处理BruceFeIix数据...
2025-08-22 16:28:43,679 - INFO - 去重后共 262 个URL待处理，跳过 288 个重复URL
2025-08-22 16:28:43,679 - INFO - 去重后统计 - Doonsec: 144 个, ChainReactors: 118 个, BruceFeIix: 0 个
2025-08-22 16:28:43,679 - INFO - === 开始关键词过滤 ===
2025-08-22 16:28:43,688 - INFO - 关键词过滤: 匹配 10 个，跳过 252 个
2025-08-22 16:28:43,689 - INFO - 关键词过滤后统计 - Doonsec: 10 个, ChainReactors: 0 个, BruceFeIix: 0 个
2025-08-22 16:28:43,702 - INFO - 已创建每日报告: md/2025-08-22.md
2025-08-22 16:28:43,702 - INFO - === 跳过二进制文件处理，只更新data.json ===
2025-08-22 16:28:43,735 - INFO - 已更新data.json，添加了 10 个URL
2025-08-22 16:28:43,736 - INFO - 已创建每日报告: md/2025-08-22.md
2025-08-22 16:28:43,736 - INFO - === 执行完成 ===
2025-08-22 20:25:44,550 - INFO - === 开始执行微信文章归档工具 ===
2025-08-22 20:25:44,550 - INFO - 数据文件: data.json
2025-08-22 20:25:44,550 - INFO - 可执行文件: ./bin/wechatmp2markdown-v1.1.11_linux_amd64
2025-08-22 20:25:44,551 - INFO - 文档目录: doc
2025-08-22 20:25:44,583 - INFO - 已加载 19569 条历史记录
2025-08-22 20:25:44,583 - INFO - === 开始今日拉取 ===
2025-08-22 20:25:44,583 - INFO - 开始获取Doonsec RSS
2025-08-22 20:25:44,583 - INFO - 目标日期: 2025-08-22
2025-08-22 20:25:46,878 - INFO - Doonsec RSS请求成功
2025-08-22 20:25:46,880 - INFO - RSS中共有 200 个条目
2025-08-22 20:25:46,881 - INFO - Doonsec获取到 190 个2025-08-22的微信文章URL
2025-08-22 20:25:46,882 - INFO - ChainReactors md文件URL: https://raw.githubusercontent.com/chainreactors/picker/refs/heads/master/archive/daily/2025/2025-08-22.md
2025-08-22 20:25:46,921 - INFO - ChainReactors md文件下载状态码: 200
2025-08-22 20:25:46,922 - INFO - ChainReactors获取到 190 个URL
2025-08-22 20:25:46,922 - INFO - BruceFeIix md文件URL: https://raw.githubusercontent.com/BruceFeIix/picker/refs/heads/master/archive/daily/2025/2025-08-22.md
2025-08-22 20:25:46,989 - INFO - BruceFeIix md文件下载状态码: 200
2025-08-22 20:25:46,990 - INFO - BruceFeIix获取到 188 个URL
2025-08-22 20:25:46,990 - INFO - === 开始处理 2025-08-22 的数据 ===
2025-08-22 20:25:46,990 - INFO - Doonsec原始数据: 190 个
2025-08-22 20:25:46,990 - INFO - ChainReactors原始数据: 190 个
2025-08-22 20:25:46,990 - INFO - BruceFeIix原始数据: 188 个
2025-08-22 20:25:46,990 - INFO - 开始处理Doonsec数据...
2025-08-22 20:25:46,990 - INFO - 开始处理ChainReactors数据...
2025-08-22 20:25:46,991 - INFO - 开始处理BruceFeIix数据...
2025-08-22 20:25:46,991 - INFO - 去重后共 269 个URL待处理，跳过 299 个重复URL
2025-08-22 20:25:46,991 - INFO - 去重后统计 - Doonsec: 152 个, ChainReactors: 117 个, BruceFeIix: 0 个
2025-08-22 20:25:46,991 - INFO - === 开始关键词过滤 ===
2025-08-22 20:25:47,000 - INFO - 关键词过滤: 匹配 1 个，跳过 268 个
2025-08-22 20:25:47,000 - INFO - 关键词过滤后统计 - Doonsec: 1 个, ChainReactors: 0 个, BruceFeIix: 0 个
2025-08-22 20:25:47,015 - INFO - 已创建每日报告: md/2025-08-22.md
2025-08-22 20:25:47,015 - INFO - === 跳过二进制文件处理，只更新data.json ===
2025-08-22 20:25:47,047 - INFO - 已更新data.json，添加了 1 个URL
2025-08-22 20:25:47,048 - INFO - 已创建每日报告: md/2025-08-22.md
2025-08-22 20:25:47,048 - INFO - === 执行完成 ===
2025-08-23 01:48:36,667 - INFO - === 开始执行微信文章归档工具 ===
2025-08-23 01:48:36,668 - INFO - 数据文件: data.json
2025-08-23 01:48:36,668 - INFO - 可执行文件: ./bin/wechatmp2markdown-v1.1.11_linux_amd64
2025-08-23 01:48:36,668 - INFO - 文档目录: doc
2025-08-23 01:48:36,702 - INFO - 已加载 19570 条历史记录
2025-08-23 01:48:36,702 - INFO - === 开始今日拉取 ===
2025-08-23 01:48:36,702 - INFO - 开始获取Doonsec RSS
2025-08-23 01:48:36,702 - INFO - 目标日期: 2025-08-23
2025-08-23 01:48:40,471 - INFO - Doonsec RSS请求成功
2025-08-23 01:48:40,473 - INFO - RSS中共有 200 个条目
2025-08-23 01:48:40,473 - INFO - Doonsec获取到 37 个2025-08-23的微信文章URL
2025-08-23 01:48:40,474 - INFO - ChainReactors md文件URL: https://raw.githubusercontent.com/chainreactors/picker/refs/heads/master/archive/daily/2025/2025-08-23.md
2025-08-23 01:48:40,512 - INFO - ChainReactors md文件下载状态码: 404
2025-08-23 01:48:40,512 - WARNING - ChainReactors md文件下载失败: https://raw.githubusercontent.com/chainreactors/picker/refs/heads/master/archive/daily/2025/2025-08-23.md 状态码: 404
2025-08-23 01:48:40,512 - INFO - BruceFeIix md文件URL: https://raw.githubusercontent.com/BruceFeIix/picker/refs/heads/master/archive/daily/2025/2025-08-23.md
2025-08-23 01:48:40,551 - INFO - BruceFeIix md文件下载状态码: 404
2025-08-23 01:48:40,551 - WARNING - BruceFeIix md文件下载失败: https://raw.githubusercontent.com/BruceFeIix/picker/refs/heads/master/archive/daily/2025/2025-08-23.md 状态码: 404
2025-08-23 01:48:40,552 - INFO - === 开始处理 2025-08-23 的数据 ===
2025-08-23 01:48:40,552 - INFO - Doonsec原始数据: 37 个
2025-08-23 01:48:40,552 - INFO - ChainReactors原始数据: 0 个
2025-08-23 01:48:40,552 - INFO - BruceFeIix原始数据: 0 个
2025-08-23 01:48:40,552 - INFO - 开始处理Doonsec数据...
2025-08-23 01:48:40,552 - INFO - 开始处理ChainReactors数据...
2025-08-23 01:48:40,552 - INFO - 开始处理BruceFeIix数据...
2025-08-23 01:48:40,552 - INFO - 去重后共 37 个URL待处理，跳过 0 个重复URL
2025-08-23 01:48:40,552 - INFO - 去重后统计 - Doonsec: 37 个, ChainReactors: 0 个, BruceFeIix: 0 个
2025-08-23 01:48:40,552 - INFO - === 开始关键词过滤 ===
2025-08-23 01:48:40,553 - INFO - 关键词过滤: 匹配 11 个，跳过 26 个
2025-08-23 01:48:40,554 - INFO - 关键词过滤后统计 - Doonsec: 11 个, ChainReactors: 0 个, BruceFeIix: 0 个
2025-08-23 01:48:40,567 - INFO - 已创建每日报告: md/2025-08-23.md
2025-08-23 01:48:40,567 - INFO - === 跳过二进制文件处理，只更新data.json ===
2025-08-23 01:48:40,600 - INFO - 已更新data.json，添加了 11 个URL
2025-08-23 01:48:40,600 - INFO - 已创建每日报告: md/2025-08-23.md
2025-08-23 01:48:40,601 - INFO - === 执行完成 ===
2025-08-23 04:26:52,271 - INFO - === 开始执行微信文章归档工具 ===
2025-08-23 04:26:52,271 - INFO - 数据文件: data.json
2025-08-23 04:26:52,272 - INFO - 可执行文件: ./bin/wechatmp2markdown-v1.1.11_linux_amd64
2025-08-23 04:26:52,272 - INFO - 文档目录: doc
2025-08-23 04:26:52,304 - INFO - 已加载 19581 条历史记录
2025-08-23 04:26:52,304 - INFO - === 开始今日拉取 ===
2025-08-23 04:26:52,305 - INFO - 开始获取Doonsec RSS
2025-08-23 04:26:52,305 - INFO - 目标日期: 2025-08-23
2025-08-23 04:26:54,642 - INFO - Doonsec RSS请求成功
2025-08-23 04:26:54,644 - INFO - RSS中共有 200 个条目
2025-08-23 04:26:54,644 - INFO - Doonsec获取到 61 个2025-08-23的微信文章URL
2025-08-23 04:26:54,645 - INFO - ChainReactors md文件URL: https://raw.githubusercontent.com/chainreactors/picker/refs/heads/master/archive/daily/2025/2025-08-23.md
2025-08-23 04:26:54,711 - INFO - ChainReactors md文件下载状态码: 200
2025-08-23 04:26:54,712 - INFO - ChainReactors获取到 212 个URL
2025-08-23 04:26:54,712 - INFO - BruceFeIix md文件URL: https://raw.githubusercontent.com/BruceFeIix/picker/refs/heads/master/archive/daily/2025/2025-08-23.md
2025-08-23 04:26:54,780 - INFO - BruceFeIix md文件下载状态码: 200
2025-08-23 04:26:54,781 - INFO - BruceFeIix获取到 207 个URL
2025-08-23 04:26:54,782 - INFO - === 开始处理 2025-08-23 的数据 ===
2025-08-23 04:26:54,782 - INFO - Doonsec原始数据: 61 个
2025-08-23 04:26:54,782 - INFO - ChainReactors原始数据: 212 个
2025-08-23 04:26:54,782 - INFO - BruceFeIix原始数据: 207 个
2025-08-23 04:26:54,782 - INFO - 开始处理Doonsec数据...
2025-08-23 04:26:54,782 - INFO - 开始处理ChainReactors数据...
2025-08-23 04:26:54,782 - INFO - 开始处理BruceFeIix数据...
2025-08-23 04:26:54,783 - INFO - 去重后共 224 个URL待处理，跳过 256 个重复URL
2025-08-23 04:26:54,783 - INFO - 去重后统计 - Doonsec: 50 个, ChainReactors: 174 个, BruceFeIix: 0 个
2025-08-23 04:26:54,783 - INFO - === 开始关键词过滤 ===
2025-08-23 04:26:54,790 - INFO - 关键词过滤: 匹配 24 个，跳过 200 个
2025-08-23 04:26:54,790 - INFO - 关键词过滤后统计 - Doonsec: 8 个, ChainReactors: 16 个, BruceFeIix: 0 个
2025-08-23 04:26:54,804 - INFO - 已创建每日报告: md/2025-08-23.md
2025-08-23 04:26:54,804 - INFO - === 跳过二进制文件处理，只更新data.json ===
2025-08-23 04:26:54,837 - INFO - 已更新data.json，添加了 24 个URL
2025-08-23 04:26:54,838 - INFO - 已创建每日报告: md/2025-08-23.md
2025-08-23 04:26:54,838 - INFO - === 执行完成 ===
2025-08-23 08:27:27,080 - INFO - === 开始执行微信文章归档工具 ===
2025-08-23 08:27:27,080 - INFO - 数据文件: data.json
2025-08-23 08:27:27,080 - INFO - 可执行文件: ./bin/wechatmp2markdown-v1.1.11_linux_amd64
2025-08-23 08:27:27,080 - INFO - 文档目录: doc
2025-08-23 08:27:27,114 - INFO - 已加载 19605 条历史记录
2025-08-23 08:27:27,114 - INFO - === 开始今日拉取 ===
2025-08-23 08:27:27,114 - INFO - 开始获取Doonsec RSS
2025-08-23 08:27:27,114 - INFO - 目标日期: 2025-08-23
2025-08-23 08:27:30,267 - INFO - Doonsec RSS请求成功
2025-08-23 08:27:30,268 - INFO - RSS中共有 200 个条目
2025-08-23 08:27:30,269 - INFO - Doonsec获取到 86 个2025-08-23的微信文章URL
2025-08-23 08:27:30,270 - INFO - ChainReactors md文件URL: https://raw.githubusercontent.com/chainreactors/picker/refs/heads/master/archive/daily/2025/2025-08-23.md
2025-08-23 08:27:30,336 - INFO - ChainReactors md文件下载状态码: 200
2025-08-23 08:27:30,337 - INFO - ChainReactors获取到 212 个URL
2025-08-23 08:27:30,337 - INFO - BruceFeIix md文件URL: https://raw.githubusercontent.com/BruceFeIix/picker/refs/heads/master/archive/daily/2025/2025-08-23.md
2025-08-23 08:27:30,413 - INFO - BruceFeIix md文件下载状态码: 200
2025-08-23 08:27:30,414 - INFO - BruceFeIix获取到 207 个URL
2025-08-23 08:27:30,414 - INFO - === 开始处理 2025-08-23 的数据 ===
2025-08-23 08:27:30,415 - INFO - Doonsec原始数据: 86 个
2025-08-23 08:27:30,415 - INFO - ChainReactors原始数据: 212 个
2025-08-23 08:27:30,415 - INFO - BruceFeIix原始数据: 207 个
2025-08-23 08:27:30,415 - INFO - 开始处理Doonsec数据...
2025-08-23 08:27:30,415 - INFO - 开始处理ChainReactors数据...
2025-08-23 08:27:30,415 - INFO - 开始处理BruceFeIix数据...
2025-08-23 08:27:30,415 - INFO - 去重后共 225 个URL待处理，跳过 280 个重复URL
2025-08-23 08:27:30,416 - INFO - 去重后统计 - Doonsec: 67 个, ChainReactors: 158 个, BruceFeIix: 0 个
2025-08-23 08:27:30,416 - INFO - === 开始关键词过滤 ===
2025-08-23 08:27:30,423 - INFO - 关键词过滤: 匹配 4 个，跳过 221 个
2025-08-23 08:27:30,424 - INFO - 关键词过滤后统计 - Doonsec: 4 个, ChainReactors: 0 个, BruceFeIix: 0 个
2025-08-23 08:27:30,440 - INFO - 已创建每日报告: md/2025-08-23.md
2025-08-23 08:27:30,440 - INFO - === 跳过二进制文件处理，只更新data.json ===
2025-08-23 08:27:30,472 - INFO - 已更新data.json，添加了 4 个URL
2025-08-23 08:27:30,473 - INFO - 已创建每日报告: md/2025-08-23.md
2025-08-23 08:27:30,473 - INFO - === 执行完成 ===
2025-08-23 12:43:25,032 - INFO - === 开始执行微信文章归档工具 ===
2025-08-23 12:43:25,033 - INFO - 数据文件: data.json
2025-08-23 12:43:25,033 - INFO - 可执行文件: ./bin/wechatmp2markdown-v1.1.11_linux_amd64
2025-08-23 12:43:25,033 - INFO - 文档目录: doc
2025-08-23 12:43:25,067 - INFO - 已加载 19609 条历史记录
2025-08-23 12:43:25,067 - INFO - === 开始今日拉取 ===
2025-08-23 12:43:25,067 - INFO - 开始获取Doonsec RSS
2025-08-23 12:43:25,067 - INFO - 目标日期: 2025-08-23
2025-08-23 12:43:27,047 - INFO - Doonsec RSS请求成功
2025-08-23 12:43:27,049 - INFO - RSS中共有 200 个条目
2025-08-23 12:43:27,050 - INFO - Doonsec获取到 116 个2025-08-23的微信文章URL
2025-08-23 12:43:27,050 - INFO - ChainReactors md文件URL: https://raw.githubusercontent.com/chainreactors/picker/refs/heads/master/archive/daily/2025/2025-08-23.md
2025-08-23 12:43:27,121 - INFO - ChainReactors md文件下载状态码: 200
2025-08-23 12:43:27,122 - INFO - ChainReactors获取到 212 个URL
2025-08-23 12:43:27,122 - INFO - BruceFeIix md文件URL: https://raw.githubusercontent.com/BruceFeIix/picker/refs/heads/master/archive/daily/2025/2025-08-23.md
2025-08-23 12:43:27,215 - INFO - BruceFeIix md文件下载状态码: 200
2025-08-23 12:43:27,216 - INFO - BruceFeIix获取到 207 个URL
2025-08-23 12:43:27,216 - INFO - === 开始处理 2025-08-23 的数据 ===
2025-08-23 12:43:27,217 - INFO - Doonsec原始数据: 116 个
2025-08-23 12:43:27,217 - INFO - ChainReactors原始数据: 212 个
2025-08-23 12:43:27,217 - INFO - BruceFeIix原始数据: 207 个
2025-08-23 12:43:27,217 - INFO - 开始处理Doonsec数据...
2025-08-23 12:43:27,217 - INFO - 开始处理ChainReactors数据...
2025-08-23 12:43:27,217 - INFO - 开始处理BruceFeIix数据...
2025-08-23 12:43:27,217 - INFO - 去重后共 251 个URL待处理，跳过 284 个重复URL
2025-08-23 12:43:27,218 - INFO - 去重后统计 - Doonsec: 93 个, ChainReactors: 158 个, BruceFeIix: 0 个
2025-08-23 12:43:27,218 - INFO - === 开始关键词过滤 ===
2025-08-23 12:43:27,226 - INFO - 关键词过滤: 匹配 9 个，跳过 242 个
2025-08-23 12:43:27,226 - INFO - 关键词过滤后统计 - Doonsec: 9 个, ChainReactors: 0 个, BruceFeIix: 0 个
2025-08-23 12:43:27,259 - INFO - 已创建每日报告: md/2025-08-23.md
2025-08-23 12:43:27,259 - INFO - === 跳过二进制文件处理，只更新data.json ===
2025-08-23 12:43:27,291 - INFO - 已更新data.json，添加了 9 个URL
2025-08-23 12:43:27,291 - INFO - 已创建每日报告: md/2025-08-23.md
2025-08-23 12:43:27,291 - INFO - === 执行完成 ===
2025-08-23 16:25:35,422 - INFO - === 开始执行微信文章归档工具 ===
2025-08-23 16:25:35,423 - INFO - 数据文件: data.json
2025-08-23 16:25:35,423 - INFO - 可执行文件: ./bin/wechatmp2markdown-v1.1.11_linux_amd64
2025-08-23 16:25:35,423 - INFO - 文档目录: doc
2025-08-23 16:25:35,457 - INFO - 已加载 19618 条历史记录
2025-08-23 16:25:35,457 - INFO - === 开始今日拉取 ===
2025-08-23 16:25:35,457 - INFO - 开始获取Doonsec RSS
2025-08-23 16:25:35,457 - INFO - 目标日期: 2025-08-23
2025-08-23 16:25:37,325 - INFO - Doonsec RSS请求成功
2025-08-23 16:25:37,327 - INFO - RSS中共有 200 个条目
2025-08-23 16:25:37,328 - INFO - Doonsec获取到 124 个2025-08-23的微信文章URL
2025-08-23 16:25:37,329 - INFO - ChainReactors md文件URL: https://raw.githubusercontent.com/chainreactors/picker/refs/heads/master/archive/daily/2025/2025-08-23.md
2025-08-23 16:25:37,381 - INFO - ChainReactors md文件下载状态码: 200
2025-08-23 16:25:37,383 - INFO - ChainReactors获取到 212 个URL
2025-08-23 16:25:37,383 - INFO - BruceFeIix md文件URL: https://raw.githubusercontent.com/BruceFeIix/picker/refs/heads/master/archive/daily/2025/2025-08-23.md
2025-08-23 16:25:37,431 - INFO - BruceFeIix md文件下载状态码: 200
2025-08-23 16:25:37,433 - INFO - BruceFeIix获取到 207 个URL
2025-08-23 16:25:37,433 - INFO - === 开始处理 2025-08-23 的数据 ===
2025-08-23 16:25:37,433 - INFO - Doonsec原始数据: 124 个
2025-08-23 16:25:37,433 - INFO - ChainReactors原始数据: 212 个
2025-08-23 16:25:37,433 - INFO - BruceFeIix原始数据: 207 个
2025-08-23 16:25:37,433 - INFO - 开始处理Doonsec数据...
2025-08-23 16:25:37,433 - INFO - 开始处理ChainReactors数据...
2025-08-23 16:25:37,434 - INFO - 开始处理BruceFeIix数据...
2025-08-23 16:25:37,434 - INFO - 去重后共 250 个URL待处理，跳过 293 个重复URL
2025-08-23 16:25:37,434 - INFO - 去重后统计 - Doonsec: 92 个, ChainReactors: 158 个, BruceFeIix: 0 个
2025-08-23 16:25:37,434 - INFO - === 开始关键词过滤 ===
2025-08-23 16:25:37,443 - INFO - 关键词过滤: 匹配 2 个，跳过 248 个
2025-08-23 16:25:37,443 - INFO - 关键词过滤后统计 - Doonsec: 2 个, ChainReactors: 0 个, BruceFeIix: 0 个
2025-08-23 16:25:37,457 - INFO - 已创建每日报告: md/2025-08-23.md
2025-08-23 16:25:37,457 - INFO - === 跳过二进制文件处理，只更新data.json ===
2025-08-23 16:25:37,489 - INFO - 已更新data.json，添加了 2 个URL
2025-08-23 16:25:37,490 - INFO - 已创建每日报告: md/2025-08-23.md
2025-08-23 16:25:37,490 - INFO - === 执行完成 ===
2025-08-23 20:23:24,322 - INFO - === 开始执行微信文章归档工具 ===
2025-08-23 20:23:24,323 - INFO - 数据文件: data.json
2025-08-23 20:23:24,323 - INFO - 可执行文件: ./bin/wechatmp2markdown-v1.1.11_linux_amd64
2025-08-23 20:23:24,323 - INFO - 文档目录: doc
2025-08-23 20:23:24,356 - INFO - 已加载 19620 条历史记录
2025-08-23 20:23:24,356 - INFO - === 开始今日拉取 ===
2025-08-23 20:23:24,356 - INFO - 开始获取Doonsec RSS
2025-08-23 20:23:24,357 - INFO - 目标日期: 2025-08-23
2025-08-23 20:23:26,455 - INFO - Doonsec RSS请求成功
2025-08-23 20:23:26,457 - INFO - RSS中共有 200 个条目
2025-08-23 20:23:26,457 - INFO - Doonsec获取到 124 个2025-08-23的微信文章URL
2025-08-23 20:23:26,458 - INFO - ChainReactors md文件URL: https://raw.githubusercontent.com/chainreactors/picker/refs/heads/master/archive/daily/2025/2025-08-23.md
2025-08-23 20:23:26,508 - INFO - ChainReactors md文件下载状态码: 200
2025-08-23 20:23:26,510 - INFO - ChainReactors获取到 212 个URL
2025-08-23 20:23:26,510 - INFO - BruceFeIix md文件URL: https://raw.githubusercontent.com/BruceFeIix/picker/refs/heads/master/archive/daily/2025/2025-08-23.md
2025-08-23 20:23:26,563 - INFO - BruceFeIix md文件下载状态码: 200
2025-08-23 20:23:26,564 - INFO - BruceFeIix获取到 207 个URL
2025-08-23 20:23:26,564 - INFO - === 开始处理 2025-08-23 的数据 ===
2025-08-23 20:23:26,564 - INFO - Doonsec原始数据: 124 个
2025-08-23 20:23:26,564 - INFO - ChainReactors原始数据: 212 个
2025-08-23 20:23:26,564 - INFO - BruceFeIix原始数据: 207 个
2025-08-23 20:23:26,564 - INFO - 开始处理Doonsec数据...
2025-08-23 20:23:26,565 - INFO - 开始处理ChainReactors数据...
2025-08-23 20:23:26,565 - INFO - 开始处理BruceFeIix数据...
2025-08-23 20:23:26,565 - INFO - 去重后共 248 个URL待处理，跳过 295 个重复URL
2025-08-23 20:23:26,565 - INFO - 去重后统计 - Doonsec: 90 个, ChainReactors: 158 个, BruceFeIix: 0 个
2025-08-23 20:23:26,566 - INFO - === 开始关键词过滤 ===
2025-08-23 20:23:26,574 - INFO - 关键词过滤: 匹配 0 个，跳过 248 个
2025-08-23 20:23:26,574 - INFO - 关键词过滤后统计 - Doonsec: 0 个, ChainReactors: 0 个, BruceFeIix: 0 个
2025-08-23 20:23:26,574 - INFO - === 跳过二进制文件处理，只更新data.json ===
2025-08-23 20:23:26,607 - INFO - 已更新data.json，添加了 0 个URL
2025-08-23 20:23:26,607 - INFO - === 执行完成 ===
2025-08-24 02:03:15,574 - INFO - === 开始执行微信文章归档工具 ===
2025-08-24 02:03:15,575 - INFO - 数据文件: data.json
2025-08-24 02:03:15,575 - INFO - 可执行文件: ./bin/wechatmp2markdown-v1.1.11_linux_amd64
2025-08-24 02:03:15,575 - INFO - 文档目录: doc
2025-08-24 02:03:15,608 - INFO - 已加载 19620 条历史记录
2025-08-24 02:03:15,608 - INFO - === 开始今日拉取 ===
2025-08-24 02:03:15,608 - INFO - 开始获取Doonsec RSS
2025-08-24 02:03:15,608 - INFO - 目标日期: 2025-08-24
2025-08-24 02:03:17,342 - INFO - Doonsec RSS请求成功
2025-08-24 02:03:17,344 - INFO - RSS中共有 200 个条目
2025-08-24 02:03:17,344 - INFO - Doonsec获取到 0 个2025-08-24的微信文章URL
2025-08-24 02:03:17,345 - INFO - ChainReactors md文件URL: https://raw.githubusercontent.com/chainreactors/picker/refs/heads/master/archive/daily/2025/2025-08-24.md
2025-08-24 02:03:17,380 - INFO - ChainReactors md文件下载状态码: 404
2025-08-24 02:03:17,380 - WARNING - ChainReactors md文件下载失败: https://raw.githubusercontent.com/chainreactors/picker/refs/heads/master/archive/daily/2025/2025-08-24.md 状态码: 404
2025-08-24 02:03:17,380 - INFO - BruceFeIix md文件URL: https://raw.githubusercontent.com/BruceFeIix/picker/refs/heads/master/archive/daily/2025/2025-08-24.md
2025-08-24 02:03:17,521 - INFO - BruceFeIix md文件下载状态码: 404
2025-08-24 02:03:17,522 - WARNING - BruceFeIix md文件下载失败: https://raw.githubusercontent.com/BruceFeIix/picker/refs/heads/master/archive/daily/2025/2025-08-24.md 状态码: 404
2025-08-24 02:03:17,522 - INFO - === 开始处理 2025-08-24 的数据 ===
2025-08-24 02:03:17,522 - INFO - Doonsec原始数据: 0 个
2025-08-24 02:03:17,522 - INFO - ChainReactors原始数据: 0 个
2025-08-24 02:03:17,522 - INFO - BruceFeIix原始数据: 0 个
2025-08-24 02:03:17,522 - INFO - 开始处理Doonsec数据...
2025-08-24 02:03:17,522 - INFO - 开始处理ChainReactors数据...
2025-08-24 02:03:17,522 - INFO - 开始处理BruceFeIix数据...
2025-08-24 02:03:17,522 - INFO - 去重后共 0 个URL待处理，跳过 0 个重复URL
2025-08-24 02:03:17,522 - INFO - 去重后统计 - Doonsec: 0 个, ChainReactors: 0 个, BruceFeIix: 0 个
2025-08-24 02:03:17,522 - INFO - === 开始关键词过滤 ===
2025-08-24 02:03:17,522 - INFO - 关键词过滤: 匹配 0 个，跳过 0 个
2025-08-24 02:03:17,522 - INFO - 关键词过滤后统计 - Doonsec: 0 个, ChainReactors: 0 个, BruceFeIix: 0 个
2025-08-24 02:03:17,522 - INFO - === 跳过二进制文件处理，只更新data.json ===
2025-08-24 02:03:17,555 - INFO - 已更新data.json，添加了 0 个URL
2025-08-24 02:03:17,555 - INFO - === 执行完成 ===
2025-08-24 04:29:39,756 - INFO - === 开始执行微信文章归档工具 ===
2025-08-24 04:29:39,756 - INFO - 数据文件: data.json
2025-08-24 04:29:39,756 - INFO - 可执行文件: ./bin/wechatmp2markdown-v1.1.11_linux_amd64
2025-08-24 04:29:39,757 - INFO - 文档目录: doc
2025-08-24 04:29:39,790 - INFO - 已加载 19620 条历史记录
2025-08-24 04:29:39,790 - INFO - === 开始今日拉取 ===
2025-08-24 04:29:39,790 - INFO - 开始获取Doonsec RSS
2025-08-24 04:29:39,790 - INFO - 目标日期: 2025-08-24
2025-08-24 04:29:41,708 - INFO - Doonsec RSS请求成功
2025-08-24 04:29:41,711 - INFO - RSS中共有 200 个条目
2025-08-24 04:29:41,711 - INFO - Doonsec获取到 0 个2025-08-24的微信文章URL
2025-08-24 04:29:41,712 - INFO - ChainReactors md文件URL: https://raw.githubusercontent.com/chainreactors/picker/refs/heads/master/archive/daily/2025/2025-08-24.md
2025-08-24 04:29:41,854 - INFO - ChainReactors md文件下载状态码: 200
2025-08-24 04:29:41,855 - INFO - ChainReactors获取到 138 个URL
2025-08-24 04:29:41,855 - INFO - BruceFeIix md文件URL: https://raw.githubusercontent.com/BruceFeIix/picker/refs/heads/master/archive/daily/2025/2025-08-24.md
2025-08-24 04:29:41,985 - INFO - BruceFeIix md文件下载状态码: 200
2025-08-24 04:29:41,986 - INFO - BruceFeIix获取到 138 个URL
2025-08-24 04:29:41,986 - INFO - === 开始处理 2025-08-24 的数据 ===
2025-08-24 04:29:41,986 - INFO - Doonsec原始数据: 0 个
2025-08-24 04:29:41,986 - INFO - ChainReactors原始数据: 138 个
2025-08-24 04:29:41,986 - INFO - BruceFeIix原始数据: 138 个
2025-08-24 04:29:41,987 - INFO - 开始处理Doonsec数据...
2025-08-24 04:29:41,987 - INFO - 开始处理ChainReactors数据...
2025-08-24 04:29:41,987 - INFO - 开始处理BruceFeIix数据...
2025-08-24 04:29:41,987 - INFO - 去重后共 96 个URL待处理，跳过 180 个重复URL
2025-08-24 04:29:41,987 - INFO - 去重后统计 - Doonsec: 0 个, ChainReactors: 96 个, BruceFeIix: 0 个
2025-08-24 04:29:41,987 - INFO - === 开始关键词过滤 ===
2025-08-24 04:29:41,991 - INFO - 关键词过滤: 匹配 3 个，跳过 93 个
2025-08-24 04:29:41,991 - INFO - 关键词过滤后统计 - Doonsec: 0 个, ChainReactors: 3 个, BruceFeIix: 0 个
2025-08-24 04:29:42,010 - INFO - 已创建每日报告: md/2025-08-24.md
2025-08-24 04:29:42,010 - INFO - === 跳过二进制文件处理，只更新data.json ===
2025-08-24 04:29:42,043 - INFO - 已更新data.json，添加了 3 个URL
2025-08-24 04:29:42,044 - INFO - 已创建每日报告: md/2025-08-24.md
2025-08-24 04:29:42,044 - INFO - === 执行完成 ===
2025-08-24 08:27:23,598 - INFO - === 开始执行微信文章归档工具 ===
2025-08-24 08:27:23,599 - INFO - 数据文件: data.json
2025-08-24 08:27:23,599 - INFO - 可执行文件: ./bin/wechatmp2markdown-v1.1.11_linux_amd64
2025-08-24 08:27:23,599 - INFO - 文档目录: doc
2025-08-24 08:27:23,633 - INFO - 已加载 19623 条历史记录
2025-08-24 08:27:23,633 - INFO - === 开始今日拉取 ===
2025-08-24 08:27:23,633 - INFO - 开始获取Doonsec RSS
2025-08-24 08:27:23,633 - INFO - 目标日期: 2025-08-24
2025-08-24 08:27:28,028 - INFO - Doonsec RSS请求成功
2025-08-24 08:27:28,029 - INFO - RSS中共有 200 个条目
2025-08-24 08:27:28,030 - INFO - Doonsec获取到 29 个2025-08-24的微信文章URL
2025-08-24 08:27:28,031 - INFO - ChainReactors md文件URL: https://raw.githubusercontent.com/chainreactors/picker/refs/heads/master/archive/daily/2025/2025-08-24.md
2025-08-24 08:27:28,067 - INFO - ChainReactors md文件下载状态码: 200
2025-08-24 08:27:28,068 - INFO - ChainReactors获取到 138 个URL
2025-08-24 08:27:28,068 - INFO - BruceFeIix md文件URL: https://raw.githubusercontent.com/BruceFeIix/picker/refs/heads/master/archive/daily/2025/2025-08-24.md
2025-08-24 08:27:28,103 - INFO - BruceFeIix md文件下载状态码: 200
2025-08-24 08:27:28,104 - INFO - BruceFeIix获取到 138 个URL
2025-08-24 08:27:28,104 - INFO - === 开始处理 2025-08-24 的数据 ===
2025-08-24 08:27:28,104 - INFO - Doonsec原始数据: 29 个
2025-08-24 08:27:28,104 - INFO - ChainReactors原始数据: 138 个
2025-08-24 08:27:28,104 - INFO - BruceFeIix原始数据: 138 个
2025-08-24 08:27:28,104 - INFO - 开始处理Doonsec数据...
2025-08-24 08:27:28,104 - INFO - 开始处理ChainReactors数据...
2025-08-24 08:27:28,104 - INFO - 开始处理BruceFeIix数据...
2025-08-24 08:27:28,104 - INFO - 去重后共 122 个URL待处理，跳过 183 个重复URL
2025-08-24 08:27:28,105 - INFO - 去重后统计 - Doonsec: 29 个, ChainReactors: 93 个, BruceFeIix: 0 个
2025-08-24 08:27:28,105 - INFO - === 开始关键词过滤 ===
2025-08-24 08:27:28,109 - INFO - 关键词过滤: 匹配 4 个，跳过 118 个
2025-08-24 08:27:28,109 - INFO - 关键词过滤后统计 - Doonsec: 4 个, ChainReactors: 0 个, BruceFeIix: 0 个
2025-08-24 08:27:28,148 - INFO - 已创建每日报告: md/2025-08-24.md
2025-08-24 08:27:28,148 - INFO - === 跳过二进制文件处理，只更新data.json ===
2025-08-24 08:27:28,181 - INFO - 已更新data.json，添加了 4 个URL
2025-08-24 08:27:28,181 - INFO - 已创建每日报告: md/2025-08-24.md
2025-08-24 08:27:28,181 - INFO - === 执行完成 ===
2025-08-24 12:44:10,345 - INFO - === 开始执行微信文章归档工具 ===
2025-08-24 12:44:10,346 - INFO - 数据文件: data.json
2025-08-24 12:44:10,346 - INFO - 可执行文件: ./bin/wechatmp2markdown-v1.1.11_linux_amd64
2025-08-24 12:44:10,346 - INFO - 文档目录: doc
2025-08-24 12:44:10,379 - INFO - 已加载 19627 条历史记录
2025-08-24 12:44:10,379 - INFO - === 开始今日拉取 ===
2025-08-24 12:44:10,379 - INFO - 开始获取Doonsec RSS
2025-08-24 12:44:10,379 - INFO - 目标日期: 2025-08-24
2025-08-24 12:44:14,411 - INFO - Doonsec RSS请求成功
2025-08-24 12:44:14,412 - INFO - RSS中共有 200 个条目
2025-08-24 12:44:14,413 - INFO - Doonsec获取到 75 个2025-08-24的微信文章URL
2025-08-24 12:44:14,415 - INFO - ChainReactors md文件URL: https://raw.githubusercontent.com/chainreactors/picker/refs/heads/master/archive/daily/2025/2025-08-24.md
2025-08-24 12:44:14,470 - INFO - ChainReactors md文件下载状态码: 200
2025-08-24 12:44:14,471 - INFO - ChainReactors获取到 138 个URL
2025-08-24 12:44:14,471 - INFO - BruceFeIix md文件URL: https://raw.githubusercontent.com/BruceFeIix/picker/refs/heads/master/archive/daily/2025/2025-08-24.md
2025-08-24 12:44:14,517 - INFO - BruceFeIix md文件下载状态码: 200
2025-08-24 12:44:14,518 - INFO - BruceFeIix获取到 138 个URL
2025-08-24 12:44:14,518 - INFO - === 开始处理 2025-08-24 的数据 ===
2025-08-24 12:44:14,518 - INFO - Doonsec原始数据: 75 个
2025-08-24 12:44:14,518 - INFO - ChainReactors原始数据: 138 个
2025-08-24 12:44:14,518 - INFO - BruceFeIix原始数据: 138 个
2025-08-24 12:44:14,518 - INFO - 开始处理Doonsec数据...
2025-08-24 12:44:14,518 - INFO - 开始处理ChainReactors数据...
2025-08-24 12:44:14,519 - INFO - 开始处理BruceFeIix数据...
2025-08-24 12:44:14,519 - INFO - 去重后共 164 个URL待处理，跳过 187 个重复URL
2025-08-24 12:44:14,519 - INFO - 去重后统计 - Doonsec: 71 个, ChainReactors: 93 个, BruceFeIix: 0 个
2025-08-24 12:44:14,519 - INFO - === 开始关键词过滤 ===
2025-08-24 12:44:14,525 - INFO - 关键词过滤: 匹配 15 个，跳过 149 个
2025-08-24 12:44:14,525 - INFO - 关键词过滤后统计 - Doonsec: 15 个, ChainReactors: 0 个, BruceFeIix: 0 个
2025-08-24 12:44:14,538 - INFO - 已创建每日报告: md/2025-08-24.md
2025-08-24 12:44:14,538 - INFO - === 跳过二进制文件处理，只更新data.json ===
2025-08-24 12:44:14,571 - INFO - 已更新data.json，添加了 15 个URL
2025-08-24 12:44:14,571 - INFO - 已创建每日报告: md/2025-08-24.md
2025-08-24 12:44:14,571 - INFO - === 执行完成 ===
2025-08-24 16:26:40,561 - INFO - === 开始执行微信文章归档工具 ===
2025-08-24 16:26:40,562 - INFO - 数据文件: data.json
2025-08-24 16:26:40,562 - INFO - 可执行文件: ./bin/wechatmp2markdown-v1.1.11_linux_amd64
2025-08-24 16:26:40,562 - INFO - 文档目录: doc
2025-08-24 16:26:40,596 - INFO - 已加载 19642 条历史记录
2025-08-24 16:26:40,596 - INFO - === 开始今日拉取 ===
2025-08-24 16:26:40,596 - INFO - 开始获取Doonsec RSS
2025-08-24 16:26:40,596 - INFO - 目标日期: 2025-08-24
2025-08-24 16:31:44,665 - ERROR - Doonsec RSS解析失败: ('Connection aborted.', ConnectionResetError(104, 'Connection reset by peer'))
2025-08-24 16:31:44,665 - INFO - ChainReactors md文件URL: https://raw.githubusercontent.com/chainreactors/picker/refs/heads/master/archive/daily/2025/2025-08-24.md
2025-08-24 16:31:44,740 - INFO - ChainReactors md文件下载状态码: 200
2025-08-24 16:31:44,743 - INFO - ChainReactors获取到 138 个URL
2025-08-24 16:31:44,743 - INFO - BruceFeIix md文件URL: https://raw.githubusercontent.com/BruceFeIix/picker/refs/heads/master/archive/daily/2025/2025-08-24.md
2025-08-24 16:31:44,809 - INFO - BruceFeIix md文件下载状态码: 200
2025-08-24 16:31:44,810 - INFO - BruceFeIix获取到 138 个URL
2025-08-24 16:31:44,810 - INFO - === 开始处理 2025-08-24 的数据 ===
2025-08-24 16:31:44,810 - INFO - Doonsec原始数据: 0 个
2025-08-24 16:31:44,810 - INFO - ChainReactors原始数据: 138 个
2025-08-24 16:31:44,810 - INFO - BruceFeIix原始数据: 138 个
2025-08-24 16:31:44,810 - INFO - 开始处理Doonsec数据...
2025-08-24 16:31:44,810 - INFO - 开始处理ChainReactors数据...
2025-08-24 16:31:44,810 - INFO - 开始处理BruceFeIix数据...
2025-08-24 16:31:44,810 - INFO - 去重后共 93 个URL待处理，跳过 183 个重复URL
2025-08-24 16:31:44,810 - INFO - 去重后统计 - Doonsec: 0 个, ChainReactors: 93 个, BruceFeIix: 0 个
2025-08-24 16:31:44,811 - INFO - === 开始关键词过滤 ===
2025-08-24 16:31:44,814 - INFO - 关键词过滤: 匹配 0 个，跳过 93 个
2025-08-24 16:31:44,814 - INFO - 关键词过滤后统计 - Doonsec: 0 个, ChainReactors: 0 个, BruceFeIix: 0 个
2025-08-24 16:31:44,814 - INFO - === 跳过二进制文件处理，只更新data.json ===
2025-08-24 16:31:44,847 - INFO - 已更新data.json，添加了 0 个URL
2025-08-24 16:31:44,847 - INFO - === 执行完成 ===
2025-08-24 20:24:36,475 - INFO - === 开始执行微信文章归档工具 ===
2025-08-24 20:24:36,476 - INFO - 数据文件: data.json
2025-08-24 20:24:36,476 - INFO - 可执行文件: ./bin/wechatmp2markdown-v1.1.11_linux_amd64
2025-08-24 20:24:36,476 - INFO - 文档目录: doc
2025-08-24 20:24:36,512 - INFO - 已加载 19642 条历史记录
2025-08-24 20:24:36,512 - INFO - === 开始今日拉取 ===
2025-08-24 20:24:36,513 - INFO - 开始获取Doonsec RSS
2025-08-24 20:24:36,513 - INFO - 目标日期: 2025-08-24
2025-08-24 20:25:23,592 - ERROR - Doonsec RSS解析失败: ('Connection aborted.', RemoteDisconnected('Remote end closed connection without response'))
2025-08-24 20:25:23,592 - INFO - ChainReactors md文件URL: https://raw.githubusercontent.com/chainreactors/picker/refs/heads/master/archive/daily/2025/2025-08-24.md
2025-08-24 20:25:23,626 - INFO - ChainReactors md文件下载状态码: 200
2025-08-24 20:25:23,629 - INFO - ChainReactors获取到 138 个URL
2025-08-24 20:25:23,629 - INFO - BruceFeIix md文件URL: https://raw.githubusercontent.com/BruceFeIix/picker/refs/heads/master/archive/daily/2025/2025-08-24.md
2025-08-24 20:25:23,668 - INFO - BruceFeIix md文件下载状态码: 200
2025-08-24 20:25:23,668 - INFO - BruceFeIix获取到 138 个URL
2025-08-24 20:25:23,668 - INFO - === 开始处理 2025-08-24 的数据 ===
2025-08-24 20:25:23,668 - INFO - Doonsec原始数据: 0 个
2025-08-24 20:25:23,668 - INFO - ChainReactors原始数据: 138 个
2025-08-24 20:25:23,668 - INFO - BruceFeIix原始数据: 138 个
2025-08-24 20:25:23,669 - INFO - 开始处理Doonsec数据...
2025-08-24 20:25:23,669 - INFO - 开始处理ChainReactors数据...
2025-08-24 20:25:23,669 - INFO - 开始处理BruceFeIix数据...
2025-08-24 20:25:23,669 - INFO - 去重后共 93 个URL待处理，跳过 183 个重复URL
2025-08-24 20:25:23,669 - INFO - 去重后统计 - Doonsec: 0 个, ChainReactors: 93 个, BruceFeIix: 0 个
2025-08-24 20:25:23,669 - INFO - === 开始关键词过滤 ===
2025-08-24 20:25:23,673 - INFO - 关键词过滤: 匹配 0 个，跳过 93 个
2025-08-24 20:25:23,673 - INFO - 关键词过滤后统计 - Doonsec: 0 个, ChainReactors: 0 个, BruceFeIix: 0 个
2025-08-24 20:25:23,673 - INFO - === 跳过二进制文件处理，只更新data.json ===
2025-08-24 20:25:23,705 - INFO - 已更新data.json，添加了 0 个URL
2025-08-24 20:25:23,705 - INFO - === 执行完成 ===
2025-08-25 01:57:15,370 - INFO - === 开始执行微信文章归档工具 ===
2025-08-25 01:57:15,371 - INFO - 数据文件: data.json
2025-08-25 01:57:15,371 - INFO - 可执行文件: ./bin/wechatmp2markdown-v1.1.11_linux_amd64
2025-08-25 01:57:15,371 - INFO - 文档目录: doc
2025-08-25 01:57:15,405 - INFO - 已加载 19642 条历史记录
2025-08-25 01:57:15,405 - INFO - === 开始今日拉取 ===
2025-08-25 01:57:15,405 - INFO - 开始获取Doonsec RSS
2025-08-25 01:57:15,405 - INFO - 目标日期: 2025-08-25
2025-08-25 01:57:18,176 - INFO - Doonsec RSS请求成功
2025-08-25 01:57:18,178 - INFO - RSS中共有 200 个条目
2025-08-25 01:57:18,178 - INFO - Doonsec获取到 76 个2025-08-25的微信文章URL
2025-08-25 01:57:18,179 - INFO - ChainReactors md文件URL: https://raw.githubusercontent.com/chainreactors/picker/refs/heads/master/archive/daily/2025/2025-08-25.md
2025-08-25 01:57:18,310 - INFO - ChainReactors md文件下载状态码: 404
2025-08-25 01:57:18,311 - WARNING - ChainReactors md文件下载失败: https://raw.githubusercontent.com/chainreactors/picker/refs/heads/master/archive/daily/2025/2025-08-25.md 状态码: 404
2025-08-25 01:57:18,311 - INFO - BruceFeIix md文件URL: https://raw.githubusercontent.com/BruceFeIix/picker/refs/heads/master/archive/daily/2025/2025-08-25.md
2025-08-25 01:57:18,421 - INFO - BruceFeIix md文件下载状态码: 404
2025-08-25 01:57:18,422 - WARNING - BruceFeIix md文件下载失败: https://raw.githubusercontent.com/BruceFeIix/picker/refs/heads/master/archive/daily/2025/2025-08-25.md 状态码: 404
2025-08-25 01:57:18,422 - INFO - === 开始处理 2025-08-25 的数据 ===
2025-08-25 01:57:18,422 - INFO - Doonsec原始数据: 76 个
2025-08-25 01:57:18,422 - INFO - ChainReactors原始数据: 0 个
2025-08-25 01:57:18,422 - INFO - BruceFeIix原始数据: 0 个
2025-08-25 01:57:18,422 - INFO - 开始处理Doonsec数据...
2025-08-25 01:57:18,422 - INFO - 开始处理ChainReactors数据...
2025-08-25 01:57:18,422 - INFO - 开始处理BruceFeIix数据...
2025-08-25 01:57:18,422 - INFO - 去重后共 76 个URL待处理，跳过 0 个重复URL
2025-08-25 01:57:18,422 - INFO - 去重后统计 - Doonsec: 76 个, ChainReactors: 0 个, BruceFeIix: 0 个
2025-08-25 01:57:18,422 - INFO - === 开始关键词过滤 ===
2025-08-25 01:57:18,425 - INFO - 关键词过滤: 匹配 25 个，跳过 51 个
2025-08-25 01:57:18,425 - INFO - 关键词过滤后统计 - Doonsec: 25 个, ChainReactors: 0 个, BruceFeIix: 0 个
2025-08-25 01:57:18,455 - INFO - 已创建每日报告: md/2025-08-25.md
2025-08-25 01:57:18,456 - INFO - === 跳过二进制文件处理，只更新data.json ===
2025-08-25 01:57:18,489 - INFO - 已更新data.json，添加了 25 个URL
2025-08-25 01:57:18,490 - INFO - 已创建每日报告: md/2025-08-25.md
2025-08-25 01:57:18,490 - INFO - === 执行完成 ===
2025-08-25 04:31:24,266 - INFO - === 开始执行微信文章归档工具 ===
2025-08-25 04:31:24,267 - INFO - 数据文件: data.json
2025-08-25 04:31:24,267 - INFO - 可执行文件: ./bin/wechatmp2markdown-v1.1.11_linux_amd64
2025-08-25 04:31:24,267 - INFO - 文档目录: doc
2025-08-25 04:31:24,302 - INFO - 已加载 19667 条历史记录
2025-08-25 04:31:24,302 - INFO - === 开始今日拉取 ===
2025-08-25 04:31:24,302 - INFO - 开始获取Doonsec RSS
2025-08-25 04:31:24,302 - INFO - 目标日期: 2025-08-25
2025-08-25 04:31:26,691 - INFO - Doonsec RSS请求成功
2025-08-25 04:31:26,693 - INFO - RSS中共有 200 个条目
2025-08-25 04:31:26,694 - INFO - Doonsec获取到 104 个2025-08-25的微信文章URL
2025-08-25 04:31:26,695 - INFO - ChainReactors md文件URL: https://raw.githubusercontent.com/chainreactors/picker/refs/heads/master/archive/daily/2025/2025-08-25.md
2025-08-25 04:31:26,752 - INFO - ChainReactors md文件下载状态码: 200
2025-08-25 04:31:26,753 - INFO - ChainReactors获取到 122 个URL
2025-08-25 04:31:26,754 - INFO - BruceFeIix md文件URL: https://raw.githubusercontent.com/BruceFeIix/picker/refs/heads/master/archive/daily/2025/2025-08-25.md
2025-08-25 04:31:26,810 - INFO - BruceFeIix md文件下载状态码: 200
2025-08-25 04:31:26,811 - INFO - BruceFeIix获取到 121 个URL
2025-08-25 04:31:26,811 - INFO - === 开始处理 2025-08-25 的数据 ===
2025-08-25 04:31:26,811 - INFO - Doonsec原始数据: 104 个
2025-08-25 04:31:26,811 - INFO - ChainReactors原始数据: 122 个
2025-08-25 04:31:26,812 - INFO - BruceFeIix原始数据: 121 个
2025-08-25 04:31:26,812 - INFO - 开始处理Doonsec数据...
2025-08-25 04:31:26,812 - INFO - 开始处理ChainReactors数据...
2025-08-25 04:31:26,812 - INFO - 开始处理BruceFeIix数据...
2025-08-25 04:31:26,812 - INFO - 去重后共 175 个URL待处理，跳过 172 个重复URL
2025-08-25 04:31:26,812 - INFO - 去重后统计 - Doonsec: 79 个, ChainReactors: 96 个, BruceFeIix: 0 个
2025-08-25 04:31:26,812 - INFO - === 开始关键词过滤 ===
2025-08-25 04:31:26,818 - INFO - 关键词过滤: 匹配 17 个，跳过 158 个
2025-08-25 04:31:26,818 - INFO - 关键词过滤后统计 - Doonsec: 7 个, ChainReactors: 10 个, BruceFeIix: 0 个
2025-08-25 04:31:26,847 - INFO - 已创建每日报告: md/2025-08-25.md
2025-08-25 04:31:26,847 - INFO - === 跳过二进制文件处理，只更新data.json ===
2025-08-25 04:31:26,880 - INFO - 已更新data.json，添加了 17 个URL
2025-08-25 04:31:26,881 - INFO - 已创建每日报告: md/2025-08-25.md
2025-08-25 04:31:26,881 - INFO - === 执行完成 ===
2025-08-25 08:33:47,487 - INFO - === 开始执行微信文章归档工具 ===
2025-08-25 08:33:47,488 - INFO - 数据文件: data.json
2025-08-25 08:33:47,488 - INFO - 可执行文件: ./bin/wechatmp2markdown-v1.1.11_linux_amd64
2025-08-25 08:33:47,488 - INFO - 文档目录: doc
2025-08-25 08:33:47,521 - INFO - 已加载 19684 条历史记录
2025-08-25 08:33:47,521 - INFO - === 开始今日拉取 ===
2025-08-25 08:33:47,521 - INFO - 开始获取Doonsec RSS
2025-08-25 08:33:47,521 - INFO - 目标日期: 2025-08-25
2025-08-25 08:33:49,427 - INFO - Doonsec RSS请求成功
2025-08-25 08:33:49,429 - INFO - RSS中共有 200 个条目
2025-08-25 08:33:49,429 - INFO - Doonsec获取到 111 个2025-08-25的微信文章URL
2025-08-25 08:33:49,430 - INFO - ChainReactors md文件URL: https://raw.githubusercontent.com/chainreactors/picker/refs/heads/master/archive/daily/2025/2025-08-25.md
2025-08-25 08:33:49,474 - INFO - ChainReactors md文件下载状态码: 200
2025-08-25 08:33:49,475 - INFO - ChainReactors获取到 122 个URL
2025-08-25 08:33:49,475 - INFO - BruceFeIix md文件URL: https://raw.githubusercontent.com/BruceFeIix/picker/refs/heads/master/archive/daily/2025/2025-08-25.md
2025-08-25 08:33:49,520 - INFO - BruceFeIix md文件下载状态码: 200
2025-08-25 08:33:49,521 - INFO - BruceFeIix获取到 121 个URL
2025-08-25 08:33:49,521 - INFO - === 开始处理 2025-08-25 的数据 ===
2025-08-25 08:33:49,521 - INFO - Doonsec原始数据: 111 个
2025-08-25 08:33:49,521 - INFO - ChainReactors原始数据: 122 个
2025-08-25 08:33:49,521 - INFO - BruceFeIix原始数据: 121 个
2025-08-25 08:33:49,521 - INFO - 开始处理Doonsec数据...
2025-08-25 08:33:49,521 - INFO - 开始处理ChainReactors数据...
2025-08-25 08:33:49,522 - INFO - 开始处理BruceFeIix数据...
2025-08-25 08:33:49,522 - INFO - 去重后共 165 个URL待处理，跳过 189 个重复URL
2025-08-25 08:33:49,522 - INFO - 去重后统计 - Doonsec: 79 个, ChainReactors: 86 个, BruceFeIix: 0 个
2025-08-25 08:33:49,522 - INFO - === 开始关键词过滤 ===
2025-08-25 08:33:49,528 - INFO - 关键词过滤: 匹配 3 个，跳过 162 个
2025-08-25 08:33:49,528 - INFO - 关键词过滤后统计 - Doonsec: 3 个, ChainReactors: 0 个, BruceFeIix: 0 个
2025-08-25 08:33:49,590 - INFO - 已创建每日报告: md/2025-08-25.md
2025-08-25 08:33:49,590 - INFO - === 跳过二进制文件处理，只更新data.json ===
2025-08-25 08:33:49,623 - INFO - 已更新data.json，添加了 3 个URL
2025-08-25 08:33:49,623 - INFO - 已创建每日报告: md/2025-08-25.md
2025-08-25 08:33:49,623 - INFO - === 执行完成 ===
2025-08-25 12:50:32,379 - INFO - === 开始执行微信文章归档工具 ===
2025-08-25 12:50:32,380 - INFO - 数据文件: data.json
2025-08-25 12:50:32,380 - INFO - 可执行文件: ./bin/wechatmp2markdown-v1.1.11_linux_amd64
2025-08-25 12:50:32,380 - INFO - 文档目录: doc
2025-08-25 12:50:32,413 - INFO - 已加载 19687 条历史记录
2025-08-25 12:50:32,413 - INFO - === 开始今日拉取 ===
2025-08-25 12:50:32,413 - INFO - 开始获取Doonsec RSS
2025-08-25 12:50:32,413 - INFO - 目标日期: 2025-08-25
2025-08-25 12:50:34,468 - INFO - Doonsec RSS请求成功
2025-08-25 12:50:34,471 - INFO - RSS中共有 200 个条目
2025-08-25 12:50:34,471 - INFO - Doonsec获取到 169 个2025-08-25的微信文章URL
2025-08-25 12:50:34,472 - INFO - ChainReactors md文件URL: https://raw.githubusercontent.com/chainreactors/picker/refs/heads/master/archive/daily/2025/2025-08-25.md
2025-08-25 12:50:34,529 - INFO - ChainReactors md文件下载状态码: 200
2025-08-25 12:50:34,530 - INFO - ChainReactors获取到 122 个URL
2025-08-25 12:50:34,530 - INFO - BruceFeIix md文件URL: https://raw.githubusercontent.com/BruceFeIix/picker/refs/heads/master/archive/daily/2025/2025-08-25.md
2025-08-25 12:50:34,593 - INFO - BruceFeIix md文件下载状态码: 200
2025-08-25 12:50:34,594 - INFO - BruceFeIix获取到 121 个URL
2025-08-25 12:50:34,594 - INFO - === 开始处理 2025-08-25 的数据 ===
2025-08-25 12:50:34,594 - INFO - Doonsec原始数据: 169 个
2025-08-25 12:50:34,594 - INFO - ChainReactors原始数据: 122 个
2025-08-25 12:50:34,594 - INFO - BruceFeIix原始数据: 121 个
2025-08-25 12:50:34,594 - INFO - 开始处理Doonsec数据...
2025-08-25 12:50:34,594 - INFO - 开始处理ChainReactors数据...
2025-08-25 12:50:34,594 - INFO - 开始处理BruceFeIix数据...
2025-08-25 12:50:34,595 - INFO - 去重后共 219 个URL待处理，跳过 193 个重复URL
2025-08-25 12:50:34,595 - INFO - 去重后统计 - Doonsec: 134 个, ChainReactors: 85 个, BruceFeIix: 0 个
2025-08-25 12:50:34,595 - INFO - === 开始关键词过滤 ===
2025-08-25 12:50:34,602 - INFO - 关键词过滤: 匹配 18 个，跳过 201 个
2025-08-25 12:50:34,602 - INFO - 关键词过滤后统计 - Doonsec: 18 个, ChainReactors: 0 个, BruceFeIix: 0 个
2025-08-25 12:50:34,617 - INFO - 已创建每日报告: md/2025-08-25.md
2025-08-25 12:50:34,617 - INFO - === 跳过二进制文件处理，只更新data.json ===
2025-08-25 12:50:34,650 - INFO - 已更新data.json，添加了 18 个URL
2025-08-25 12:50:34,651 - INFO - 已创建每日报告: md/2025-08-25.md
2025-08-25 12:50:34,651 - INFO - === 执行完成 ===
2025-08-25 16:30:06,212 - INFO - === 开始执行微信文章归档工具 ===
2025-08-25 16:30:06,213 - INFO - 数据文件: data.json
2025-08-25 16:30:06,213 - INFO - 可执行文件: ./bin/wechatmp2markdown-v1.1.11_linux_amd64
2025-08-25 16:30:06,213 - INFO - 文档目录: doc
2025-08-25 16:30:06,247 - INFO - 已加载 19705 条历史记录
2025-08-25 16:30:06,247 - INFO - === 开始今日拉取 ===
2025-08-25 16:30:06,247 - INFO - 开始获取Doonsec RSS
2025-08-25 16:30:06,247 - INFO - 目标日期: 2025-08-25
2025-08-25 16:30:09,182 - INFO - Doonsec RSS请求成功
2025-08-25 16:30:09,184 - INFO - RSS中共有 200 个条目
2025-08-25 16:30:09,185 - INFO - Doonsec获取到 197 个2025-08-25的微信文章URL
2025-08-25 16:30:09,186 - INFO - ChainReactors md文件URL: https://raw.githubusercontent.com/chainreactors/picker/refs/heads/master/archive/daily/2025/2025-08-25.md
2025-08-25 16:30:09,309 - INFO - ChainReactors md文件下载状态码: 200
2025-08-25 16:30:09,310 - INFO - ChainReactors获取到 122 个URL
2025-08-25 16:30:09,310 - INFO - BruceFeIix md文件URL: https://raw.githubusercontent.com/BruceFeIix/picker/refs/heads/master/archive/daily/2025/2025-08-25.md
2025-08-25 16:30:09,451 - INFO - BruceFeIix md文件下载状态码: 200
2025-08-25 16:30:09,452 - INFO - BruceFeIix获取到 121 个URL
2025-08-25 16:30:09,452 - INFO - === 开始处理 2025-08-25 的数据 ===
2025-08-25 16:30:09,452 - INFO - Doonsec原始数据: 197 个
2025-08-25 16:30:09,452 - INFO - ChainReactors原始数据: 122 个
2025-08-25 16:30:09,452 - INFO - BruceFeIix原始数据: 121 个
2025-08-25 16:30:09,452 - INFO - 开始处理Doonsec数据...
2025-08-25 16:30:09,453 - INFO - 开始处理ChainReactors数据...
2025-08-25 16:30:09,453 - INFO - 开始处理BruceFeIix数据...
2025-08-25 16:30:09,453 - INFO - 去重后共 234 个URL待处理，跳过 206 个重复URL
2025-08-25 16:30:09,453 - INFO - 去重后统计 - Doonsec: 149 个, ChainReactors: 85 个, BruceFeIix: 0 个
2025-08-25 16:30:09,453 - INFO - === 开始关键词过滤 ===
2025-08-25 16:30:09,461 - INFO - 关键词过滤: 匹配 17 个，跳过 217 个
2025-08-25 16:30:09,461 - INFO - 关键词过滤后统计 - Doonsec: 17 个, ChainReactors: 0 个, BruceFeIix: 0 个
2025-08-25 16:30:09,476 - INFO - 已创建每日报告: md/2025-08-25.md
2025-08-25 16:30:09,476 - INFO - === 跳过二进制文件处理，只更新data.json ===
2025-08-25 16:30:09,509 - INFO - 已更新data.json，添加了 17 个URL
2025-08-25 16:30:09,510 - INFO - 已创建每日报告: md/2025-08-25.md
2025-08-25 16:30:09,510 - INFO - === 执行完成 ===
2025-08-25 20:25:55,585 - INFO - === 开始执行微信文章归档工具 ===
2025-08-25 20:25:55,585 - INFO - 数据文件: data.json
2025-08-25 20:25:55,585 - INFO - 可执行文件: ./bin/wechatmp2markdown-v1.1.11_linux_amd64
2025-08-25 20:25:55,586 - INFO - 文档目录: doc
2025-08-25 20:25:55,618 - INFO - 已加载 19722 条历史记录
2025-08-25 20:25:55,619 - INFO - === 开始今日拉取 ===
2025-08-25 20:25:55,619 - INFO - 开始获取Doonsec RSS
2025-08-25 20:25:55,619 - INFO - 目标日期: 2025-08-25
2025-08-25 20:25:58,495 - INFO - Doonsec RSS请求成功
2025-08-25 20:25:58,496 - INFO - RSS中共有 200 个条目
2025-08-25 20:25:58,497 - INFO - Doonsec获取到 195 个2025-08-25的微信文章URL
2025-08-25 20:25:58,498 - INFO - ChainReactors md文件URL: https://raw.githubusercontent.com/chainreactors/picker/refs/heads/master/archive/daily/2025/2025-08-25.md
2025-08-25 20:25:58,536 - INFO - ChainReactors md文件下载状态码: 200
2025-08-25 20:25:58,537 - INFO - ChainReactors获取到 122 个URL
2025-08-25 20:25:58,537 - INFO - BruceFeIix md文件URL: https://raw.githubusercontent.com/BruceFeIix/picker/refs/heads/master/archive/daily/2025/2025-08-25.md
2025-08-25 20:25:58,581 - INFO - BruceFeIix md文件下载状态码: 200
2025-08-25 20:25:58,582 - INFO - BruceFeIix获取到 121 个URL
2025-08-25 20:25:58,582 - INFO - === 开始处理 2025-08-25 的数据 ===
2025-08-25 20:25:58,582 - INFO - Doonsec原始数据: 195 个
2025-08-25 20:25:58,582 - INFO - ChainReactors原始数据: 122 个
2025-08-25 20:25:58,582 - INFO - BruceFeIix原始数据: 121 个
2025-08-25 20:25:58,582 - INFO - 开始处理Doonsec数据...
2025-08-25 20:25:58,583 - INFO - 开始处理ChainReactors数据...
2025-08-25 20:25:58,583 - INFO - 开始处理BruceFeIix数据...
2025-08-25 20:25:58,583 - INFO - 去重后共 215 个URL待处理，跳过 223 个重复URL
2025-08-25 20:25:58,583 - INFO - 去重后统计 - Doonsec: 130 个, ChainReactors: 85 个, BruceFeIix: 0 个
2025-08-25 20:25:58,583 - INFO - === 开始关键词过滤 ===
2025-08-25 20:25:58,591 - INFO - 关键词过滤: 匹配 0 个，跳过 215 个
2025-08-25 20:25:58,591 - INFO - 关键词过滤后统计 - Doonsec: 0 个, ChainReactors: 0 个, BruceFeIix: 0 个
2025-08-25 20:25:58,591 - INFO - === 跳过二进制文件处理，只更新data.json ===
2025-08-25 20:25:58,624 - INFO - 已更新data.json，添加了 0 个URL
2025-08-25 20:25:58,624 - INFO - === 执行完成 ===
2025-08-26 01:53:44,088 - INFO - === 开始执行微信文章归档工具 ===
2025-08-26 01:53:44,089 - INFO - 数据文件: data.json
2025-08-26 01:53:44,089 - INFO - 可执行文件: ./bin/wechatmp2markdown-v1.1.11_linux_amd64
2025-08-26 01:53:44,089 - INFO - 文档目录: doc
2025-08-26 01:53:44,126 - INFO - 已加载 19722 条历史记录
2025-08-26 01:53:44,126 - INFO - === 开始今日拉取 ===
2025-08-26 01:53:44,126 - INFO - 开始获取Doonsec RSS
2025-08-26 01:53:44,126 - INFO - 目标日期: 2025-08-26
2025-08-26 01:53:45,834 - INFO - Doonsec RSS请求成功
2025-08-26 01:53:45,837 - INFO - RSS中共有 200 个条目
2025-08-26 01:53:45,837 - INFO - Doonsec获取到 34 个2025-08-26的微信文章URL
2025-08-26 01:53:45,838 - INFO - ChainReactors md文件URL: https://raw.githubusercontent.com/chainreactors/picker/refs/heads/master/archive/daily/2025/2025-08-26.md
2025-08-26 01:53:45,913 - INFO - ChainReactors md文件下载状态码: 404
2025-08-26 01:53:45,913 - WARNING - ChainReactors md文件下载失败: https://raw.githubusercontent.com/chainreactors/picker/refs/heads/master/archive/daily/2025/2025-08-26.md 状态码: 404
2025-08-26 01:53:45,913 - INFO - BruceFeIix md文件URL: https://raw.githubusercontent.com/BruceFeIix/picker/refs/heads/master/archive/daily/2025/2025-08-26.md
2025-08-26 01:53:45,963 - INFO - BruceFeIix md文件下载状态码: 404
2025-08-26 01:53:45,963 - WARNING - BruceFeIix md文件下载失败: https://raw.githubusercontent.com/BruceFeIix/picker/refs/heads/master/archive/daily/2025/2025-08-26.md 状态码: 404
2025-08-26 01:53:45,964 - INFO - === 开始处理 2025-08-26 的数据 ===
2025-08-26 01:53:45,964 - INFO - Doonsec原始数据: 34 个
2025-08-26 01:53:45,964 - INFO - ChainReactors原始数据: 0 个
2025-08-26 01:53:45,964 - INFO - BruceFeIix原始数据: 0 个
2025-08-26 01:53:45,964 - INFO - 开始处理Doonsec数据...
2025-08-26 01:53:45,964 - INFO - 开始处理ChainReactors数据...
2025-08-26 01:53:45,964 - INFO - 开始处理BruceFeIix数据...
2025-08-26 01:53:45,964 - INFO - 去重后共 34 个URL待处理，跳过 0 个重复URL
2025-08-26 01:53:45,964 - INFO - 去重后统计 - Doonsec: 34 个, ChainReactors: 0 个, BruceFeIix: 0 个
2025-08-26 01:53:45,964 - INFO - === 开始关键词过滤 ===
2025-08-26 01:53:45,965 - INFO - 关键词过滤: 匹配 13 个，跳过 21 个
2025-08-26 01:53:45,966 - INFO - 关键词过滤后统计 - Doonsec: 13 个, ChainReactors: 0 个, BruceFeIix: 0 个
2025-08-26 01:53:45,989 - INFO - 已创建每日报告: md/2025-08-26.md
2025-08-26 01:53:45,990 - INFO - === 跳过二进制文件处理，只更新data.json ===
2025-08-26 01:53:46,022 - INFO - 已更新data.json，添加了 13 个URL
2025-08-26 01:53:46,023 - INFO - 已创建每日报告: md/2025-08-26.md
2025-08-26 01:53:46,023 - INFO - === 执行完成 ===
2025-08-26 04:27:53,117 - INFO - === 开始执行微信文章归档工具 ===
2025-08-26 04:27:53,118 - INFO - 数据文件: data.json
2025-08-26 04:27:53,118 - INFO - 可执行文件: ./bin/wechatmp2markdown-v1.1.11_linux_amd64
2025-08-26 04:27:53,118 - INFO - 文档目录: doc
2025-08-26 04:27:53,151 - INFO - 已加载 19735 条历史记录
2025-08-26 04:27:53,152 - INFO - === 开始今日拉取 ===
2025-08-26 04:27:53,152 - INFO - 开始获取Doonsec RSS
2025-08-26 04:27:53,152 - INFO - 目标日期: 2025-08-26
2025-08-26 04:48:09,587 - ERROR - Doonsec RSS解析失败: HTTPSConnectionPool(host='wechat.doonsec.com', port=443): Max retries exceeded with url: /rss.xml (Caused by ConnectTimeoutError(<urllib3.connection.HTTPSConnection object at 0x7fa32808c3a0>, 'Connection to wechat.doonsec.com timed out. (connect timeout=None)'))
2025-08-26 04:48:09,588 - INFO - ChainReactors md文件URL: https://raw.githubusercontent.com/chainreactors/picker/refs/heads/master/archive/daily/2025/2025-08-26.md
2025-08-26 04:48:09,662 - INFO - ChainReactors md文件下载状态码: 200
2025-08-26 04:48:09,664 - INFO - ChainReactors获取到 203 个URL
2025-08-26 04:48:09,664 - INFO - BruceFeIix md文件URL: https://raw.githubusercontent.com/BruceFeIix/picker/refs/heads/master/archive/daily/2025/2025-08-26.md
2025-08-26 04:48:09,736 - INFO - BruceFeIix md文件下载状态码: 200
2025-08-26 04:48:09,737 - INFO - BruceFeIix获取到 200 个URL
2025-08-26 04:48:09,737 - INFO - === 开始处理 2025-08-26 的数据 ===
2025-08-26 04:48:09,737 - INFO - Doonsec原始数据: 0 个
2025-08-26 04:48:09,737 - INFO - ChainReactors原始数据: 203 个
2025-08-26 04:48:09,737 - INFO - BruceFeIix原始数据: 200 个
2025-08-26 04:48:09,737 - INFO - 开始处理Doonsec数据...
2025-08-26 04:48:09,737 - INFO - 开始处理ChainReactors数据...
2025-08-26 04:48:09,738 - INFO - 开始处理BruceFeIix数据...
2025-08-26 04:48:09,738 - INFO - 去重后共 133 个URL待处理，跳过 270 个重复URL
2025-08-26 04:48:09,738 - INFO - 去重后统计 - Doonsec: 0 个, ChainReactors: 133 个, BruceFeIix: 0 个
2025-08-26 04:48:09,738 - INFO - === 开始关键词过滤 ===
2025-08-26 04:48:09,743 - INFO - 关键词过滤: 匹配 9 个，跳过 124 个
2025-08-26 04:48:09,743 - INFO - 关键词过滤后统计 - Doonsec: 0 个, ChainReactors: 9 个, BruceFeIix: 0 个
2025-08-26 04:48:09,766 - INFO - 已创建每日报告: md/2025-08-26.md
2025-08-26 04:48:09,767 - INFO - === 跳过二进制文件处理，只更新data.json ===
2025-08-26 04:48:09,799 - INFO - 已更新data.json，添加了 9 个URL
2025-08-26 04:48:09,799 - INFO - 已创建每日报告: md/2025-08-26.md
2025-08-26 04:48:09,799 - INFO - === 执行完成 ===
2025-08-26 08:32:49,689 - INFO - === 开始执行微信文章归档工具 ===
2025-08-26 08:32:49,690 - INFO - 数据文件: data.json
2025-08-26 08:32:49,690 - INFO - 可执行文件: ./bin/wechatmp2markdown-v1.1.11_linux_amd64
2025-08-26 08:32:49,690 - INFO - 文档目录: doc
2025-08-26 08:32:49,724 - INFO - 已加载 19744 条历史记录
2025-08-26 08:32:49,724 - INFO - === 开始今日拉取 ===
2025-08-26 08:32:49,724 - INFO - 开始获取Doonsec RSS
2025-08-26 08:32:49,724 - INFO - 目标日期: 2025-08-26
2025-08-26 08:32:52,457 - INFO - Doonsec RSS请求成功
2025-08-26 08:32:52,459 - INFO - RSS中共有 200 个条目
2025-08-26 08:32:52,459 - INFO - Doonsec获取到 83 个2025-08-26的微信文章URL
2025-08-26 08:32:52,460 - INFO - ChainReactors md文件URL: https://raw.githubusercontent.com/chainreactors/picker/refs/heads/master/archive/daily/2025/2025-08-26.md
2025-08-26 08:32:52,678 - INFO - ChainReactors md文件下载状态码: 200
2025-08-26 08:32:52,680 - INFO - ChainReactors获取到 203 个URL
2025-08-26 08:32:52,680 - INFO - BruceFeIix md文件URL: https://raw.githubusercontent.com/BruceFeIix/picker/refs/heads/master/archive/daily/2025/2025-08-26.md
2025-08-26 08:32:52,709 - INFO - BruceFeIix md文件下载状态码: 200
2025-08-26 08:32:52,711 - INFO - BruceFeIix获取到 200 个URL
2025-08-26 08:32:52,711 - INFO - === 开始处理 2025-08-26 的数据 ===
2025-08-26 08:32:52,711 - INFO - Doonsec原始数据: 83 个
2025-08-26 08:32:52,711 - INFO - ChainReactors原始数据: 203 个
2025-08-26 08:32:52,711 - INFO - BruceFeIix原始数据: 200 个
2025-08-26 08:32:52,711 - INFO - 开始处理Doonsec数据...
2025-08-26 08:32:52,711 - INFO - 开始处理ChainReactors数据...
2025-08-26 08:32:52,711 - INFO - 开始处理BruceFeIix数据...
2025-08-26 08:32:52,712 - INFO - 去重后共 194 个URL待处理，跳过 292 个重复URL
2025-08-26 08:32:52,712 - INFO - 去重后统计 - Doonsec: 70 个, ChainReactors: 124 个, BruceFeIix: 0 个
2025-08-26 08:32:52,712 - INFO - === 开始关键词过滤 ===
2025-08-26 08:32:52,718 - INFO - 关键词过滤: 匹配 17 个，跳过 177 个
2025-08-26 08:32:52,719 - INFO - 关键词过滤后统计 - Doonsec: 17 个, ChainReactors: 0 个, BruceFeIix: 0 个
2025-08-26 08:32:52,734 - INFO - 已创建每日报告: md/2025-08-26.md
2025-08-26 08:32:52,734 - INFO - === 跳过二进制文件处理，只更新data.json ===
2025-08-26 08:32:52,767 - INFO - 已更新data.json，添加了 17 个URL
2025-08-26 08:32:52,767 - INFO - 已创建每日报告: md/2025-08-26.md
2025-08-26 08:32:52,767 - INFO - === 执行完成 ===
2025-08-26 12:51:58,346 - INFO - === 开始执行微信文章归档工具 ===
2025-08-26 12:51:58,347 - INFO - 数据文件: data.json
2025-08-26 12:51:58,347 - INFO - 可执行文件: ./bin/wechatmp2markdown-v1.1.11_linux_amd64
2025-08-26 12:51:58,347 - INFO - 文档目录: doc
2025-08-26 12:51:58,380 - INFO - 已加载 19761 条历史记录
2025-08-26 12:51:58,380 - INFO - === 开始今日拉取 ===
2025-08-26 12:51:58,380 - INFO - 开始获取Doonsec RSS
2025-08-26 12:51:58,380 - INFO - 目标日期: 2025-08-26
2025-08-26 12:52:01,553 - INFO - Doonsec RSS请求成功
2025-08-26 12:52:01,554 - INFO - RSS中共有 200 个条目
2025-08-26 12:52:01,555 - INFO - Doonsec获取到 200 个2025-08-26的微信文章URL
2025-08-26 12:52:01,556 - INFO - ChainReactors md文件URL: https://raw.githubusercontent.com/chainreactors/picker/refs/heads/master/archive/daily/2025/2025-08-26.md
2025-08-26 12:52:01,645 - INFO - ChainReactors md文件下载状态码: 200
2025-08-26 12:52:01,647 - INFO - ChainReactors获取到 203 个URL
2025-08-26 12:52:01,647 - INFO - BruceFeIix md文件URL: https://raw.githubusercontent.com/BruceFeIix/picker/refs/heads/master/archive/daily/2025/2025-08-26.md
2025-08-26 12:52:01,740 - INFO - BruceFeIix md文件下载状态码: 200
2025-08-26 12:52:01,741 - INFO - BruceFeIix获取到 200 个URL
2025-08-26 12:52:01,741 - INFO - === 开始处理 2025-08-26 的数据 ===
2025-08-26 12:52:01,741 - INFO - Doonsec原始数据: 200 个
2025-08-26 12:52:01,741 - INFO - ChainReactors原始数据: 203 个
2025-08-26 12:52:01,741 - INFO - BruceFeIix原始数据: 200 个
2025-08-26 12:52:01,741 - INFO - 开始处理Doonsec数据...
2025-08-26 12:52:01,741 - INFO - 开始处理ChainReactors数据...
2025-08-26 12:52:01,742 - INFO - 开始处理BruceFeIix数据...
2025-08-26 12:52:01,742 - INFO - 去重后共 303 个URL待处理，跳过 300 个重复URL
2025-08-26 12:52:01,742 - INFO - 去重后统计 - Doonsec: 179 个, ChainReactors: 124 个, BruceFeIix: 0 个
2025-08-26 12:52:01,742 - INFO - === 开始关键词过滤 ===
2025-08-26 12:52:01,753 - INFO - 关键词过滤: 匹配 33 个，跳过 270 个
2025-08-26 12:52:01,753 - INFO - 关键词过滤后统计 - Doonsec: 33 个, ChainReactors: 0 个, BruceFeIix: 0 个
2025-08-26 12:52:01,758 - INFO - 已创建每日报告: md/2025-08-26.md
2025-08-26 12:52:01,759 - INFO - === 跳过二进制文件处理，只更新data.json ===
2025-08-26 12:52:01,791 - INFO - 已更新data.json，添加了 33 个URL
2025-08-26 12:52:01,792 - INFO - 已创建每日报告: md/2025-08-26.md
2025-08-26 12:52:01,792 - INFO - === 执行完成 ===
2025-08-26 16:28:35,591 - INFO - === 开始执行微信文章归档工具 ===
2025-08-26 16:28:35,592 - INFO - 数据文件: data.json
2025-08-26 16:28:35,592 - INFO - 可执行文件: ./bin/wechatmp2markdown-v1.1.11_linux_amd64
2025-08-26 16:28:35,593 - INFO - 文档目录: doc
2025-08-26 16:28:35,627 - INFO - 已加载 19794 条历史记录
2025-08-26 16:28:35,627 - INFO - === 开始今日拉取 ===
2025-08-26 16:28:35,627 - INFO - 开始获取Doonsec RSS
2025-08-26 16:28:35,627 - INFO - 目标日期: 2025-08-26
2025-08-26 16:28:38,666 - INFO - Doonsec RSS请求成功
2025-08-26 16:28:38,667 - INFO - RSS中共有 200 个条目
2025-08-26 16:28:38,668 - INFO - Doonsec获取到 192 个2025-08-26的微信文章URL
2025-08-26 16:28:38,669 - INFO - ChainReactors md文件URL: https://raw.githubusercontent.com/chainreactors/picker/refs/heads/master/archive/daily/2025/2025-08-26.md
2025-08-26 16:28:38,748 - INFO - ChainReactors md文件下载状态码: 200
2025-08-26 16:28:38,749 - INFO - ChainReactors获取到 203 个URL
2025-08-26 16:28:38,749 - INFO - BruceFeIix md文件URL: https://raw.githubusercontent.com/BruceFeIix/picker/refs/heads/master/archive/daily/2025/2025-08-26.md
2025-08-26 16:28:38,821 - INFO - BruceFeIix md文件下载状态码: 200
2025-08-26 16:28:38,822 - INFO - BruceFeIix获取到 200 个URL
2025-08-26 16:28:38,822 - INFO - === 开始处理 2025-08-26 的数据 ===
2025-08-26 16:28:38,822 - INFO - Doonsec原始数据: 192 个
2025-08-26 16:28:38,822 - INFO - ChainReactors原始数据: 203 个
2025-08-26 16:28:38,822 - INFO - BruceFeIix原始数据: 200 个
2025-08-26 16:28:38,822 - INFO - 开始处理Doonsec数据...
2025-08-26 16:28:38,823 - INFO - 开始处理ChainReactors数据...
2025-08-26 16:28:38,823 - INFO - 开始处理BruceFeIix数据...
2025-08-26 16:28:38,823 - INFO - 去重后共 278 个URL待处理，跳过 317 个重复URL
2025-08-26 16:28:38,823 - INFO - 去重后统计 - Doonsec: 154 个, ChainReactors: 124 个, BruceFeIix: 0 个
2025-08-26 16:28:38,824 - INFO - === 开始关键词过滤 ===
2025-08-26 16:28:38,833 - INFO - 关键词过滤: 匹配 10 个，跳过 268 个
2025-08-26 16:28:38,833 - INFO - 关键词过滤后统计 - Doonsec: 10 个, ChainReactors: 0 个, BruceFeIix: 0 个
2025-08-26 16:28:38,848 - INFO - 已创建每日报告: md/2025-08-26.md
2025-08-26 16:28:38,848 - INFO - === 跳过二进制文件处理，只更新data.json ===
2025-08-26 16:28:38,881 - INFO - 已更新data.json，添加了 10 个URL
2025-08-26 16:28:38,882 - INFO - 已创建每日报告: md/2025-08-26.md
2025-08-26 16:28:38,882 - INFO - === 执行完成 ===
2025-08-26 20:25:17,896 - INFO - === 开始执行微信文章归档工具 ===
2025-08-26 20:25:17,897 - INFO - 数据文件: data.json
2025-08-26 20:25:17,897 - INFO - 可执行文件: ./bin/wechatmp2markdown-v1.1.11_linux_amd64
2025-08-26 20:25:17,898 - INFO - 文档目录: doc
2025-08-26 20:25:17,933 - INFO - 已加载 19804 条历史记录
2025-08-26 20:25:17,933 - INFO - === 开始今日拉取 ===
2025-08-26 20:25:17,933 - INFO - 开始获取Doonsec RSS
2025-08-26 20:25:17,933 - INFO - 目标日期: 2025-08-26
2025-08-26 20:25:19,680 - INFO - Doonsec RSS请求成功
2025-08-26 20:25:19,683 - INFO - RSS中共有 200 个条目
2025-08-26 20:25:19,683 - INFO - Doonsec获取到 183 个2025-08-26的微信文章URL
2025-08-26 20:25:19,684 - INFO - ChainReactors md文件URL: https://raw.githubusercontent.com/chainreactors/picker/refs/heads/master/archive/daily/2025/2025-08-26.md
2025-08-26 20:25:19,735 - INFO - ChainReactors md文件下载状态码: 200
2025-08-26 20:25:19,736 - INFO - ChainReactors获取到 203 个URL
2025-08-26 20:25:19,736 - INFO - BruceFeIix md文件URL: https://raw.githubusercontent.com/BruceFeIix/picker/refs/heads/master/archive/daily/2025/2025-08-26.md
2025-08-26 20:25:19,785 - INFO - BruceFeIix md文件下载状态码: 200
2025-08-26 20:25:19,787 - INFO - BruceFeIix获取到 200 个URL
2025-08-26 20:25:19,787 - INFO - === 开始处理 2025-08-26 的数据 ===
2025-08-26 20:25:19,787 - INFO - Doonsec原始数据: 183 个
2025-08-26 20:25:19,787 - INFO - ChainReactors原始数据: 203 个
2025-08-26 20:25:19,787 - INFO - BruceFeIix原始数据: 200 个
2025-08-26 20:25:19,787 - INFO - 开始处理Doonsec数据...
2025-08-26 20:25:19,787 - INFO - 开始处理ChainReactors数据...
2025-08-26 20:25:19,788 - INFO - 开始处理BruceFeIix数据...
2025-08-26 20:25:19,788 - INFO - 去重后共 263 个URL待处理，跳过 323 个重复URL
2025-08-26 20:25:19,789 - INFO - 去重后统计 - Doonsec: 139 个, ChainReactors: 124 个, BruceFeIix: 0 个
2025-08-26 20:25:19,789 - INFO - === 开始关键词过滤 ===
2025-08-26 20:25:19,803 - INFO - 关键词过滤: 匹配 1 个，跳过 262 个
2025-08-26 20:25:19,803 - INFO - 关键词过滤后统计 - Doonsec: 1 个, ChainReactors: 0 个, BruceFeIix: 0 个
2025-08-26 20:25:19,817 - INFO - 已创建每日报告: md/2025-08-26.md
2025-08-26 20:25:19,817 - INFO - === 跳过二进制文件处理，只更新data.json ===
2025-08-26 20:25:19,850 - INFO - 已更新data.json，添加了 1 个URL
2025-08-26 20:25:19,851 - INFO - 已创建每日报告: md/2025-08-26.md
2025-08-26 20:25:19,851 - INFO - === 执行完成 ===
2025-08-27 01:50:04,115 - INFO - === 开始执行微信文章归档工具 ===
2025-08-27 01:50:04,116 - INFO - 数据文件: data.json
2025-08-27 01:50:04,116 - INFO - 可执行文件: ./bin/wechatmp2markdown-v1.1.11_linux_amd64
2025-08-27 01:50:04,116 - INFO - 文档目录: doc
2025-08-27 01:50:04,153 - INFO - 已加载 19805 条历史记录
2025-08-27 01:50:04,153 - INFO - === 开始今日拉取 ===
2025-08-27 01:50:04,153 - INFO - 开始获取Doonsec RSS
2025-08-27 01:50:04,153 - INFO - 目标日期: 2025-08-27
2025-08-27 01:50:06,395 - INFO - Doonsec RSS请求成功
2025-08-27 01:50:06,397 - INFO - RSS中共有 200 个条目
2025-08-27 01:50:06,398 - INFO - Doonsec获取到 20 个2025-08-27的微信文章URL
2025-08-27 01:50:06,399 - INFO - ChainReactors md文件URL: https://raw.githubusercontent.com/chainreactors/picker/refs/heads/master/archive/daily/2025/2025-08-27.md
2025-08-27 01:50:06,451 - INFO - ChainReactors md文件下载状态码: 404
2025-08-27 01:50:06,451 - WARNING - ChainReactors md文件下载失败: https://raw.githubusercontent.com/chainreactors/picker/refs/heads/master/archive/daily/2025/2025-08-27.md 状态码: 404
2025-08-27 01:50:06,451 - INFO - BruceFeIix md文件URL: https://raw.githubusercontent.com/BruceFeIix/picker/refs/heads/master/archive/daily/2025/2025-08-27.md
2025-08-27 01:50:06,499 - INFO - BruceFeIix md文件下载状态码: 404
2025-08-27 01:50:06,499 - WARNING - BruceFeIix md文件下载失败: https://raw.githubusercontent.com/BruceFeIix/picker/refs/heads/master/archive/daily/2025/2025-08-27.md 状态码: 404
2025-08-27 01:50:06,499 - INFO - === 开始处理 2025-08-27 的数据 ===
2025-08-27 01:50:06,499 - INFO - Doonsec原始数据: 20 个
2025-08-27 01:50:06,499 - INFO - ChainReactors原始数据: 0 个
2025-08-27 01:50:06,499 - INFO - BruceFeIix原始数据: 0 个
2025-08-27 01:50:06,499 - INFO - 开始处理Doonsec数据...
2025-08-27 01:50:06,499 - INFO - 开始处理ChainReactors数据...
2025-08-27 01:50:06,499 - INFO - 开始处理BruceFeIix数据...
2025-08-27 01:50:06,499 - INFO - 去重后共 20 个URL待处理，跳过 0 个重复URL
2025-08-27 01:50:06,500 - INFO - 去重后统计 - Doonsec: 20 个, ChainReactors: 0 个, BruceFeIix: 0 个
2025-08-27 01:50:06,500 - INFO - === 开始关键词过滤 ===
2025-08-27 01:50:06,501 - INFO - 关键词过滤: 匹配 4 个，跳过 16 个
2025-08-27 01:50:06,501 - INFO - 关键词过滤后统计 - Doonsec: 4 个, ChainReactors: 0 个, BruceFeIix: 0 个
2025-08-27 01:50:06,514 - INFO - 已创建每日报告: md/2025-08-27.md
2025-08-27 01:50:06,514 - INFO - === 跳过二进制文件处理，只更新data.json ===
2025-08-27 01:50:06,547 - INFO - 已更新data.json，添加了 4 个URL
2025-08-27 01:50:06,547 - INFO - 已创建每日报告: md/2025-08-27.md
2025-08-27 01:50:06,547 - INFO - === 执行完成 ===
2025-08-27 04:27:45,421 - INFO - === 开始执行微信文章归档工具 ===
2025-08-27 04:27:45,422 - INFO - 数据文件: data.json
2025-08-27 04:27:45,422 - INFO - 可执行文件: ./bin/wechatmp2markdown-v1.1.11_linux_amd64
2025-08-27 04:27:45,422 - INFO - 文档目录: doc
2025-08-27 04:27:45,456 - INFO - 已加载 19809 条历史记录
2025-08-27 04:27:45,456 - INFO - === 开始今日拉取 ===
2025-08-27 04:27:45,456 - INFO - 开始获取Doonsec RSS
2025-08-27 04:27:45,456 - INFO - 目标日期: 2025-08-27
2025-08-27 04:27:47,144 - INFO - Doonsec RSS请求成功
2025-08-27 04:27:47,146 - INFO - RSS中共有 200 个条目
2025-08-27 04:27:47,147 - INFO - Doonsec获取到 20 个2025-08-27的微信文章URL
2025-08-27 04:27:47,148 - INFO - ChainReactors md文件URL: https://raw.githubusercontent.com/chainreactors/picker/refs/heads/master/archive/daily/2025/2025-08-27.md
2025-08-27 04:27:47,184 - INFO - ChainReactors md文件下载状态码: 200
2025-08-27 04:27:47,186 - INFO - ChainReactors获取到 222 个URL
2025-08-27 04:27:47,186 - INFO - BruceFeIix md文件URL: https://raw.githubusercontent.com/BruceFeIix/picker/refs/heads/master/archive/daily/2025/2025-08-27.md
2025-08-27 04:27:47,223 - INFO - BruceFeIix md文件下载状态码: 200
2025-08-27 04:27:47,224 - INFO - BruceFeIix获取到 219 个URL
2025-08-27 04:27:47,224 - INFO - === 开始处理 2025-08-27 的数据 ===
2025-08-27 04:27:47,224 - INFO - Doonsec原始数据: 20 个
2025-08-27 04:27:47,224 - INFO - ChainReactors原始数据: 222 个
2025-08-27 04:27:47,224 - INFO - BruceFeIix原始数据: 219 个
2025-08-27 04:27:47,224 - INFO - 开始处理Doonsec数据...
2025-08-27 04:27:47,225 - INFO - 开始处理ChainReactors数据...
2025-08-27 04:27:47,225 - INFO - 开始处理BruceFeIix数据...
2025-08-27 04:27:47,225 - INFO - 去重后共 171 个URL待处理，跳过 290 个重复URL
2025-08-27 04:27:47,225 - INFO - 去重后统计 - Doonsec: 16 个, ChainReactors: 155 个, BruceFeIix: 0 个
2025-08-27 04:27:47,225 - INFO - === 开始关键词过滤 ===
2025-08-27 04:27:47,231 - INFO - 关键词过滤: 匹配 11 个，跳过 160 个
2025-08-27 04:27:47,231 - INFO - 关键词过滤后统计 - Doonsec: 0 个, ChainReactors: 11 个, BruceFeIix: 0 个
2025-08-27 04:27:47,250 - INFO - 已创建每日报告: md/2025-08-27.md
2025-08-27 04:27:47,250 - INFO - === 跳过二进制文件处理，只更新data.json ===
2025-08-27 04:27:47,283 - INFO - 已更新data.json，添加了 11 个URL
2025-08-27 04:27:47,284 - INFO - 已创建每日报告: md/2025-08-27.md
2025-08-27 04:27:47,284 - INFO - === 执行完成 ===
2025-08-27 08:30:35,579 - INFO - === 开始执行微信文章归档工具 ===
2025-08-27 08:30:35,580 - INFO - 数据文件: data.json
2025-08-27 08:30:35,580 - INFO - 可执行文件: ./bin/wechatmp2markdown-v1.1.11_linux_amd64
2025-08-27 08:30:35,580 - INFO - 文档目录: doc
2025-08-27 08:30:35,614 - INFO - 已加载 19820 条历史记录
2025-08-27 08:30:35,615 - INFO - === 开始今日拉取 ===
2025-08-27 08:30:35,615 - INFO - 开始获取Doonsec RSS
2025-08-27 08:30:35,615 - INFO - 目标日期: 2025-08-27
2025-08-27 08:30:37,608 - INFO - Doonsec RSS请求成功
2025-08-27 08:30:37,610 - INFO - RSS中共有 200 个条目
2025-08-27 08:30:37,611 - INFO - Doonsec获取到 149 个2025-08-27的微信文章URL
2025-08-27 08:30:37,612 - INFO - ChainReactors md文件URL: https://raw.githubusercontent.com/chainreactors/picker/refs/heads/master/archive/daily/2025/2025-08-27.md
2025-08-27 08:30:37,649 - INFO - ChainReactors md文件下载状态码: 200
2025-08-27 08:30:37,650 - INFO - ChainReactors获取到 222 个URL
2025-08-27 08:30:37,650 - INFO - BruceFeIix md文件URL: https://raw.githubusercontent.com/BruceFeIix/picker/refs/heads/master/archive/daily/2025/2025-08-27.md
2025-08-27 08:30:37,701 - INFO - BruceFeIix md文件下载状态码: 200
2025-08-27 08:30:37,702 - INFO - BruceFeIix获取到 219 个URL
2025-08-27 08:30:37,702 - INFO - === 开始处理 2025-08-27 的数据 ===
2025-08-27 08:30:37,702 - INFO - Doonsec原始数据: 149 个
2025-08-27 08:30:37,702 - INFO - ChainReactors原始数据: 222 个
2025-08-27 08:30:37,702 - INFO - BruceFeIix原始数据: 219 个
2025-08-27 08:30:37,702 - INFO - 开始处理Doonsec数据...
2025-08-27 08:30:37,702 - INFO - 开始处理ChainReactors数据...
2025-08-27 08:30:37,703 - INFO - 开始处理BruceFeIix数据...
2025-08-27 08:30:37,703 - INFO - 去重后共 289 个URL待处理，跳过 301 个重复URL
2025-08-27 08:30:37,703 - INFO - 去重后统计 - Doonsec: 145 个, ChainReactors: 144 个, BruceFeIix: 0 个
2025-08-27 08:30:37,703 - INFO - === 开始关键词过滤 ===
2025-08-27 08:30:37,713 - INFO - 关键词过滤: 匹配 37 个，跳过 252 个
2025-08-27 08:30:37,713 - INFO - 关键词过滤后统计 - Doonsec: 37 个, ChainReactors: 0 个, BruceFeIix: 0 个
2025-08-27 08:30:37,797 - INFO - 已创建每日报告: md/2025-08-27.md
2025-08-27 08:30:37,798 - INFO - === 跳过二进制文件处理，只更新data.json ===
2025-08-27 08:30:37,830 - INFO - 已更新data.json，添加了 37 个URL
2025-08-27 08:30:37,831 - INFO - 已创建每日报告: md/2025-08-27.md
2025-08-27 08:30:37,831 - INFO - === 执行完成 ===
2025-08-27 12:48:24,955 - INFO - === 开始执行微信文章归档工具 ===
2025-08-27 12:48:24,956 - INFO - 数据文件: data.json
2025-08-27 12:48:24,956 - INFO - 可执行文件: ./bin/wechatmp2markdown-v1.1.11_linux_amd64
2025-08-27 12:48:24,956 - INFO - 文档目录: doc
2025-08-27 12:48:24,991 - INFO - 已加载 19857 条历史记录
2025-08-27 12:48:24,992 - INFO - === 开始今日拉取 ===
2025-08-27 12:48:24,992 - INFO - 开始获取Doonsec RSS
2025-08-27 12:48:24,992 - INFO - 目标日期: 2025-08-27
2025-08-27 12:48:26,875 - INFO - Doonsec RSS请求成功
2025-08-27 12:48:26,877 - INFO - RSS中共有 200 个条目
2025-08-27 12:48:26,878 - INFO - Doonsec获取到 200 个2025-08-27的微信文章URL
2025-08-27 12:48:26,880 - INFO - ChainReactors md文件URL: https://raw.githubusercontent.com/chainreactors/picker/refs/heads/master/archive/daily/2025/2025-08-27.md
2025-08-27 12:48:27,054 - INFO - ChainReactors md文件下载状态码: 200
2025-08-27 12:48:27,055 - INFO - ChainReactors获取到 222 个URL
2025-08-27 12:48:27,055 - INFO - BruceFeIix md文件URL: https://raw.githubusercontent.com/BruceFeIix/picker/refs/heads/master/archive/daily/2025/2025-08-27.md
2025-08-27 12:48:27,204 - INFO - BruceFeIix md文件下载状态码: 200
2025-08-27 12:48:27,205 - INFO - BruceFeIix获取到 219 个URL
2025-08-27 12:48:27,205 - INFO - === 开始处理 2025-08-27 的数据 ===
2025-08-27 12:48:27,205 - INFO - Doonsec原始数据: 200 个
2025-08-27 12:48:27,205 - INFO - ChainReactors原始数据: 222 个
2025-08-27 12:48:27,205 - INFO - BruceFeIix原始数据: 219 个
2025-08-27 12:48:27,205 - INFO - 开始处理Doonsec数据...
2025-08-27 12:48:27,205 - INFO - 开始处理ChainReactors数据...
2025-08-27 12:48:27,206 - INFO - 开始处理BruceFeIix数据...
2025-08-27 12:48:27,206 - INFO - 去重后共 310 个URL待处理，跳过 331 个重复URL
2025-08-27 12:48:27,206 - INFO - 去重后统计 - Doonsec: 166 个, ChainReactors: 144 个, BruceFeIix: 0 个
2025-08-27 12:48:27,206 - INFO - === 开始关键词过滤 ===
2025-08-27 12:48:27,217 - INFO - 关键词过滤: 匹配 24 个，跳过 286 个
2025-08-27 12:48:27,217 - INFO - 关键词过滤后统计 - Doonsec: 24 个, ChainReactors: 0 个, BruceFeIix: 0 个
2025-08-27 12:48:27,229 - INFO - 已创建每日报告: md/2025-08-27.md
2025-08-27 12:48:27,229 - INFO - === 跳过二进制文件处理，只更新data.json ===
2025-08-27 12:48:27,263 - INFO - 已更新data.json，添加了 24 个URL
2025-08-27 12:48:27,263 - INFO - 已创建每日报告: md/2025-08-27.md
2025-08-27 12:48:27,264 - INFO - === 执行完成 ===
2025-08-27 16:29:37,648 - INFO - === 开始执行微信文章归档工具 ===
2025-08-27 16:29:37,648 - INFO - 数据文件: data.json
2025-08-27 16:29:37,649 - INFO - 可执行文件: ./bin/wechatmp2markdown-v1.1.11_linux_amd64
2025-08-27 16:29:37,649 - INFO - 文档目录: doc
2025-08-27 16:29:37,684 - INFO - 已加载 19881 条历史记录
2025-08-27 16:29:37,684 - INFO - === 开始今日拉取 ===
2025-08-27 16:29:37,684 - INFO - 开始获取Doonsec RSS
2025-08-27 16:29:37,684 - INFO - 目标日期: 2025-08-27
2025-08-27 16:29:40,877 - INFO - Doonsec RSS请求成功
2025-08-27 16:29:40,879 - INFO - RSS中共有 200 个条目
2025-08-27 16:29:40,880 - INFO - Doonsec获取到 198 个2025-08-27的微信文章URL
2025-08-27 16:29:40,881 - INFO - ChainReactors md文件URL: https://raw.githubusercontent.com/chainreactors/picker/refs/heads/master/archive/daily/2025/2025-08-27.md
2025-08-27 16:29:40,946 - INFO - ChainReactors md文件下载状态码: 200
2025-08-27 16:29:40,948 - INFO - ChainReactors获取到 222 个URL
2025-08-27 16:29:40,948 - INFO - BruceFeIix md文件URL: https://raw.githubusercontent.com/BruceFeIix/picker/refs/heads/master/archive/daily/2025/2025-08-27.md
2025-08-27 16:29:40,996 - INFO - BruceFeIix md文件下载状态码: 200
2025-08-27 16:29:40,997 - INFO - BruceFeIix获取到 219 个URL
2025-08-27 16:29:40,997 - INFO - === 开始处理 2025-08-27 的数据 ===
2025-08-27 16:29:40,997 - INFO - Doonsec原始数据: 198 个
2025-08-27 16:29:40,997 - INFO - ChainReactors原始数据: 222 个
2025-08-27 16:29:40,997 - INFO - BruceFeIix原始数据: 219 个
2025-08-27 16:29:40,997 - INFO - 开始处理Doonsec数据...
2025-08-27 16:29:40,998 - INFO - 开始处理ChainReactors数据...
2025-08-27 16:29:40,998 - INFO - 开始处理BruceFeIix数据...
2025-08-27 16:29:40,998 - INFO - 去重后共 299 个URL待处理，跳过 340 个重复URL
2025-08-27 16:29:40,998 - INFO - 去重后统计 - Doonsec: 155 个, ChainReactors: 144 个, BruceFeIix: 0 个
2025-08-27 16:29:40,999 - INFO - === 开始关键词过滤 ===
2025-08-27 16:29:41,009 - INFO - 关键词过滤: 匹配 14 个，跳过 285 个
2025-08-27 16:29:41,009 - INFO - 关键词过滤后统计 - Doonsec: 14 个, ChainReactors: 0 个, BruceFeIix: 0 个
2025-08-27 16:29:41,036 - INFO - 已创建每日报告: md/2025-08-27.md
2025-08-27 16:29:41,036 - INFO - === 跳过二进制文件处理，只更新data.json ===
2025-08-27 16:29:41,069 - INFO - 已更新data.json，添加了 14 个URL
2025-08-27 16:29:41,070 - INFO - 已创建每日报告: md/2025-08-27.md
2025-08-27 16:29:41,070 - INFO - === 执行完成 ===
2025-08-27 20:25:20,383 - INFO - === 开始执行微信文章归档工具 ===
2025-08-27 20:25:20,384 - INFO - 数据文件: data.json
2025-08-27 20:25:20,384 - INFO - 可执行文件: ./bin/wechatmp2markdown-v1.1.11_linux_amd64
2025-08-27 20:25:20,384 - INFO - 文档目录: doc
2025-08-27 20:25:20,419 - INFO - 已加载 19895 条历史记录
2025-08-27 20:25:20,419 - INFO - === 开始今日拉取 ===
2025-08-27 20:25:20,419 - INFO - 开始获取Doonsec RSS
2025-08-27 20:25:20,419 - INFO - 目标日期: 2025-08-27
2025-08-27 20:25:22,973 - INFO - Doonsec RSS请求成功
2025-08-27 20:25:22,974 - INFO - RSS中共有 200 个条目
2025-08-27 20:25:22,975 - INFO - Doonsec获取到 191 个2025-08-27的微信文章URL
2025-08-27 20:25:22,976 - INFO - ChainReactors md文件URL: https://raw.githubusercontent.com/chainreactors/picker/refs/heads/master/archive/daily/2025/2025-08-27.md
2025-08-27 20:25:23,018 - INFO - ChainReactors md文件下载状态码: 200
2025-08-27 20:25:23,019 - INFO - ChainReactors获取到 222 个URL
2025-08-27 20:25:23,019 - INFO - BruceFeIix md文件URL: https://raw.githubusercontent.com/BruceFeIix/picker/refs/heads/master/archive/daily/2025/2025-08-27.md
2025-08-27 20:25:23,056 - INFO - BruceFeIix md文件下载状态码: 200
2025-08-27 20:25:23,057 - INFO - BruceFeIix获取到 219 个URL
2025-08-27 20:25:23,057 - INFO - === 开始处理 2025-08-27 的数据 ===
2025-08-27 20:25:23,057 - INFO - Doonsec原始数据: 191 个
2025-08-27 20:25:23,057 - INFO - ChainReactors原始数据: 222 个
2025-08-27 20:25:23,057 - INFO - BruceFeIix原始数据: 219 个
2025-08-27 20:25:23,058 - INFO - 开始处理Doonsec数据...
2025-08-27 20:25:23,058 - INFO - 开始处理ChainReactors数据...
2025-08-27 20:25:23,058 - INFO - 开始处理BruceFeIix数据...
2025-08-27 20:25:23,059 - INFO - 去重后共 281 个URL待处理，跳过 351 个重复URL
2025-08-27 20:25:23,059 - INFO - 去重后统计 - Doonsec: 137 个, ChainReactors: 144 个, BruceFeIix: 0 个
2025-08-27 20:25:23,059 - INFO - === 开始关键词过滤 ===
2025-08-27 20:25:23,069 - INFO - 关键词过滤: 匹配 0 个，跳过 281 个
2025-08-27 20:25:23,069 - INFO - 关键词过滤后统计 - Doonsec: 0 个, ChainReactors: 0 个, BruceFeIix: 0 个
2025-08-27 20:25:23,069 - INFO - === 跳过二进制文件处理，只更新data.json ===
2025-08-27 20:25:23,102 - INFO - 已更新data.json，添加了 0 个URL
2025-08-27 20:25:23,102 - INFO - === 执行完成 ===
2025-08-28 01:49:18,211 - INFO - === 开始执行微信文章归档工具 ===
2025-08-28 01:49:18,212 - INFO - 数据文件: data.json
2025-08-28 01:49:18,212 - INFO - 可执行文件: ./bin/wechatmp2markdown-v1.1.11_linux_amd64
2025-08-28 01:49:18,212 - INFO - 文档目录: doc
2025-08-28 01:49:18,245 - INFO - 已加载 19895 条历史记录
2025-08-28 01:49:18,245 - INFO - === 开始今日拉取 ===
2025-08-28 01:49:18,245 - INFO - 开始获取Doonsec RSS
2025-08-28 01:49:18,245 - INFO - 目标日期: 2025-08-28
2025-08-28 01:49:23,700 - INFO - Doonsec RSS请求成功
2025-08-28 01:49:23,701 - INFO - RSS中共有 200 个条目
2025-08-28 01:49:23,702 - INFO - Doonsec获取到 9 个2025-08-28的微信文章URL
2025-08-28 01:49:23,703 - INFO - ChainReactors md文件URL: https://raw.githubusercontent.com/chainreactors/picker/refs/heads/master/archive/daily/2025/2025-08-28.md
2025-08-28 01:49:23,805 - INFO - ChainReactors md文件下载状态码: 404
2025-08-28 01:49:23,805 - WARNING - ChainReactors md文件下载失败: https://raw.githubusercontent.com/chainreactors/picker/refs/heads/master/archive/daily/2025/2025-08-28.md 状态码: 404
2025-08-28 01:49:23,805 - INFO - BruceFeIix md文件URL: https://raw.githubusercontent.com/BruceFeIix/picker/refs/heads/master/archive/daily/2025/2025-08-28.md
2025-08-28 01:49:23,874 - INFO - BruceFeIix md文件下载状态码: 404
2025-08-28 01:49:23,874 - WARNING - BruceFeIix md文件下载失败: https://raw.githubusercontent.com/BruceFeIix/picker/refs/heads/master/archive/daily/2025/2025-08-28.md 状态码: 404
2025-08-28 01:49:23,874 - INFO - === 开始处理 2025-08-28 的数据 ===
2025-08-28 01:49:23,874 - INFO - Doonsec原始数据: 9 个
2025-08-28 01:49:23,874 - INFO - ChainReactors原始数据: 0 个
2025-08-28 01:49:23,875 - INFO - BruceFeIix原始数据: 0 个
2025-08-28 01:49:23,875 - INFO - 开始处理Doonsec数据...
2025-08-28 01:49:23,875 - INFO - 开始处理ChainReactors数据...
2025-08-28 01:49:23,875 - INFO - 开始处理BruceFeIix数据...
2025-08-28 01:49:23,875 - INFO - 去重后共 9 个URL待处理，跳过 0 个重复URL
2025-08-28 01:49:23,875 - INFO - 去重后统计 - Doonsec: 9 个, ChainReactors: 0 个, BruceFeIix: 0 个
2025-08-28 01:49:23,875 - INFO - === 开始关键词过滤 ===
2025-08-28 01:49:23,875 - INFO - 关键词过滤: 匹配 3 个，跳过 6 个
2025-08-28 01:49:23,876 - INFO - 关键词过滤后统计 - Doonsec: 3 个, ChainReactors: 0 个, BruceFeIix: 0 个
2025-08-28 01:49:23,891 - INFO - 已创建每日报告: md/2025-08-28.md
2025-08-28 01:49:23,891 - INFO - === 跳过二进制文件处理，只更新data.json ===
2025-08-28 01:49:23,924 - INFO - 已更新data.json，添加了 3 个URL
2025-08-28 01:49:23,925 - INFO - 已创建每日报告: md/2025-08-28.md
2025-08-28 01:49:23,925 - INFO - === 执行完成 ===
2025-08-28 04:27:16,664 - INFO - === 开始执行微信文章归档工具 ===
2025-08-28 04:27:16,664 - INFO - 数据文件: data.json
2025-08-28 04:27:16,665 - INFO - 可执行文件: ./bin/wechatmp2markdown-v1.1.11_linux_amd64
2025-08-28 04:27:16,665 - INFO - 文档目录: doc
2025-08-28 04:27:16,704 - INFO - 已加载 19898 条历史记录
2025-08-28 04:27:16,704 - INFO - === 开始今日拉取 ===
2025-08-28 04:27:16,704 - INFO - 开始获取Doonsec RSS
2025-08-28 04:27:16,704 - INFO - 目标日期: 2025-08-28
2025-08-28 04:27:20,996 - INFO - Doonsec RSS请求成功
2025-08-28 04:27:20,997 - INFO - RSS中共有 200 个条目
2025-08-28 04:27:20,998 - INFO - Doonsec获取到 9 个2025-08-28的微信文章URL
2025-08-28 04:27:21,000 - INFO - ChainReactors md文件URL: https://raw.githubusercontent.com/chainreactors/picker/refs/heads/master/archive/daily/2025/2025-08-28.md
2025-08-28 04:27:21,042 - INFO - ChainReactors md文件下载状态码: 200
2025-08-28 04:27:21,044 - INFO - ChainReactors获取到 227 个URL
2025-08-28 04:27:21,044 - INFO - BruceFeIix md文件URL: https://raw.githubusercontent.com/BruceFeIix/picker/refs/heads/master/archive/daily/2025/2025-08-28.md
2025-08-28 04:27:21,081 - INFO - BruceFeIix md文件下载状态码: 200
2025-08-28 04:27:21,083 - INFO - BruceFeIix获取到 226 个URL
2025-08-28 04:27:21,083 - INFO - === 开始处理 2025-08-28 的数据 ===
2025-08-28 04:27:21,083 - INFO - Doonsec原始数据: 9 个
2025-08-28 04:27:21,083 - INFO - ChainReactors原始数据: 227 个
2025-08-28 04:27:21,084 - INFO - BruceFeIix原始数据: 226 个
2025-08-28 04:27:21,084 - INFO - 开始处理Doonsec数据...
2025-08-28 04:27:21,084 - INFO - 开始处理ChainReactors数据...
2025-08-28 04:27:21,084 - INFO - 开始处理BruceFeIix数据...
2025-08-28 04:27:21,085 - INFO - 去重后共 160 个URL待处理，跳过 302 个重复URL
2025-08-28 04:27:21,085 - INFO - 去重后统计 - Doonsec: 6 个, ChainReactors: 154 个, BruceFeIix: 0 个
2025-08-28 04:27:21,085 - INFO - === 开始关键词过滤 ===
2025-08-28 04:27:21,091 - INFO - 关键词过滤: 匹配 7 个，跳过 153 个
2025-08-28 04:27:21,091 - INFO - 关键词过滤后统计 - Doonsec: 0 个, ChainReactors: 7 个, BruceFeIix: 0 个
2025-08-28 04:27:21,135 - INFO - 已创建每日报告: md/2025-08-28.md
2025-08-28 04:27:21,136 - INFO - === 跳过二进制文件处理，只更新data.json ===
2025-08-28 04:27:21,176 - INFO - 已更新data.json，添加了 7 个URL
2025-08-28 04:27:21,177 - INFO - 已创建每日报告: md/2025-08-28.md
2025-08-28 04:27:21,177 - INFO - === 执行完成 ===
2025-08-28 08:30:44,883 - INFO - === 开始执行微信文章归档工具 ===
2025-08-28 08:30:44,884 - INFO - 数据文件: data.json
2025-08-28 08:30:44,884 - INFO - 可执行文件: ./bin/wechatmp2markdown-v1.1.11_linux_amd64
2025-08-28 08:30:44,884 - INFO - 文档目录: doc
2025-08-28 08:30:44,917 - INFO - 已加载 19905 条历史记录
2025-08-28 08:30:44,917 - INFO - === 开始今日拉取 ===
2025-08-28 08:30:44,918 - INFO - 开始获取Doonsec RSS
2025-08-28 08:30:44,918 - INFO - 目标日期: 2025-08-28
2025-08-28 08:30:47,532 - INFO - Doonsec RSS请求成功
2025-08-28 08:30:47,534 - INFO - RSS中共有 200 个条目
2025-08-28 08:30:47,534 - INFO - Doonsec获取到 84 个2025-08-28的微信文章URL
2025-08-28 08:30:47,535 - INFO - ChainReactors md文件URL: https://raw.githubusercontent.com/chainreactors/picker/refs/heads/master/archive/daily/2025/2025-08-28.md
2025-08-28 08:30:47,570 - INFO - ChainReactors md文件下载状态码: 200
2025-08-28 08:30:47,571 - INFO - ChainReactors获取到 227 个URL
2025-08-28 08:30:47,571 - INFO - BruceFeIix md文件URL: https://raw.githubusercontent.com/BruceFeIix/picker/refs/heads/master/archive/daily/2025/2025-08-28.md
2025-08-28 08:30:47,604 - INFO - BruceFeIix md文件下载状态码: 200
2025-08-28 08:30:47,605 - INFO - BruceFeIix获取到 226 个URL
2025-08-28 08:30:47,605 - INFO - === 开始处理 2025-08-28 的数据 ===
2025-08-28 08:30:47,606 - INFO - Doonsec原始数据: 84 个
2025-08-28 08:30:47,606 - INFO - ChainReactors原始数据: 227 个
2025-08-28 08:30:47,606 - INFO - BruceFeIix原始数据: 226 个
2025-08-28 08:30:47,606 - INFO - 开始处理Doonsec数据...
2025-08-28 08:30:47,606 - INFO - 开始处理ChainReactors数据...
2025-08-28 08:30:47,606 - INFO - 开始处理BruceFeIix数据...
2025-08-28 08:30:47,607 - INFO - 去重后共 227 个URL待处理，跳过 310 个重复URL
2025-08-28 08:30:47,607 - INFO - 去重后统计 - Doonsec: 81 个, ChainReactors: 146 个, BruceFeIix: 0 个
2025-08-28 08:30:47,607 - INFO - === 开始关键词过滤 ===
2025-08-28 08:30:47,615 - INFO - 关键词过滤: 匹配 23 个，跳过 204 个
2025-08-28 08:30:47,615 - INFO - 关键词过滤后统计 - Doonsec: 23 个, ChainReactors: 0 个, BruceFeIix: 0 个
2025-08-28 08:30:47,631 - INFO - 已创建每日报告: md/2025-08-28.md
2025-08-28 08:30:47,631 - INFO - === 跳过二进制文件处理，只更新data.json ===
2025-08-28 08:30:47,664 - INFO - 已更新data.json，添加了 23 个URL
2025-08-28 08:30:47,665 - INFO - 已创建每日报告: md/2025-08-28.md
2025-08-28 08:30:47,665 - INFO - === 执行完成 ===
2025-08-28 12:48:15,653 - INFO - === 开始执行微信文章归档工具 ===
2025-08-28 12:48:15,654 - INFO - 数据文件: data.json
2025-08-28 12:48:15,654 - INFO - 可执行文件: ./bin/wechatmp2markdown-v1.1.11_linux_amd64
2025-08-28 12:48:15,654 - INFO - 文档目录: doc
2025-08-28 12:48:15,687 - INFO - 已加载 19928 条历史记录
2025-08-28 12:48:15,687 - INFO - === 开始今日拉取 ===
2025-08-28 12:48:15,688 - INFO - 开始获取Doonsec RSS
2025-08-28 12:48:15,688 - INFO - 目标日期: 2025-08-28
2025-08-28 12:48:17,497 - INFO - Doonsec RSS请求成功
2025-08-28 12:48:17,500 - INFO - RSS中共有 200 个条目
2025-08-28 12:48:17,501 - INFO - Doonsec获取到 200 个2025-08-28的微信文章URL
2025-08-28 12:48:17,503 - INFO - ChainReactors md文件URL: https://raw.githubusercontent.com/chainreactors/picker/refs/heads/master/archive/daily/2025/2025-08-28.md
2025-08-28 12:48:17,581 - INFO - ChainReactors md文件下载状态码: 200
2025-08-28 12:48:17,583 - INFO - ChainReactors获取到 227 个URL
2025-08-28 12:48:17,583 - INFO - BruceFeIix md文件URL: https://raw.githubusercontent.com/BruceFeIix/picker/refs/heads/master/archive/daily/2025/2025-08-28.md
2025-08-28 12:48:17,617 - INFO - BruceFeIix md文件下载状态码: 200
2025-08-28 12:48:17,618 - INFO - BruceFeIix获取到 226 个URL
2025-08-28 12:48:17,618 - INFO - === 开始处理 2025-08-28 的数据 ===
2025-08-28 12:48:17,618 - INFO - Doonsec原始数据: 200 个
2025-08-28 12:48:17,618 - INFO - ChainReactors原始数据: 227 个
2025-08-28 12:48:17,618 - INFO - BruceFeIix原始数据: 226 个
2025-08-28 12:48:17,618 - INFO - 开始处理Doonsec数据...
2025-08-28 12:48:17,619 - INFO - 开始处理ChainReactors数据...
2025-08-28 12:48:17,619 - INFO - 开始处理BruceFeIix数据...
2025-08-28 12:48:17,619 - INFO - 去重后共 328 个URL待处理，跳过 325 个重复URL
2025-08-28 12:48:17,619 - INFO - 去重后统计 - Doonsec: 181 个, ChainReactors: 147 个, BruceFeIix: 0 个
2025-08-28 12:48:17,619 - INFO - === 开始关键词过滤 ===
2025-08-28 12:48:17,630 - INFO - 关键词过滤: 匹配 34 个，跳过 294 个
2025-08-28 12:48:17,631 - INFO - 关键词过滤后统计 - Doonsec: 34 个, ChainReactors: 0 个, BruceFeIix: 0 个
2025-08-28 12:48:17,644 - INFO - 已创建每日报告: md/2025-08-28.md
2025-08-28 12:48:17,644 - INFO - === 跳过二进制文件处理，只更新data.json ===
2025-08-28 12:48:17,677 - INFO - 已更新data.json，添加了 34 个URL
2025-08-28 12:48:17,678 - INFO - 已创建每日报告: md/2025-08-28.md
2025-08-28 12:48:17,678 - INFO - === 执行完成 ===
2025-08-28 16:29:23,148 - INFO - === 开始执行微信文章归档工具 ===
2025-08-28 16:29:23,149 - INFO - 数据文件: data.json
2025-08-28 16:29:23,149 - INFO - 可执行文件: ./bin/wechatmp2markdown-v1.1.11_linux_amd64
2025-08-28 16:29:23,149 - INFO - 文档目录: doc
2025-08-28 16:29:23,182 - INFO - 已加载 19962 条历史记录
2025-08-28 16:29:23,182 - INFO - === 开始今日拉取 ===
2025-08-28 16:29:23,182 - INFO - 开始获取Doonsec RSS
2025-08-28 16:29:23,182 - INFO - 目标日期: 2025-08-28
2025-08-28 16:29:25,146 - INFO - Doonsec RSS请求成功
2025-08-28 16:29:25,149 - INFO - RSS中共有 200 个条目
2025-08-28 16:29:25,150 - INFO - Doonsec获取到 195 个2025-08-28的微信文章URL
2025-08-28 16:29:25,151 - INFO - ChainReactors md文件URL: https://raw.githubusercontent.com/chainreactors/picker/refs/heads/master/archive/daily/2025/2025-08-28.md
2025-08-28 16:29:25,215 - INFO - ChainReactors md文件下载状态码: 200
2025-08-28 16:29:25,217 - INFO - ChainReactors获取到 227 个URL
2025-08-28 16:29:25,217 - INFO - BruceFeIix md文件URL: https://raw.githubusercontent.com/BruceFeIix/picker/refs/heads/master/archive/daily/2025/2025-08-28.md
2025-08-28 16:29:25,260 - INFO - BruceFeIix md文件下载状态码: 200
2025-08-28 16:29:25,262 - INFO - BruceFeIix获取到 226 个URL
2025-08-28 16:29:25,262 - INFO - === 开始处理 2025-08-28 的数据 ===
2025-08-28 16:29:25,262 - INFO - Doonsec原始数据: 195 个
2025-08-28 16:29:25,262 - INFO - ChainReactors原始数据: 227 个
2025-08-28 16:29:25,262 - INFO - BruceFeIix原始数据: 226 个
2025-08-28 16:29:25,262 - INFO - 开始处理Doonsec数据...
2025-08-28 16:29:25,263 - INFO - 开始处理ChainReactors数据...
2025-08-28 16:29:25,263 - INFO - 开始处理BruceFeIix数据...
2025-08-28 16:29:25,263 - INFO - 去重后共 298 个URL待处理，跳过 350 个重复URL
2025-08-28 16:29:25,264 - INFO - 去重后统计 - Doonsec: 151 个, ChainReactors: 147 个, BruceFeIix: 0 个
2025-08-28 16:29:25,264 - INFO - === 开始关键词过滤 ===
2025-08-28 16:29:25,275 - INFO - 关键词过滤: 匹配 8 个，跳过 290 个
2025-08-28 16:29:25,275 - INFO - 关键词过滤后统计 - Doonsec: 8 个, ChainReactors: 0 个, BruceFeIix: 0 个
2025-08-28 16:29:25,288 - INFO - 已创建每日报告: md/2025-08-28.md
2025-08-28 16:29:25,288 - INFO - === 跳过二进制文件处理，只更新data.json ===
2025-08-28 16:29:25,321 - INFO - 已更新data.json，添加了 8 个URL
2025-08-28 16:29:25,322 - INFO - 已创建每日报告: md/2025-08-28.md
2025-08-28 16:29:25,322 - INFO - === 执行完成 ===
2025-08-28 20:24:59,403 - INFO - === 开始执行微信文章归档工具 ===
2025-08-28 20:24:59,404 - INFO - 数据文件: data.json
2025-08-28 20:24:59,404 - INFO - 可执行文件: ./bin/wechatmp2markdown-v1.1.11_linux_amd64
2025-08-28 20:24:59,404 - INFO - 文档目录: doc
2025-08-28 20:24:59,438 - INFO - 已加载 19970 条历史记录
2025-08-28 20:24:59,438 - INFO - === 开始今日拉取 ===
2025-08-28 20:24:59,438 - INFO - 开始获取Doonsec RSS
2025-08-28 20:24:59,438 - INFO - 目标日期: 2025-08-28
2025-08-28 20:25:01,803 - INFO - Doonsec RSS请求成功
2025-08-28 20:25:01,805 - INFO - RSS中共有 200 个条目
2025-08-28 20:25:01,806 - INFO - Doonsec获取到 184 个2025-08-28的微信文章URL
2025-08-28 20:25:01,807 - INFO - ChainReactors md文件URL: https://raw.githubusercontent.com/chainreactors/picker/refs/heads/master/archive/daily/2025/2025-08-28.md
2025-08-28 20:25:01,857 - INFO - ChainReactors md文件下载状态码: 200
2025-08-28 20:25:01,858 - INFO - ChainReactors获取到 227 个URL
2025-08-28 20:25:01,858 - INFO - BruceFeIix md文件URL: https://raw.githubusercontent.com/BruceFeIix/picker/refs/heads/master/archive/daily/2025/2025-08-28.md
2025-08-28 20:25:01,907 - INFO - BruceFeIix md文件下载状态码: 200
2025-08-28 20:25:01,908 - INFO - BruceFeIix获取到 226 个URL
2025-08-28 20:25:01,908 - INFO - === 开始处理 2025-08-28 的数据 ===
2025-08-28 20:25:01,909 - INFO - Doonsec原始数据: 184 个
2025-08-28 20:25:01,909 - INFO - ChainReactors原始数据: 227 个
2025-08-28 20:25:01,909 - INFO - BruceFeIix原始数据: 226 个
2025-08-28 20:25:01,909 - INFO - 开始处理Doonsec数据...
2025-08-28 20:25:01,909 - INFO - 开始处理ChainReactors数据...
2025-08-28 20:25:01,909 - INFO - 开始处理BruceFeIix数据...
2025-08-28 20:25:01,910 - INFO - 去重后共 285 个URL待处理，跳过 352 个重复URL
2025-08-28 20:25:01,910 - INFO - 去重后统计 - Doonsec: 138 个, ChainReactors: 147 个, BruceFeIix: 0 个
2025-08-28 20:25:01,910 - INFO - === 开始关键词过滤 ===
2025-08-28 20:25:01,920 - INFO - 关键词过滤: 匹配 2 个，跳过 283 个
2025-08-28 20:25:01,920 - INFO - 关键词过滤后统计 - Doonsec: 2 个, ChainReactors: 0 个, BruceFeIix: 0 个
2025-08-28 20:25:01,953 - INFO - 已创建每日报告: md/2025-08-28.md
2025-08-28 20:25:01,953 - INFO - === 跳过二进制文件处理，只更新data.json ===
2025-08-28 20:25:01,987 - INFO - 已更新data.json，添加了 2 个URL
2025-08-28 20:25:01,987 - INFO - 已创建每日报告: md/2025-08-28.md
2025-08-28 20:25:01,987 - INFO - === 执行完成 ===
2025-08-29 01:49:17,107 - INFO - === 开始执行微信文章归档工具 ===
2025-08-29 01:49:17,108 - INFO - 数据文件: data.json
2025-08-29 01:49:17,108 - INFO - 可执行文件: ./bin/wechatmp2markdown-v1.1.11_linux_amd64
2025-08-29 01:49:17,108 - INFO - 文档目录: doc
2025-08-29 01:49:17,142 - INFO - 已加载 19972 条历史记录
2025-08-29 01:49:17,142 - INFO - === 开始今日拉取 ===
2025-08-29 01:49:17,142 - INFO - 开始获取Doonsec RSS
2025-08-29 01:49:17,142 - INFO - 目标日期: 2025-08-29
2025-08-29 01:49:19,008 - INFO - Doonsec RSS请求成功
2025-08-29 01:49:19,010 - INFO - RSS中共有 200 个条目
2025-08-29 01:49:19,011 - INFO - Doonsec获取到 54 个2025-08-29的微信文章URL
2025-08-29 01:49:19,012 - INFO - ChainReactors md文件URL: https://raw.githubusercontent.com/chainreactors/picker/refs/heads/master/archive/daily/2025/2025-08-29.md
2025-08-29 01:49:19,081 - INFO - ChainReactors md文件下载状态码: 404
2025-08-29 01:49:19,081 - WARNING - ChainReactors md文件下载失败: https://raw.githubusercontent.com/chainreactors/picker/refs/heads/master/archive/daily/2025/2025-08-29.md 状态码: 404
2025-08-29 01:49:19,081 - INFO - BruceFeIix md文件URL: https://raw.githubusercontent.com/BruceFeIix/picker/refs/heads/master/archive/daily/2025/2025-08-29.md
2025-08-29 01:49:19,114 - INFO - BruceFeIix md文件下载状态码: 404
2025-08-29 01:49:19,114 - WARNING - BruceFeIix md文件下载失败: https://raw.githubusercontent.com/BruceFeIix/picker/refs/heads/master/archive/daily/2025/2025-08-29.md 状态码: 404
2025-08-29 01:49:19,114 - INFO - === 开始处理 2025-08-29 的数据 ===
2025-08-29 01:49:19,114 - INFO - Doonsec原始数据: 54 个
2025-08-29 01:49:19,114 - INFO - ChainReactors原始数据: 0 个
2025-08-29 01:49:19,114 - INFO - BruceFeIix原始数据: 0 个
2025-08-29 01:49:19,114 - INFO - 开始处理Doonsec数据...
2025-08-29 01:49:19,115 - INFO - 开始处理ChainReactors数据...
2025-08-29 01:49:19,115 - INFO - 开始处理BruceFeIix数据...
2025-08-29 01:49:19,115 - INFO - 去重后共 54 个URL待处理，跳过 0 个重复URL
2025-08-29 01:49:19,115 - INFO - 去重后统计 - Doonsec: 54 个, ChainReactors: 0 个, BruceFeIix: 0 个
2025-08-29 01:49:19,115 - INFO - === 开始关键词过滤 ===
2025-08-29 01:49:19,118 - INFO - 关键词过滤: 匹配 20 个，跳过 34 个
2025-08-29 01:49:19,118 - INFO - 关键词过滤后统计 - Doonsec: 20 个, ChainReactors: 0 个, BruceFeIix: 0 个
2025-08-29 01:49:19,134 - INFO - 已创建每日报告: md/2025-08-29.md
2025-08-29 01:49:19,134 - INFO - === 跳过二进制文件处理，只更新data.json ===
2025-08-29 01:49:19,166 - INFO - 已更新data.json，添加了 20 个URL
2025-08-29 01:49:19,167 - INFO - 已创建每日报告: md/2025-08-29.md
2025-08-29 01:49:19,167 - INFO - === 执行完成 ===
2025-08-29 04:27:33,259 - INFO - === 开始执行微信文章归档工具 ===
2025-08-29 04:27:33,260 - INFO - 数据文件: data.json
2025-08-29 04:27:33,260 - INFO - 可执行文件: ./bin/wechatmp2markdown-v1.1.11_linux_amd64
2025-08-29 04:27:33,260 - INFO - 文档目录: doc
2025-08-29 04:27:33,294 - INFO - 已加载 19992 条历史记录
2025-08-29 04:27:33,294 - INFO - === 开始今日拉取 ===
2025-08-29 04:27:33,294 - INFO - 开始获取Doonsec RSS
2025-08-29 04:27:33,294 - INFO - 目标日期: 2025-08-29
2025-08-29 04:27:40,746 - INFO - Doonsec RSS请求成功
2025-08-29 04:27:40,748 - INFO - RSS中共有 200 个条目
2025-08-29 04:27:40,748 - INFO - Doonsec获取到 101 个2025-08-29的微信文章URL
2025-08-29 04:27:40,749 - INFO - ChainReactors md文件URL: https://raw.githubusercontent.com/chainreactors/picker/refs/heads/master/archive/daily/2025/2025-08-29.md
2025-08-29 04:27:40,797 - INFO - ChainReactors md文件下载状态码: 200
2025-08-29 04:27:40,798 - INFO - ChainReactors获取到 183 个URL
2025-08-29 04:27:40,798 - INFO - BruceFeIix md文件URL: https://raw.githubusercontent.com/BruceFeIix/picker/refs/heads/master/archive/daily/2025/2025-08-29.md
2025-08-29 04:27:40,852 - INFO - BruceFeIix md文件下载状态码: 200
2025-08-29 04:27:40,853 - INFO - BruceFeIix获取到 178 个URL
2025-08-29 04:27:40,853 - INFO - === 开始处理 2025-08-29 的数据 ===
2025-08-29 04:27:40,854 - INFO - Doonsec原始数据: 101 个
2025-08-29 04:27:40,854 - INFO - ChainReactors原始数据: 183 个
2025-08-29 04:27:40,854 - INFO - BruceFeIix原始数据: 178 个
2025-08-29 04:27:40,854 - INFO - 开始处理Doonsec数据...
2025-08-29 04:27:40,854 - INFO - 开始处理ChainReactors数据...
2025-08-29 04:27:40,854 - INFO - 开始处理BruceFeIix数据...
2025-08-29 04:27:40,855 - INFO - 去重后共 208 个URL待处理，跳过 254 个重复URL
2025-08-29 04:27:40,855 - INFO - 去重后统计 - Doonsec: 81 个, ChainReactors: 127 个, BruceFeIix: 0 个
2025-08-29 04:27:40,855 - INFO - === 开始关键词过滤 ===
2025-08-29 04:27:40,862 - INFO - 关键词过滤: 匹配 27 个，跳过 181 个
2025-08-29 04:27:40,863 - INFO - 关键词过滤后统计 - Doonsec: 16 个, ChainReactors: 11 个, BruceFeIix: 0 个
2025-08-29 04:27:40,876 - INFO - 已创建每日报告: md/2025-08-29.md
2025-08-29 04:27:40,876 - INFO - === 跳过二进制文件处理，只更新data.json ===
2025-08-29 04:27:40,909 - INFO - 已更新data.json，添加了 27 个URL
2025-08-29 04:27:40,909 - INFO - 已创建每日报告: md/2025-08-29.md
2025-08-29 04:27:40,910 - INFO - === 执行完成 ===
2025-08-29 08:30:25,133 - INFO - === 开始执行微信文章归档工具 ===
2025-08-29 08:30:25,134 - INFO - 数据文件: data.json
2025-08-29 08:30:25,134 - INFO - 可执行文件: ./bin/wechatmp2markdown-v1.1.11_linux_amd64
2025-08-29 08:30:25,134 - INFO - 文档目录: doc
2025-08-29 08:30:25,175 - INFO - 已加载 20019 条历史记录
2025-08-29 08:30:25,175 - INFO - === 开始今日拉取 ===
2025-08-29 08:30:25,175 - INFO - 开始获取Doonsec RSS
2025-08-29 08:30:25,175 - INFO - 目标日期: 2025-08-29
2025-08-29 08:30:31,790 - INFO - Doonsec RSS请求成功
2025-08-29 08:30:31,793 - INFO - RSS中共有 200 个条目
2025-08-29 08:30:31,793 - INFO - Doonsec获取到 163 个2025-08-29的微信文章URL
2025-08-29 08:30:31,795 - INFO - ChainReactors md文件URL: https://raw.githubusercontent.com/chainreactors/picker/refs/heads/master/archive/daily/2025/2025-08-29.md
2025-08-29 08:30:31,875 - INFO - ChainReactors md文件下载状态码: 200
2025-08-29 08:30:31,877 - INFO - ChainReactors获取到 183 个URL
2025-08-29 08:30:31,877 - INFO - BruceFeIix md文件URL: https://raw.githubusercontent.com/BruceFeIix/picker/refs/heads/master/archive/daily/2025/2025-08-29.md
2025-08-29 08:30:31,936 - INFO - BruceFeIix md文件下载状态码: 200
2025-08-29 08:30:31,938 - INFO - BruceFeIix获取到 178 个URL
2025-08-29 08:30:31,938 - INFO - === 开始处理 2025-08-29 的数据 ===
2025-08-29 08:30:31,938 - INFO - Doonsec原始数据: 163 个
2025-08-29 08:30:31,938 - INFO - ChainReactors原始数据: 183 个
2025-08-29 08:30:31,939 - INFO - BruceFeIix原始数据: 178 个
2025-08-29 08:30:31,939 - INFO - 开始处理Doonsec数据...
2025-08-29 08:30:31,939 - INFO - 开始处理ChainReactors数据...
2025-08-29 08:30:31,939 - INFO - 开始处理BruceFeIix数据...
2025-08-29 08:30:31,940 - INFO - 去重后共 243 个URL待处理，跳过 281 个重复URL
2025-08-29 08:30:31,940 - INFO - 去重后统计 - Doonsec: 127 个, ChainReactors: 116 个, BruceFeIix: 0 个
2025-08-29 08:30:31,940 - INFO - === 开始关键词过滤 ===
2025-08-29 08:30:31,948 - INFO - 关键词过滤: 匹配 11 个，跳过 232 个
2025-08-29 08:30:31,948 - INFO - 关键词过滤后统计 - Doonsec: 11 个, ChainReactors: 0 个, BruceFeIix: 0 个
2025-08-29 08:30:31,963 - INFO - 已创建每日报告: md/2025-08-29.md
2025-08-29 08:30:31,963 - INFO - === 跳过二进制文件处理，只更新data.json ===
2025-08-29 08:30:32,000 - INFO - 已更新data.json，添加了 11 个URL
2025-08-29 08:30:32,000 - INFO - 已创建每日报告: md/2025-08-29.md
2025-08-29 08:30:32,000 - INFO - === 执行完成 ===
2025-08-29 12:47:13,516 - INFO - === 开始执行微信文章归档工具 ===
2025-08-29 12:47:13,517 - INFO - 数据文件: data.json
2025-08-29 12:47:13,517 - INFO - 可执行文件: ./bin/wechatmp2markdown-v1.1.11_linux_amd64
2025-08-29 12:47:13,517 - INFO - 文档目录: doc
2025-08-29 12:47:13,552 - INFO - 已加载 20030 条历史记录
2025-08-29 12:47:13,552 - INFO - === 开始今日拉取 ===
2025-08-29 12:47:13,552 - INFO - 开始获取Doonsec RSS
2025-08-29 12:47:13,552 - INFO - 目标日期: 2025-08-29
2025-08-29 12:47:17,214 - INFO - Doonsec RSS请求成功
2025-08-29 12:47:17,216 - INFO - RSS中共有 200 个条目
2025-08-29 12:47:17,216 - INFO - Doonsec获取到 200 个2025-08-29的微信文章URL
2025-08-29 12:47:17,218 - INFO - ChainReactors md文件URL: https://raw.githubusercontent.com/chainreactors/picker/refs/heads/master/archive/daily/2025/2025-08-29.md
2025-08-29 12:47:17,370 - INFO - ChainReactors md文件下载状态码: 200
2025-08-29 12:47:17,371 - INFO - ChainReactors获取到 183 个URL
2025-08-29 12:47:17,371 - INFO - BruceFeIix md文件URL: https://raw.githubusercontent.com/BruceFeIix/picker/refs/heads/master/archive/daily/2025/2025-08-29.md
2025-08-29 12:47:17,447 - INFO - BruceFeIix md文件下载状态码: 200
2025-08-29 12:47:17,449 - INFO - BruceFeIix获取到 178 个URL
2025-08-29 12:47:17,449 - INFO - === 开始处理 2025-08-29 的数据 ===
2025-08-29 12:47:17,449 - INFO - Doonsec原始数据: 200 个
2025-08-29 12:47:17,449 - INFO - ChainReactors原始数据: 183 个
2025-08-29 12:47:17,449 - INFO - BruceFeIix原始数据: 178 个
2025-08-29 12:47:17,449 - INFO - 开始处理Doonsec数据...
2025-08-29 12:47:17,449 - INFO - 开始处理ChainReactors数据...
2025-08-29 12:47:17,450 - INFO - 开始处理BruceFeIix数据...
2025-08-29 12:47:17,450 - INFO - 去重后共 291 个URL待处理，跳过 270 个重复URL
2025-08-29 12:47:17,450 - INFO - 去重后统计 - Doonsec: 175 个, ChainReactors: 116 个, BruceFeIix: 0 个
2025-08-29 12:47:17,450 - INFO - === 开始关键词过滤 ===
2025-08-29 12:47:17,462 - INFO - 关键词过滤: 匹配 35 个，跳过 256 个
2025-08-29 12:47:17,462 - INFO - 关键词过滤后统计 - Doonsec: 35 个, ChainReactors: 0 个, BruceFeIix: 0 个
2025-08-29 12:47:17,494 - INFO - 已创建每日报告: md/2025-08-29.md
2025-08-29 12:47:17,494 - INFO - === 跳过二进制文件处理，只更新data.json ===
2025-08-29 12:47:17,545 - INFO - 已更新data.json，添加了 35 个URL
2025-08-29 12:47:17,545 - INFO - 已创建每日报告: md/2025-08-29.md
2025-08-29 12:47:17,545 - INFO - === 执行完成 ===
2025-08-29 16:28:40,509 - INFO - === 开始执行微信文章归档工具 ===
2025-08-29 16:28:40,510 - INFO - 数据文件: data.json
2025-08-29 16:28:40,510 - INFO - 可执行文件: ./bin/wechatmp2markdown-v1.1.11_linux_amd64
2025-08-29 16:28:40,510 - INFO - 文档目录: doc
2025-08-29 16:28:40,544 - INFO - 已加载 20065 条历史记录
2025-08-29 16:28:40,544 - INFO - === 开始今日拉取 ===
2025-08-29 16:28:40,544 - INFO - 开始获取Doonsec RSS
2025-08-29 16:28:40,544 - INFO - 目标日期: 2025-08-29
2025-08-29 16:28:42,486 - INFO - Doonsec RSS请求成功
2025-08-29 16:28:42,489 - INFO - RSS中共有 200 个条目
2025-08-29 16:28:42,489 - INFO - Doonsec获取到 193 个2025-08-29的微信文章URL
2025-08-29 16:28:42,490 - INFO - ChainReactors md文件URL: https://raw.githubusercontent.com/chainreactors/picker/refs/heads/master/archive/daily/2025/2025-08-29.md
2025-08-29 16:28:42,532 - INFO - ChainReactors md文件下载状态码: 200
2025-08-29 16:28:42,534 - INFO - ChainReactors获取到 183 个URL
2025-08-29 16:28:42,534 - INFO - BruceFeIix md文件URL: https://raw.githubusercontent.com/BruceFeIix/picker/refs/heads/master/archive/daily/2025/2025-08-29.md
2025-08-29 16:28:42,570 - INFO - BruceFeIix md文件下载状态码: 200
2025-08-29 16:28:42,571 - INFO - BruceFeIix获取到 178 个URL
2025-08-29 16:28:42,571 - INFO - === 开始处理 2025-08-29 的数据 ===
2025-08-29 16:28:42,571 - INFO - Doonsec原始数据: 193 个
2025-08-29 16:28:42,571 - INFO - ChainReactors原始数据: 183 个
2025-08-29 16:28:42,571 - INFO - BruceFeIix原始数据: 178 个
2025-08-29 16:28:42,571 - INFO - 开始处理Doonsec数据...
2025-08-29 16:28:42,572 - INFO - 开始处理ChainReactors数据...
2025-08-29 16:28:42,572 - INFO - 开始处理BruceFeIix数据...
2025-08-29 16:28:42,572 - INFO - 去重后共 263 个URL待处理，跳过 291 个重复URL
2025-08-29 16:28:42,572 - INFO - 去重后统计 - Doonsec: 147 个, ChainReactors: 116 个, BruceFeIix: 0 个
2025-08-29 16:28:42,572 - INFO - === 开始关键词过滤 ===
2025-08-29 16:28:42,582 - INFO - 关键词过滤: 匹配 8 个，跳过 255 个
2025-08-29 16:28:42,582 - INFO - 关键词过滤后统计 - Doonsec: 8 个, ChainReactors: 0 个, BruceFeIix: 0 个
2025-08-29 16:28:42,598 - INFO - 已创建每日报告: md/2025-08-29.md
2025-08-29 16:28:42,598 - INFO - === 跳过二进制文件处理，只更新data.json ===
2025-08-29 16:28:42,631 - INFO - 已更新data.json，添加了 8 个URL
2025-08-29 16:28:42,632 - INFO - 已创建每日报告: md/2025-08-29.md
2025-08-29 16:28:42,632 - INFO - === 执行完成 ===
2025-08-29 20:23:57,288 - INFO - === 开始执行微信文章归档工具 ===
2025-08-29 20:23:57,289 - INFO - 数据文件: data.json
2025-08-29 20:23:57,289 - INFO - 可执行文件: ./bin/wechatmp2markdown-v1.1.11_linux_amd64
2025-08-29 20:23:57,289 - INFO - 文档目录: doc
2025-08-29 20:23:57,340 - INFO - 已加载 20073 条历史记录
2025-08-29 20:23:57,340 - INFO - === 开始今日拉取 ===
2025-08-29 20:23:57,340 - INFO - 开始获取Doonsec RSS
2025-08-29 20:23:57,340 - INFO - 目标日期: 2025-08-29
2025-08-29 20:24:01,028 - INFO - Doonsec RSS请求成功
2025-08-29 20:24:01,030 - INFO - RSS中共有 200 个条目
2025-08-29 20:24:01,031 - INFO - Doonsec获取到 191 个2025-08-29的微信文章URL
2025-08-29 20:24:01,033 - INFO - ChainReactors md文件URL: https://raw.githubusercontent.com/chainreactors/picker/refs/heads/master/archive/daily/2025/2025-08-29.md
2025-08-29 20:24:01,084 - INFO - ChainReactors md文件下载状态码: 200
2025-08-29 20:24:01,086 - INFO - ChainReactors获取到 183 个URL
2025-08-29 20:24:01,086 - INFO - BruceFeIix md文件URL: https://raw.githubusercontent.com/BruceFeIix/picker/refs/heads/master/archive/daily/2025/2025-08-29.md
2025-08-29 20:24:01,130 - INFO - BruceFeIix md文件下载状态码: 200
2025-08-29 20:24:01,131 - INFO - BruceFeIix获取到 178 个URL
2025-08-29 20:24:01,131 - INFO - === 开始处理 2025-08-29 的数据 ===
2025-08-29 20:24:01,131 - INFO - Doonsec原始数据: 191 个
2025-08-29 20:24:01,131 - INFO - ChainReactors原始数据: 183 个
2025-08-29 20:24:01,131 - INFO - BruceFeIix原始数据: 178 个
2025-08-29 20:24:01,132 - INFO - 开始处理Doonsec数据...
2025-08-29 20:24:01,132 - INFO - 开始处理ChainReactors数据...
2025-08-29 20:24:01,132 - INFO - 开始处理BruceFeIix数据...
2025-08-29 20:24:01,133 - INFO - 去重后共 254 个URL待处理，跳过 298 个重复URL
2025-08-29 20:24:01,133 - INFO - 去重后统计 - Doonsec: 138 个, ChainReactors: 116 个, BruceFeIix: 0 个
2025-08-29 20:24:01,133 - INFO - === 开始关键词过滤 ===
2025-08-29 20:24:01,142 - INFO - 关键词过滤: 匹配 1 个，跳过 253 个
2025-08-29 20:24:01,143 - INFO - 关键词过滤后统计 - Doonsec: 1 个, ChainReactors: 0 个, BruceFeIix: 0 个
2025-08-29 20:24:01,157 - INFO - 已创建每日报告: md/2025-08-29.md
2025-08-29 20:24:01,157 - INFO - === 跳过二进制文件处理，只更新data.json ===
2025-08-29 20:24:01,197 - INFO - 已更新data.json，添加了 1 个URL
2025-08-29 20:24:01,197 - INFO - 已创建每日报告: md/2025-08-29.md
2025-08-29 20:24:01,197 - INFO - === 执行完成 ===
2025-08-30 01:43:42,403 - INFO - === 开始执行微信文章归档工具 ===
2025-08-30 01:43:42,404 - INFO - 数据文件: data.json
2025-08-30 01:43:42,404 - INFO - 可执行文件: ./bin/wechatmp2markdown-v1.1.11_linux_amd64
2025-08-30 01:43:42,404 - INFO - 文档目录: doc
2025-08-30 01:43:42,437 - INFO - 已加载 20074 条历史记录
2025-08-30 01:43:42,438 - INFO - === 开始今日拉取 ===
2025-08-30 01:43:42,438 - INFO - 开始获取Doonsec RSS
2025-08-30 01:43:42,438 - INFO - 目标日期: 2025-08-30
2025-08-30 01:43:44,494 - INFO - Doonsec RSS请求成功
2025-08-30 01:43:44,496 - INFO - RSS中共有 200 个条目
2025-08-30 01:43:44,496 - INFO - Doonsec获取到 40 个2025-08-30的微信文章URL
2025-08-30 01:43:44,498 - INFO - ChainReactors md文件URL: https://raw.githubusercontent.com/chainreactors/picker/refs/heads/master/archive/daily/2025/2025-08-30.md
2025-08-30 01:43:44,555 - INFO - ChainReactors md文件下载状态码: 404
2025-08-30 01:43:44,555 - WARNING - ChainReactors md文件下载失败: https://raw.githubusercontent.com/chainreactors/picker/refs/heads/master/archive/daily/2025/2025-08-30.md 状态码: 404
2025-08-30 01:43:44,555 - INFO - BruceFeIix md文件URL: https://raw.githubusercontent.com/BruceFeIix/picker/refs/heads/master/archive/daily/2025/2025-08-30.md
2025-08-30 01:43:44,600 - INFO - BruceFeIix md文件下载状态码: 404
2025-08-30 01:43:44,601 - WARNING - BruceFeIix md文件下载失败: https://raw.githubusercontent.com/BruceFeIix/picker/refs/heads/master/archive/daily/2025/2025-08-30.md 状态码: 404
2025-08-30 01:43:44,601 - INFO - === 开始处理 2025-08-30 的数据 ===
2025-08-30 01:43:44,601 - INFO - Doonsec原始数据: 40 个
2025-08-30 01:43:44,601 - INFO - ChainReactors原始数据: 0 个
2025-08-30 01:43:44,601 - INFO - BruceFeIix原始数据: 0 个
2025-08-30 01:43:44,601 - INFO - 开始处理Doonsec数据...
2025-08-30 01:43:44,601 - INFO - 开始处理ChainReactors数据...
2025-08-30 01:43:44,601 - INFO - 开始处理BruceFeIix数据...
2025-08-30 01:43:44,601 - INFO - 去重后共 40 个URL待处理，跳过 0 个重复URL
2025-08-30 01:43:44,601 - INFO - 去重后统计 - Doonsec: 40 个, ChainReactors: 0 个, BruceFeIix: 0 个
2025-08-30 01:43:44,601 - INFO - === 开始关键词过滤 ===
2025-08-30 01:43:44,603 - INFO - 关键词过滤: 匹配 11 个，跳过 29 个
2025-08-30 01:43:44,603 - INFO - 关键词过滤后统计 - Doonsec: 11 个, ChainReactors: 0 个, BruceFeIix: 0 个
2025-08-30 01:43:44,616 - INFO - 已创建每日报告: md/2025-08-30.md
2025-08-30 01:43:44,616 - INFO - === 跳过二进制文件处理，只更新data.json ===
2025-08-30 01:43:44,649 - INFO - 已更新data.json，添加了 11 个URL
2025-08-30 01:43:44,650 - INFO - 已创建每日报告: md/2025-08-30.md
2025-08-30 01:43:44,650 - INFO - === 执行完成 ===
2025-08-30 04:25:39,047 - INFO - === 开始执行微信文章归档工具 ===
2025-08-30 04:25:39,047 - INFO - 数据文件: data.json
2025-08-30 04:25:39,048 - INFO - 可执行文件: ./bin/wechatmp2markdown-v1.1.11_linux_amd64
2025-08-30 04:25:39,048 - INFO - 文档目录: doc
2025-08-30 04:25:39,087 - INFO - 已加载 20085 条历史记录
2025-08-30 04:25:39,087 - INFO - === 开始今日拉取 ===
2025-08-30 04:25:39,087 - INFO - 开始获取Doonsec RSS
2025-08-30 04:25:39,087 - INFO - 目标日期: 2025-08-30
2025-08-30 04:25:41,750 - INFO - Doonsec RSS请求成功
2025-08-30 04:25:41,752 - INFO - RSS中共有 200 个条目
2025-08-30 04:25:41,753 - INFO - Doonsec获取到 77 个2025-08-30的微信文章URL
2025-08-30 04:25:41,754 - INFO - ChainReactors md文件URL: https://raw.githubusercontent.com/chainreactors/picker/refs/heads/master/archive/daily/2025/2025-08-30.md
2025-08-30 04:25:41,799 - INFO - ChainReactors md文件下载状态码: 200
2025-08-30 04:25:41,801 - INFO - ChainReactors获取到 206 个URL
2025-08-30 04:25:41,801 - INFO - BruceFeIix md文件URL: https://raw.githubusercontent.com/BruceFeIix/picker/refs/heads/master/archive/daily/2025/2025-08-30.md
2025-08-30 04:25:41,839 - INFO - BruceFeIix md文件下载状态码: 200
2025-08-30 04:25:41,841 - INFO - BruceFeIix获取到 204 个URL
2025-08-30 04:25:41,841 - INFO - === 开始处理 2025-08-30 的数据 ===
2025-08-30 04:25:41,841 - INFO - Doonsec原始数据: 77 个
2025-08-30 04:25:41,841 - INFO - ChainReactors原始数据: 206 个
2025-08-30 04:25:41,841 - INFO - BruceFeIix原始数据: 204 个
2025-08-30 04:25:41,841 - INFO - 开始处理Doonsec数据...
2025-08-30 04:25:41,841 - INFO - 开始处理ChainReactors数据...
2025-08-30 04:25:41,842 - INFO - 开始处理BruceFeIix数据...
2025-08-30 04:25:41,842 - INFO - 去重后共 208 个URL待处理，跳过 279 个重复URL
2025-08-30 04:25:41,842 - INFO - 去重后统计 - Doonsec: 66 个, ChainReactors: 142 个, BruceFeIix: 0 个
2025-08-30 04:25:41,842 - INFO - === 开始关键词过滤 ===
2025-08-30 04:25:41,850 - INFO - 关键词过滤: 匹配 28 个，跳过 180 个
2025-08-30 04:25:41,850 - INFO - 关键词过滤后统计 - Doonsec: 12 个, ChainReactors: 16 个, BruceFeIix: 0 个
2025-08-30 04:25:41,867 - INFO - 已创建每日报告: md/2025-08-30.md
2025-08-30 04:25:41,868 - INFO - === 跳过二进制文件处理，只更新data.json ===
2025-08-30 04:25:41,901 - INFO - 已更新data.json，添加了 28 个URL
2025-08-30 04:25:41,901 - INFO - 已创建每日报告: md/2025-08-30.md
2025-08-30 04:25:41,902 - INFO - === 执行完成 ===
2025-08-30 08:26:34,757 - INFO - === 开始执行微信文章归档工具 ===
2025-08-30 08:26:34,758 - INFO - 数据文件: data.json
2025-08-30 08:26:34,758 - INFO - 可执行文件: ./bin/wechatmp2markdown-v1.1.11_linux_amd64
2025-08-30 08:26:34,758 - INFO - 文档目录: doc
2025-08-30 08:26:34,792 - INFO - 已加载 20113 条历史记录
2025-08-30 08:26:34,792 - INFO - === 开始今日拉取 ===
2025-08-30 08:26:34,792 - INFO - 开始获取Doonsec RSS
2025-08-30 08:26:34,792 - INFO - 目标日期: 2025-08-30
2025-08-30 08:26:38,590 - INFO - Doonsec RSS请求成功
2025-08-30 08:26:38,591 - INFO - RSS中共有 200 个条目
2025-08-30 08:26:38,592 - INFO - Doonsec获取到 108 个2025-08-30的微信文章URL
2025-08-30 08:26:38,593 - INFO - ChainReactors md文件URL: https://raw.githubusercontent.com/chainreactors/picker/refs/heads/master/archive/daily/2025/2025-08-30.md
2025-08-30 08:26:38,647 - INFO - ChainReactors md文件下载状态码: 200
2025-08-30 08:26:38,649 - INFO - ChainReactors获取到 206 个URL
2025-08-30 08:26:38,649 - INFO - BruceFeIix md文件URL: https://raw.githubusercontent.com/BruceFeIix/picker/refs/heads/master/archive/daily/2025/2025-08-30.md
2025-08-30 08:26:38,697 - INFO - BruceFeIix md文件下载状态码: 200
2025-08-30 08:26:38,698 - INFO - BruceFeIix获取到 204 个URL
2025-08-30 08:26:38,698 - INFO - === 开始处理 2025-08-30 的数据 ===
2025-08-30 08:26:38,698 - INFO - Doonsec原始数据: 108 个
2025-08-30 08:26:38,698 - INFO - ChainReactors原始数据: 206 个
2025-08-30 08:26:38,698 - INFO - BruceFeIix原始数据: 204 个
2025-08-30 08:26:38,698 - INFO - 开始处理Doonsec数据...
2025-08-30 08:26:38,699 - INFO - 开始处理ChainReactors数据...
2025-08-30 08:26:38,699 - INFO - 开始处理BruceFeIix数据...
2025-08-30 08:26:38,699 - INFO - 去重后共 211 个URL待处理，跳过 307 个重复URL
2025-08-30 08:26:38,699 - INFO - 去重后统计 - Doonsec: 85 个, ChainReactors: 126 个, BruceFeIix: 0 个
2025-08-30 08:26:38,700 - INFO - === 开始关键词过滤 ===
2025-08-30 08:26:38,707 - INFO - 关键词过滤: 匹配 5 个，跳过 206 个
2025-08-30 08:26:38,707 - INFO - 关键词过滤后统计 - Doonsec: 5 个, ChainReactors: 0 个, BruceFeIix: 0 个
2025-08-30 08:26:38,721 - INFO - 已创建每日报告: md/2025-08-30.md
2025-08-30 08:26:38,721 - INFO - === 跳过二进制文件处理，只更新data.json ===
2025-08-30 08:26:38,754 - INFO - 已更新data.json，添加了 5 个URL
2025-08-30 08:26:38,755 - INFO - 已创建每日报告: md/2025-08-30.md
2025-08-30 08:26:38,755 - INFO - === 执行完成 ===
2025-08-30 12:41:30,837 - INFO - === 开始执行微信文章归档工具 ===
2025-08-30 12:41:30,838 - INFO - 数据文件: data.json
2025-08-30 12:41:30,838 - INFO - 可执行文件: ./bin/wechatmp2markdown-v1.1.11_linux_amd64
2025-08-30 12:41:30,838 - INFO - 文档目录: doc
2025-08-30 12:41:30,874 - INFO - 已加载 20118 条历史记录
2025-08-30 12:41:30,874 - INFO - === 开始今日拉取 ===
2025-08-30 12:41:30,874 - INFO - 开始获取Doonsec RSS
2025-08-30 12:41:30,874 - INFO - 目标日期: 2025-08-30
2025-08-30 12:41:38,192 - INFO - Doonsec RSS请求成功
2025-08-30 12:41:38,193 - INFO - RSS中共有 200 个条目
2025-08-30 12:41:38,194 - INFO - Doonsec获取到 152 个2025-08-30的微信文章URL
2025-08-30 12:41:38,195 - INFO - ChainReactors md文件URL: https://raw.githubusercontent.com/chainreactors/picker/refs/heads/master/archive/daily/2025/2025-08-30.md
2025-08-30 12:41:38,352 - INFO - ChainReactors md文件下载状态码: 200
2025-08-30 12:41:38,353 - INFO - ChainReactors获取到 206 个URL
2025-08-30 12:41:38,353 - INFO - BruceFeIix md文件URL: https://raw.githubusercontent.com/BruceFeIix/picker/refs/heads/master/archive/daily/2025/2025-08-30.md
2025-08-30 12:41:38,515 - INFO - BruceFeIix md文件下载状态码: 200
2025-08-30 12:41:38,517 - INFO - BruceFeIix获取到 204 个URL
2025-08-30 12:41:38,517 - INFO - === 开始处理 2025-08-30 的数据 ===
2025-08-30 12:41:38,517 - INFO - Doonsec原始数据: 152 个
2025-08-30 12:41:38,517 - INFO - ChainReactors原始数据: 206 个
2025-08-30 12:41:38,517 - INFO - BruceFeIix原始数据: 204 个
2025-08-30 12:41:38,517 - INFO - 开始处理Doonsec数据...
2025-08-30 12:41:38,517 - INFO - 开始处理ChainReactors数据...
2025-08-30 12:41:38,518 - INFO - 开始处理BruceFeIix数据...
2025-08-30 12:41:38,518 - INFO - 去重后共 249 个URL待处理，跳过 313 个重复URL
2025-08-30 12:41:38,518 - INFO - 去重后统计 - Doonsec: 123 个, ChainReactors: 126 个, BruceFeIix: 0 个
2025-08-30 12:41:38,518 - INFO - === 开始关键词过滤 ===
2025-08-30 12:41:38,527 - INFO - 关键词过滤: 匹配 12 个，跳过 237 个
2025-08-30 12:41:38,527 - INFO - 关键词过滤后统计 - Doonsec: 12 个, ChainReactors: 0 个, BruceFeIix: 0 个
2025-08-30 12:41:38,540 - INFO - 已创建每日报告: md/2025-08-30.md
2025-08-30 12:41:38,541 - INFO - === 跳过二进制文件处理，只更新data.json ===
2025-08-30 12:41:38,574 - INFO - 已更新data.json，添加了 12 个URL
2025-08-30 12:41:38,575 - INFO - 已创建每日报告: md/2025-08-30.md
2025-08-30 12:41:38,575 - INFO - === 执行完成 ===
2025-08-30 16:25:40,470 - INFO - === 开始执行微信文章归档工具 ===
2025-08-30 16:25:40,471 - INFO - 数据文件: data.json
2025-08-30 16:25:40,471 - INFO - 可执行文件: ./bin/wechatmp2markdown-v1.1.11_linux_amd64
2025-08-30 16:25:40,471 - INFO - 文档目录: doc
2025-08-30 16:25:40,504 - INFO - 已加载 20130 条历史记录
2025-08-30 16:25:40,504 - INFO - === 开始今日拉取 ===
2025-08-30 16:25:40,504 - INFO - 开始获取Doonsec RSS
2025-08-30 16:25:40,505 - INFO - 目标日期: 2025-08-30
2025-08-30 16:25:43,537 - INFO - Doonsec RSS请求成功
2025-08-30 16:25:43,538 - INFO - RSS中共有 200 个条目
2025-08-30 16:25:43,539 - INFO - Doonsec获取到 178 个2025-08-30的微信文章URL
2025-08-30 16:25:43,541 - INFO - ChainReactors md文件URL: https://raw.githubusercontent.com/chainreactors/picker/refs/heads/master/archive/daily/2025/2025-08-30.md
2025-08-30 16:25:43,615 - INFO - ChainReactors md文件下载状态码: 200
2025-08-30 16:25:43,617 - INFO - ChainReactors获取到 206 个URL
2025-08-30 16:25:43,617 - INFO - BruceFeIix md文件URL: https://raw.githubusercontent.com/BruceFeIix/picker/refs/heads/master/archive/daily/2025/2025-08-30.md
2025-08-30 16:25:43,693 - INFO - BruceFeIix md文件下载状态码: 200
2025-08-30 16:25:43,694 - INFO - BruceFeIix获取到 204 个URL
2025-08-30 16:25:43,694 - INFO - === 开始处理 2025-08-30 的数据 ===
2025-08-30 16:25:43,694 - INFO - Doonsec原始数据: 178 个
2025-08-30 16:25:43,694 - INFO - ChainReactors原始数据: 206 个
2025-08-30 16:25:43,694 - INFO - BruceFeIix原始数据: 204 个
2025-08-30 16:25:43,694 - INFO - 开始处理Doonsec数据...
2025-08-30 16:25:43,694 - INFO - 开始处理ChainReactors数据...
2025-08-30 16:25:43,695 - INFO - 开始处理BruceFeIix数据...
2025-08-30 16:25:43,695 - INFO - 去重后共 263 个URL待处理，跳过 325 个重复URL
2025-08-30 16:25:43,695 - INFO - 去重后统计 - Doonsec: 137 个, ChainReactors: 126 个, BruceFeIix: 0 个
2025-08-30 16:25:43,695 - INFO - === 开始关键词过滤 ===
2025-08-30 16:25:43,704 - INFO - 关键词过滤: 匹配 6 个，跳过 257 个
2025-08-30 16:25:43,705 - INFO - 关键词过滤后统计 - Doonsec: 6 个, ChainReactors: 0 个, BruceFeIix: 0 个
2025-08-30 16:25:43,719 - INFO - 已创建每日报告: md/2025-08-30.md
2025-08-30 16:25:43,719 - INFO - === 跳过二进制文件处理，只更新data.json ===
2025-08-30 16:25:43,753 - INFO - 已更新data.json，添加了 6 个URL
2025-08-30 16:25:43,753 - INFO - 已创建每日报告: md/2025-08-30.md
2025-08-30 16:25:43,753 - INFO - === 执行完成 ===
2025-08-30 20:22:30,589 - INFO - === 开始执行微信文章归档工具 ===
2025-08-30 20:22:30,590 - INFO - 数据文件: data.json
2025-08-30 20:22:30,590 - INFO - 可执行文件: ./bin/wechatmp2markdown-v1.1.11_linux_amd64
2025-08-30 20:22:30,590 - INFO - 文档目录: doc
2025-08-30 20:22:30,625 - INFO - 已加载 20136 条历史记录
2025-08-30 20:22:30,625 - INFO - === 开始今日拉取 ===
2025-08-30 20:22:30,625 - INFO - 开始获取Doonsec RSS
2025-08-30 20:22:30,625 - INFO - 目标日期: 2025-08-30
2025-08-30 20:22:33,594 - INFO - Doonsec RSS请求成功
2025-08-30 20:22:33,595 - INFO - RSS中共有 200 个条目
2025-08-30 20:22:33,596 - INFO - Doonsec获取到 179 个2025-08-30的微信文章URL
2025-08-30 20:22:33,597 - INFO - ChainReactors md文件URL: https://raw.githubusercontent.com/chainreactors/picker/refs/heads/master/archive/daily/2025/2025-08-30.md
2025-08-30 20:22:33,647 - INFO - ChainReactors md文件下载状态码: 200
2025-08-30 20:22:33,648 - INFO - ChainReactors获取到 206 个URL
2025-08-30 20:22:33,648 - INFO - BruceFeIix md文件URL: https://raw.githubusercontent.com/BruceFeIix/picker/refs/heads/master/archive/daily/2025/2025-08-30.md
2025-08-30 20:22:33,696 - INFO - BruceFeIix md文件下载状态码: 200
2025-08-30 20:22:33,697 - INFO - BruceFeIix获取到 204 个URL
2025-08-30 20:22:33,697 - INFO - === 开始处理 2025-08-30 的数据 ===
2025-08-30 20:22:33,697 - INFO - Doonsec原始数据: 179 个
2025-08-30 20:22:33,697 - INFO - ChainReactors原始数据: 206 个
2025-08-30 20:22:33,697 - INFO - BruceFeIix原始数据: 204 个
2025-08-30 20:22:33,697 - INFO - 开始处理Doonsec数据...
2025-08-30 20:22:33,698 - INFO - 开始处理ChainReactors数据...
2025-08-30 20:22:33,698 - INFO - 开始处理BruceFeIix数据...
2025-08-30 20:22:33,698 - INFO - 去重后共 258 个URL待处理，跳过 331 个重复URL
2025-08-30 20:22:33,698 - INFO - 去重后统计 - Doonsec: 132 个, ChainReactors: 126 个, BruceFeIix: 0 个
2025-08-30 20:22:33,698 - INFO - === 开始关键词过滤 ===
2025-08-30 20:22:33,708 - INFO - 关键词过滤: 匹配 0 个，跳过 258 个
2025-08-30 20:22:33,708 - INFO - 关键词过滤后统计 - Doonsec: 0 个, ChainReactors: 0 个, BruceFeIix: 0 个
2025-08-30 20:22:33,708 - INFO - === 跳过二进制文件处理，只更新data.json ===
2025-08-30 20:22:33,742 - INFO - 已更新data.json，添加了 0 个URL
2025-08-30 20:22:33,742 - INFO - === 执行完成 ===
2025-08-31 01:54:35,168 - INFO - === 开始执行微信文章归档工具 ===
2025-08-31 01:54:35,169 - INFO - 数据文件: data.json
2025-08-31 01:54:35,169 - INFO - 可执行文件: ./bin/wechatmp2markdown-v1.1.11_linux_amd64
2025-08-31 01:54:35,169 - INFO - 文档目录: doc
2025-08-31 01:54:35,205 - INFO - 已加载 20136 条历史记录
2025-08-31 01:54:35,205 - INFO - === 开始今日拉取 ===
2025-08-31 01:54:35,205 - INFO - 开始获取Doonsec RSS
2025-08-31 01:54:35,205 - INFO - 目标日期: 2025-08-31
2025-08-31 01:54:37,096 - INFO - Doonsec RSS请求成功
2025-08-31 01:54:37,098 - INFO - RSS中共有 200 个条目
2025-08-31 01:54:37,098 - INFO - Doonsec获取到 35 个2025-08-31的微信文章URL
2025-08-31 01:54:37,100 - INFO - ChainReactors md文件URL: https://raw.githubusercontent.com/chainreactors/picker/refs/heads/master/archive/daily/2025/2025-08-31.md
2025-08-31 01:54:37,240 - INFO - ChainReactors md文件下载状态码: 404
2025-08-31 01:54:37,240 - WARNING - ChainReactors md文件下载失败: https://raw.githubusercontent.com/chainreactors/picker/refs/heads/master/archive/daily/2025/2025-08-31.md 状态码: 404
2025-08-31 01:54:37,240 - INFO - BruceFeIix md文件URL: https://raw.githubusercontent.com/BruceFeIix/picker/refs/heads/master/archive/daily/2025/2025-08-31.md
2025-08-31 01:54:37,377 - INFO - BruceFeIix md文件下载状态码: 404
2025-08-31 01:54:37,378 - WARNING - BruceFeIix md文件下载失败: https://raw.githubusercontent.com/BruceFeIix/picker/refs/heads/master/archive/daily/2025/2025-08-31.md 状态码: 404
2025-08-31 01:54:37,378 - INFO - === 开始处理 2025-08-31 的数据 ===
2025-08-31 01:54:37,378 - INFO - Doonsec原始数据: 35 个
2025-08-31 01:54:37,378 - INFO - ChainReactors原始数据: 0 个
2025-08-31 01:54:37,378 - INFO - BruceFeIix原始数据: 0 个
2025-08-31 01:54:37,378 - INFO - 开始处理Doonsec数据...
2025-08-31 01:54:37,378 - INFO - 开始处理ChainReactors数据...
2025-08-31 01:54:37,378 - INFO - 开始处理BruceFeIix数据...
2025-08-31 01:54:37,378 - INFO - 去重后共 35 个URL待处理，跳过 0 个重复URL
2025-08-31 01:54:37,378 - INFO - 去重后统计 - Doonsec: 35 个, ChainReactors: 0 个, BruceFeIix: 0 个
2025-08-31 01:54:37,378 - INFO - === 开始关键词过滤 ===
2025-08-31 01:54:37,380 - INFO - 关键词过滤: 匹配 12 个，跳过 23 个
2025-08-31 01:54:37,380 - INFO - 关键词过滤后统计 - Doonsec: 12 个, ChainReactors: 0 个, BruceFeIix: 0 个
2025-08-31 01:54:37,396 - INFO - 已创建每日报告: md/2025-08-31.md
2025-08-31 01:54:37,396 - INFO - === 跳过二进制文件处理，只更新data.json ===
2025-08-31 01:54:37,429 - INFO - 已更新data.json，添加了 12 个URL
2025-08-31 01:54:37,430 - INFO - 已创建每日报告: md/2025-08-31.md
2025-08-31 01:54:37,430 - INFO - === 执行完成 ===
2025-08-31 04:26:06,615 - INFO - === 开始执行微信文章归档工具 ===
2025-08-31 04:26:06,615 - INFO - 数据文件: data.json
2025-08-31 04:26:06,615 - INFO - 可执行文件: ./bin/wechatmp2markdown-v1.1.11_linux_amd64
2025-08-31 04:26:06,616 - INFO - 文档目录: doc
2025-08-31 04:26:06,650 - INFO - 已加载 20148 条历史记录
2025-08-31 04:26:06,650 - INFO - === 开始今日拉取 ===
2025-08-31 04:26:06,650 - INFO - 开始获取Doonsec RSS
2025-08-31 04:26:06,650 - INFO - 目标日期: 2025-08-31
2025-08-31 04:26:08,473 - INFO - Doonsec RSS请求成功
2025-08-31 04:26:08,475 - INFO - RSS中共有 200 个条目
2025-08-31 04:26:08,476 - INFO - Doonsec获取到 60 个2025-08-31的微信文章URL
2025-08-31 04:26:08,477 - INFO - ChainReactors md文件URL: https://raw.githubusercontent.com/chainreactors/picker/refs/heads/master/archive/daily/2025/2025-08-31.md
2025-08-31 04:26:08,521 - INFO - ChainReactors md文件下载状态码: 200
2025-08-31 04:26:08,522 - INFO - ChainReactors获取到 155 个URL
2025-08-31 04:26:08,523 - INFO - BruceFeIix md文件URL: https://raw.githubusercontent.com/BruceFeIix/picker/refs/heads/master/archive/daily/2025/2025-08-31.md
2025-08-31 04:26:08,561 - INFO - BruceFeIix md文件下载状态码: 200
2025-08-31 04:26:08,562 - INFO - BruceFeIix获取到 155 个URL
2025-08-31 04:26:08,562 - INFO - === 开始处理 2025-08-31 的数据 ===
2025-08-31 04:26:08,562 - INFO - Doonsec原始数据: 60 个
2025-08-31 04:26:08,562 - INFO - ChainReactors原始数据: 155 个
2025-08-31 04:26:08,562 - INFO - BruceFeIix原始数据: 155 个
2025-08-31 04:26:08,563 - INFO - 开始处理Doonsec数据...
2025-08-31 04:26:08,563 - INFO - 开始处理ChainReactors数据...
2025-08-31 04:26:08,563 - INFO - 开始处理BruceFeIix数据...
2025-08-31 04:26:08,563 - INFO - 去重后共 159 个URL待处理，跳过 211 个重复URL
2025-08-31 04:26:08,563 - INFO - 去重后统计 - Doonsec: 48 个, ChainReactors: 111 个, BruceFeIix: 0 个
2025-08-31 04:26:08,563 - INFO - === 开始关键词过滤 ===
2025-08-31 04:26:08,569 - INFO - 关键词过滤: 匹配 8 个，跳过 151 个
2025-08-31 04:26:08,570 - INFO - 关键词过滤后统计 - Doonsec: 7 个, ChainReactors: 1 个, BruceFeIix: 0 个
2025-08-31 04:26:08,585 - INFO - 已创建每日报告: md/2025-08-31.md
2025-08-31 04:26:08,585 - INFO - === 跳过二进制文件处理，只更新data.json ===
2025-08-31 04:26:08,618 - INFO - 已更新data.json，添加了 8 个URL
2025-08-31 04:26:08,619 - INFO - 已创建每日报告: md/2025-08-31.md
2025-08-31 04:26:08,619 - INFO - === 执行完成 ===
2025-08-31 08:26:26,588 - INFO - === 开始执行微信文章归档工具 ===
2025-08-31 08:26:26,589 - INFO - 数据文件: data.json
2025-08-31 08:26:26,589 - INFO - 可执行文件: ./bin/wechatmp2markdown-v1.1.11_linux_amd64
2025-08-31 08:26:26,589 - INFO - 文档目录: doc
2025-08-31 08:26:26,631 - INFO - 已加载 20156 条历史记录
2025-08-31 08:26:26,631 - INFO - === 开始今日拉取 ===
2025-08-31 08:26:26,631 - INFO - 开始获取Doonsec RSS
2025-08-31 08:26:26,631 - INFO - 目标日期: 2025-08-31
2025-08-31 08:26:28,358 - INFO - Doonsec RSS请求成功
2025-08-31 08:26:28,360 - INFO - RSS中共有 200 个条目
2025-08-31 08:26:28,360 - INFO - Doonsec获取到 73 个2025-08-31的微信文章URL
2025-08-31 08:26:28,361 - INFO - ChainReactors md文件URL: https://raw.githubusercontent.com/chainreactors/picker/refs/heads/master/archive/daily/2025/2025-08-31.md
2025-08-31 08:26:28,477 - INFO - ChainReactors md文件下载状态码: 200
2025-08-31 08:26:28,478 - INFO - ChainReactors获取到 155 个URL
2025-08-31 08:26:28,478 - INFO - BruceFeIix md文件URL: https://raw.githubusercontent.com/BruceFeIix/picker/refs/heads/master/archive/daily/2025/2025-08-31.md
2025-08-31 08:26:28,508 - INFO - BruceFeIix md文件下载状态码: 200
2025-08-31 08:26:28,509 - INFO - BruceFeIix获取到 155 个URL
2025-08-31 08:26:28,509 - INFO - === 开始处理 2025-08-31 的数据 ===
2025-08-31 08:26:28,509 - INFO - Doonsec原始数据: 73 个
2025-08-31 08:26:28,510 - INFO - ChainReactors原始数据: 155 个
2025-08-31 08:26:28,510 - INFO - BruceFeIix原始数据: 155 个
2025-08-31 08:26:28,510 - INFO - 开始处理Doonsec数据...
2025-08-31 08:26:28,510 - INFO - 开始处理ChainReactors数据...
2025-08-31 08:26:28,510 - INFO - 开始处理BruceFeIix数据...
2025-08-31 08:26:28,510 - INFO - 去重后共 164 个URL待处理，跳过 219 个重复URL
2025-08-31 08:26:28,510 - INFO - 去重后统计 - Doonsec: 54 个, ChainReactors: 110 个, BruceFeIix: 0 个
2025-08-31 08:26:28,511 - INFO - === 开始关键词过滤 ===
2025-08-31 08:26:28,517 - INFO - 关键词过滤: 匹配 2 个，跳过 162 个
2025-08-31 08:26:28,517 - INFO - 关键词过滤后统计 - Doonsec: 2 个, ChainReactors: 0 个, BruceFeIix: 0 个
2025-08-31 08:26:28,530 - INFO - 已创建每日报告: md/2025-08-31.md
2025-08-31 08:26:28,530 - INFO - === 跳过二进制文件处理，只更新data.json ===
2025-08-31 08:26:28,564 - INFO - 已更新data.json，添加了 2 个URL
2025-08-31 08:26:28,564 - INFO - 已创建每日报告: md/2025-08-31.md
2025-08-31 08:26:28,564 - INFO - === 执行完成 ===
2025-08-31 12:42:29,607 - INFO - === 开始执行微信文章归档工具 ===
2025-08-31 12:42:29,608 - INFO - 数据文件: data.json
2025-08-31 12:42:29,608 - INFO - 可执行文件: ./bin/wechatmp2markdown-v1.1.11_linux_amd64
2025-08-31 12:42:29,608 - INFO - 文档目录: doc
2025-08-31 12:42:29,642 - INFO - 已加载 20158 条历史记录
2025-08-31 12:42:29,642 - INFO - === 开始今日拉取 ===
2025-08-31 12:42:29,642 - INFO - 开始获取Doonsec RSS
2025-08-31 12:42:29,642 - INFO - 目标日期: 2025-08-31
2025-08-31 12:43:16,194 - ERROR - Doonsec RSS解析失败: ('Connection aborted.', RemoteDisconnected('Remote end closed connection without response'))
2025-08-31 12:43:16,194 - INFO - ChainReactors md文件URL: https://raw.githubusercontent.com/chainreactors/picker/refs/heads/master/archive/daily/2025/2025-08-31.md
2025-08-31 12:43:16,323 - INFO - ChainReactors md文件下载状态码: 200
2025-08-31 12:43:16,325 - INFO - ChainReactors获取到 155 个URL
2025-08-31 12:43:16,325 - INFO - BruceFeIix md文件URL: https://raw.githubusercontent.com/BruceFeIix/picker/refs/heads/master/archive/daily/2025/2025-08-31.md
2025-08-31 12:43:16,478 - INFO - BruceFeIix md文件下载状态码: 200
2025-08-31 12:43:16,479 - INFO - BruceFeIix获取到 155 个URL
2025-08-31 12:43:16,479 - INFO - === 开始处理 2025-08-31 的数据 ===
2025-08-31 12:43:16,479 - INFO - Doonsec原始数据: 0 个
2025-08-31 12:43:16,479 - INFO - ChainReactors原始数据: 155 个
2025-08-31 12:43:16,479 - INFO - BruceFeIix原始数据: 155 个
2025-08-31 12:43:16,479 - INFO - 开始处理Doonsec数据...
2025-08-31 12:43:16,479 - INFO - 开始处理ChainReactors数据...
2025-08-31 12:43:16,479 - INFO - 开始处理BruceFeIix数据...
2025-08-31 12:43:16,480 - INFO - 去重后共 110 个URL待处理，跳过 200 个重复URL
2025-08-31 12:43:16,480 - INFO - 去重后统计 - Doonsec: 0 个, ChainReactors: 110 个, BruceFeIix: 0 个
2025-08-31 12:43:16,480 - INFO - === 开始关键词过滤 ===
2025-08-31 12:43:16,484 - INFO - 关键词过滤: 匹配 0 个，跳过 110 个
2025-08-31 12:43:16,484 - INFO - 关键词过滤后统计 - Doonsec: 0 个, ChainReactors: 0 个, BruceFeIix: 0 个
2025-08-31 12:43:16,484 - INFO - === 跳过二进制文件处理，只更新data.json ===
2025-08-31 12:43:16,517 - INFO - 已更新data.json，添加了 0 个URL
2025-08-31 12:43:16,517 - INFO - === 执行完成 ===
2025-08-31 16:25:50,913 - INFO - === 开始执行微信文章归档工具 ===
2025-08-31 16:25:50,914 - INFO - 数据文件: data.json
2025-08-31 16:25:50,914 - INFO - 可执行文件: ./bin/wechatmp2markdown-v1.1.11_linux_amd64
2025-08-31 16:25:50,914 - INFO - 文档目录: doc
2025-08-31 16:25:50,948 - INFO - 已加载 20158 条历史记录
2025-08-31 16:25:50,948 - INFO - === 开始今日拉取 ===
2025-08-31 16:25:50,948 - INFO - 开始获取Doonsec RSS
2025-08-31 16:25:50,948 - INFO - 目标日期: 2025-08-31
2025-08-31 16:25:52,926 - INFO - Doonsec RSS请求成功
2025-08-31 16:25:52,928 - INFO - RSS中共有 200 个条目
2025-08-31 16:25:52,928 - INFO - Doonsec获取到 117 个2025-08-31的微信文章URL
2025-08-31 16:25:52,929 - INFO - ChainReactors md文件URL: https://raw.githubusercontent.com/chainreactors/picker/refs/heads/master/archive/daily/2025/2025-08-31.md
2025-08-31 16:25:52,996 - INFO - ChainReactors md文件下载状态码: 200
2025-08-31 16:25:52,998 - INFO - ChainReactors获取到 155 个URL
2025-08-31 16:25:52,998 - INFO - BruceFeIix md文件URL: https://raw.githubusercontent.com/BruceFeIix/picker/refs/heads/master/archive/daily/2025/2025-08-31.md
2025-08-31 16:25:53,141 - INFO - BruceFeIix md文件下载状态码: 200
2025-08-31 16:25:53,142 - INFO - BruceFeIix获取到 155 个URL
2025-08-31 16:25:53,142 - INFO - === 开始处理 2025-08-31 的数据 ===
2025-08-31 16:25:53,142 - INFO - Doonsec原始数据: 117 个
2025-08-31 16:25:53,142 - INFO - ChainReactors原始数据: 155 个
2025-08-31 16:25:53,143 - INFO - BruceFeIix原始数据: 155 个
2025-08-31 16:25:53,143 - INFO - 开始处理Doonsec数据...
2025-08-31 16:25:53,143 - INFO - 开始处理ChainReactors数据...
2025-08-31 16:25:53,143 - INFO - 开始处理BruceFeIix数据...
2025-08-31 16:25:53,143 - INFO - 去重后共 206 个URL待处理，跳过 221 个重复URL
2025-08-31 16:25:53,143 - INFO - 去重后统计 - Doonsec: 96 个, ChainReactors: 110 个, BruceFeIix: 0 个
2025-08-31 16:25:53,143 - INFO - === 开始关键词过滤 ===
2025-08-31 16:25:53,151 - INFO - 关键词过滤: 匹配 13 个，跳过 193 个
2025-08-31 16:25:53,151 - INFO - 关键词过滤后统计 - Doonsec: 13 个, ChainReactors: 0 个, BruceFeIix: 0 个
2025-08-31 16:25:53,164 - INFO - 已创建每日报告: md/2025-08-31.md
2025-08-31 16:25:53,164 - INFO - === 跳过二进制文件处理，只更新data.json ===
2025-08-31 16:25:53,197 - INFO - 已更新data.json，添加了 13 个URL
2025-08-31 16:25:53,198 - INFO - 已创建每日报告: md/2025-08-31.md
2025-08-31 16:25:53,198 - INFO - === 执行完成 ===
2025-08-31 20:23:15,647 - INFO - === 开始执行微信文章归档工具 ===
2025-08-31 20:23:15,647 - INFO - 数据文件: data.json
2025-08-31 20:23:15,648 - INFO - 可执行文件: ./bin/wechatmp2markdown-v1.1.11_linux_amd64
2025-08-31 20:23:15,648 - INFO - 文档目录: doc
2025-08-31 20:23:15,681 - INFO - 已加载 20171 条历史记录
2025-08-31 20:23:15,682 - INFO - === 开始今日拉取 ===
2025-08-31 20:23:15,682 - INFO - 开始获取Doonsec RSS
2025-08-31 20:23:15,682 - INFO - 目标日期: 2025-08-31
2025-08-31 20:23:19,389 - INFO - Doonsec RSS请求成功
2025-08-31 20:23:19,390 - INFO - RSS中共有 200 个条目
2025-08-31 20:23:19,391 - INFO - Doonsec获取到 118 个2025-08-31的微信文章URL
2025-08-31 20:23:19,392 - INFO - ChainReactors md文件URL: https://raw.githubusercontent.com/chainreactors/picker/refs/heads/master/archive/daily/2025/2025-08-31.md
2025-08-31 20:23:19,477 - INFO - ChainReactors md文件下载状态码: 200
2025-08-31 20:23:19,478 - INFO - ChainReactors获取到 155 个URL
2025-08-31 20:23:19,478 - INFO - BruceFeIix md文件URL: https://raw.githubusercontent.com/BruceFeIix/picker/refs/heads/master/archive/daily/2025/2025-08-31.md
2025-08-31 20:23:19,549 - INFO - BruceFeIix md文件下载状态码: 200
2025-08-31 20:23:19,550 - INFO - BruceFeIix获取到 155 个URL
2025-08-31 20:23:19,550 - INFO - === 开始处理 2025-08-31 的数据 ===
2025-08-31 20:23:19,550 - INFO - Doonsec原始数据: 118 个
2025-08-31 20:23:19,550 - INFO - ChainReactors原始数据: 155 个
2025-08-31 20:23:19,550 - INFO - BruceFeIix原始数据: 155 个
2025-08-31 20:23:19,550 - INFO - 开始处理Doonsec数据...
2025-08-31 20:23:19,550 - INFO - 开始处理ChainReactors数据...
2025-08-31 20:23:19,550 - INFO - 开始处理BruceFeIix数据...
2025-08-31 20:23:19,551 - INFO - 去重后共 194 个URL待处理，跳过 234 个重复URL
2025-08-31 20:23:19,551 - INFO - 去重后统计 - Doonsec: 84 个, ChainReactors: 110 个, BruceFeIix: 0 个
2025-08-31 20:23:19,551 - INFO - === 开始关键词过滤 ===
2025-08-31 20:23:19,558 - INFO - 关键词过滤: 匹配 0 个，跳过 194 个
2025-08-31 20:23:19,558 - INFO - 关键词过滤后统计 - Doonsec: 0 个, ChainReactors: 0 个, BruceFeIix: 0 个
2025-08-31 20:23:19,558 - INFO - === 跳过二进制文件处理，只更新data.json ===
2025-08-31 20:23:19,591 - INFO - 已更新data.json，添加了 0 个URL
2025-08-31 20:23:19,592 - INFO - === 执行完成 ===
2025-09-01 02:04:45,656 - INFO - === 开始执行微信文章归档工具 ===
2025-09-01 02:04:45,656 - INFO - 数据文件: data.json
2025-09-01 02:04:45,657 - INFO - 可执行文件: ./bin/wechatmp2markdown-v1.1.11_linux_amd64
2025-09-01 02:04:45,657 - INFO - 文档目录: doc
2025-09-01 02:04:45,692 - INFO - 已加载 20171 条历史记录
2025-09-01 02:04:45,692 - INFO - === 开始今日拉取 ===
2025-09-01 02:04:45,692 - INFO - 开始获取Doonsec RSS
2025-09-01 02:04:45,692 - INFO - 目标日期: 2025-09-01
2025-09-01 02:04:47,552 - INFO - Doonsec RSS请求成功
2025-09-01 02:04:47,554 - INFO - RSS中共有 200 个条目
2025-09-01 02:04:47,554 - INFO - Doonsec获取到 91 个2025-09-01的微信文章URL
2025-09-01 02:04:47,556 - INFO - ChainReactors md文件URL: https://raw.githubusercontent.com/chainreactors/picker/refs/heads/master/archive/daily/2025/2025-09-01.md
2025-09-01 02:04:47,613 - INFO - ChainReactors md文件下载状态码: 404
2025-09-01 02:04:47,613 - WARNING - ChainReactors md文件下载失败: https://raw.githubusercontent.com/chainreactors/picker/refs/heads/master/archive/daily/2025/2025-09-01.md 状态码: 404
2025-09-01 02:04:47,613 - INFO - BruceFeIix md文件URL: https://raw.githubusercontent.com/BruceFeIix/picker/refs/heads/master/archive/daily/2025/2025-09-01.md
2025-09-01 02:04:47,686 - INFO - BruceFeIix md文件下载状态码: 404
2025-09-01 02:04:47,686 - WARNING - BruceFeIix md文件下载失败: https://raw.githubusercontent.com/BruceFeIix/picker/refs/heads/master/archive/daily/2025/2025-09-01.md 状态码: 404
2025-09-01 02:04:47,687 - INFO - === 开始处理 2025-09-01 的数据 ===
2025-09-01 02:04:47,687 - INFO - Doonsec原始数据: 91 个
2025-09-01 02:04:47,687 - INFO - ChainReactors原始数据: 0 个
2025-09-01 02:04:47,687 - INFO - BruceFeIix原始数据: 0 个
2025-09-01 02:04:47,687 - INFO - 开始处理Doonsec数据...
2025-09-01 02:04:47,687 - INFO - 开始处理ChainReactors数据...
2025-09-01 02:04:47,687 - INFO - 开始处理BruceFeIix数据...
2025-09-01 02:04:47,687 - INFO - 去重后共 91 个URL待处理，跳过 0 个重复URL
2025-09-01 02:04:47,687 - INFO - 去重后统计 - Doonsec: 91 个, ChainReactors: 0 个, BruceFeIix: 0 个
2025-09-01 02:04:47,687 - INFO - === 开始关键词过滤 ===
2025-09-01 02:04:47,690 - INFO - 关键词过滤: 匹配 27 个，跳过 64 个
2025-09-01 02:04:47,690 - INFO - 关键词过滤后统计 - Doonsec: 27 个, ChainReactors: 0 个, BruceFeIix: 0 个
2025-09-01 02:04:47,709 - INFO - 已创建每日报告: md/2025-09-01.md
2025-09-01 02:04:47,710 - INFO - === 跳过二进制文件处理，只更新data.json ===
2025-09-01 02:04:47,743 - INFO - 已更新data.json，添加了 27 个URL
2025-09-01 02:04:47,744 - INFO - 已创建每日报告: md/2025-09-01.md
2025-09-01 02:04:47,744 - INFO - === 执行完成 ===
2025-09-01 04:32:31,193 - INFO - === 开始执行微信文章归档工具 ===
2025-09-01 04:32:31,194 - INFO - 数据文件: data.json
2025-09-01 04:32:31,194 - INFO - 可执行文件: ./bin/wechatmp2markdown-v1.1.11_linux_amd64
2025-09-01 04:32:31,194 - INFO - 文档目录: doc
2025-09-01 04:32:31,227 - INFO - 已加载 20198 条历史记录
2025-09-01 04:32:31,227 - INFO - === 开始今日拉取 ===
2025-09-01 04:32:31,228 - INFO - 开始获取Doonsec RSS
2025-09-01 04:32:31,228 - INFO - 目标日期: 2025-09-01
2025-09-01 04:32:33,044 - INFO - Doonsec RSS请求成功
2025-09-01 04:32:33,046 - INFO - RSS中共有 200 个条目
2025-09-01 04:32:33,047 - INFO - Doonsec获取到 126 个2025-09-01的微信文章URL
2025-09-01 04:32:33,048 - INFO - ChainReactors md文件URL: https://raw.githubusercontent.com/chainreactors/picker/refs/heads/master/archive/daily/2025/2025-09-01.md
2025-09-01 04:32:33,083 - INFO - ChainReactors md文件下载状态码: 200
2025-09-01 04:32:33,083 - INFO - ChainReactors获取到 102 个URL
2025-09-01 04:32:33,084 - INFO - BruceFeIix md文件URL: https://raw.githubusercontent.com/BruceFeIix/picker/refs/heads/master/archive/daily/2025/2025-09-01.md
2025-09-01 04:32:33,116 - INFO - BruceFeIix md文件下载状态码: 200
2025-09-01 04:32:33,117 - INFO - BruceFeIix获取到 102 个URL
2025-09-01 04:32:33,117 - INFO - === 开始处理 2025-09-01 的数据 ===
2025-09-01 04:32:33,117 - INFO - Doonsec原始数据: 126 个
2025-09-01 04:32:33,117 - INFO - ChainReactors原始数据: 102 个
2025-09-01 04:32:33,117 - INFO - BruceFeIix原始数据: 102 个
2025-09-01 04:32:33,117 - INFO - 开始处理Doonsec数据...
2025-09-01 04:32:33,117 - INFO - 开始处理ChainReactors数据...
2025-09-01 04:32:33,118 - INFO - 开始处理BruceFeIix数据...
2025-09-01 04:32:33,118 - INFO - 去重后共 167 个URL待处理，跳过 163 个重复URL
2025-09-01 04:32:33,118 - INFO - 去重后统计 - Doonsec: 99 个, ChainReactors: 68 个, BruceFeIix: 0 个
2025-09-01 04:32:33,118 - INFO - === 开始关键词过滤 ===
2025-09-01 04:32:33,123 - INFO - 关键词过滤: 匹配 13 个，跳过 154 个
2025-09-01 04:32:33,124 - INFO - 关键词过滤后统计 - Doonsec: 13 个, ChainReactors: 0 个, BruceFeIix: 0 个
2025-09-01 04:32:33,129 - INFO - 已创建每日报告: md/2025-09-01.md
2025-09-01 04:32:33,129 - INFO - === 跳过二进制文件处理，只更新data.json ===
2025-09-01 04:32:33,163 - INFO - 已更新data.json，添加了 13 个URL
2025-09-01 04:32:33,163 - INFO - 已创建每日报告: md/2025-09-01.md
2025-09-01 04:32:33,163 - INFO - === 执行完成 ===
2025-09-01 08:33:19,013 - INFO - === 开始执行微信文章归档工具 ===
2025-09-01 08:33:19,013 - INFO - 数据文件: data.json
2025-09-01 08:33:19,014 - INFO - 可执行文件: ./bin/wechatmp2markdown-v1.1.11_linux_amd64
2025-09-01 08:33:19,014 - INFO - 文档目录: doc
2025-09-01 08:33:19,053 - INFO - 已加载 20211 条历史记录
2025-09-01 08:33:19,053 - INFO - === 开始今日拉取 ===
2025-09-01 08:33:19,053 - INFO - 开始获取Doonsec RSS
2025-09-01 08:33:19,053 - INFO - 目标日期: 2025-09-01
2025-09-01 08:33:22,396 - INFO - Doonsec RSS请求成功
2025-09-01 08:33:22,397 - INFO - RSS中共有 200 个条目
2025-09-01 08:33:22,398 - INFO - Doonsec获取到 200 个2025-09-01的微信文章URL
2025-09-01 08:33:22,399 - INFO - ChainReactors md文件URL: https://raw.githubusercontent.com/chainreactors/picker/refs/heads/master/archive/daily/2025/2025-09-01.md
2025-09-01 08:33:22,434 - INFO - ChainReactors md文件下载状态码: 200
2025-09-01 08:33:22,434 - INFO - ChainReactors获取到 102 个URL
2025-09-01 08:33:22,434 - INFO - BruceFeIix md文件URL: https://raw.githubusercontent.com/BruceFeIix/picker/refs/heads/master/archive/daily/2025/2025-09-01.md
2025-09-01 08:33:22,471 - INFO - BruceFeIix md文件下载状态码: 200
2025-09-01 08:33:22,472 - INFO - BruceFeIix获取到 102 个URL
2025-09-01 08:33:22,472 - INFO - === 开始处理 2025-09-01 的数据 ===
2025-09-01 08:33:22,472 - INFO - Doonsec原始数据: 200 个
2025-09-01 08:33:22,472 - INFO - ChainReactors原始数据: 102 个
2025-09-01 08:33:22,472 - INFO - BruceFeIix原始数据: 102 个
2025-09-01 08:33:22,472 - INFO - 开始处理Doonsec数据...
2025-09-01 08:33:22,472 - INFO - 开始处理ChainReactors数据...
2025-09-01 08:33:22,473 - INFO - 开始处理BruceFeIix数据...
2025-09-01 08:33:22,473 - INFO - 去重后共 228 个URL待处理，跳过 176 个重复URL
2025-09-01 08:33:22,473 - INFO - 去重后统计 - Doonsec: 160 个, ChainReactors: 68 个, BruceFeIix: 0 个
2025-09-01 08:33:22,473 - INFO - === 开始关键词过滤 ===
2025-09-01 08:33:22,481 - INFO - 关键词过滤: 匹配 17 个，跳过 211 个
2025-09-01 08:33:22,481 - INFO - 关键词过滤后统计 - Doonsec: 17 个, ChainReactors: 0 个, BruceFeIix: 0 个
2025-09-01 08:33:22,496 - INFO - 已创建每日报告: md/2025-09-01.md
2025-09-01 08:33:22,496 - INFO - === 跳过二进制文件处理，只更新data.json ===
2025-09-01 08:33:22,530 - INFO - 已更新data.json，添加了 17 个URL
2025-09-01 08:33:22,530 - INFO - 已创建每日报告: md/2025-09-01.md
2025-09-01 08:33:22,530 - INFO - === 执行完成 ===
2025-09-01 12:49:54,306 - INFO - === 开始执行微信文章归档工具 ===
2025-09-01 12:49:54,307 - INFO - 数据文件: data.json
2025-09-01 12:49:54,307 - INFO - 可执行文件: ./bin/wechatmp2markdown-v1.1.11_linux_amd64
2025-09-01 12:49:54,307 - INFO - 文档目录: doc
2025-09-01 12:49:54,341 - INFO - 已加载 20228 条历史记录
2025-09-01 12:49:54,341 - INFO - === 开始今日拉取 ===
2025-09-01 12:49:54,341 - INFO - 开始获取Doonsec RSS
2025-09-01 12:49:54,341 - INFO - 目标日期: 2025-09-01
2025-09-01 12:49:58,659 - INFO - Doonsec RSS请求成功
2025-09-01 12:49:58,661 - INFO - RSS中共有 200 个条目
2025-09-01 12:49:58,662 - INFO - Doonsec获取到 200 个2025-09-01的微信文章URL
2025-09-01 12:49:58,663 - INFO - ChainReactors md文件URL: https://raw.githubusercontent.com/chainreactors/picker/refs/heads/master/archive/daily/2025/2025-09-01.md
2025-09-01 12:49:58,704 - INFO - ChainReactors md文件下载状态码: 200
2025-09-01 12:49:58,705 - INFO - ChainReactors获取到 102 个URL
2025-09-01 12:49:58,705 - INFO - BruceFeIix md文件URL: https://raw.githubusercontent.com/BruceFeIix/picker/refs/heads/master/archive/daily/2025/2025-09-01.md
2025-09-01 12:49:58,743 - INFO - BruceFeIix md文件下载状态码: 200
2025-09-01 12:49:58,744 - INFO - BruceFeIix获取到 102 个URL
2025-09-01 12:49:58,744 - INFO - === 开始处理 2025-09-01 的数据 ===
2025-09-01 12:49:58,744 - INFO - Doonsec原始数据: 200 个
2025-09-01 12:49:58,744 - INFO - ChainReactors原始数据: 102 个
2025-09-01 12:49:58,744 - INFO - BruceFeIix原始数据: 102 个
2025-09-01 12:49:58,744 - INFO - 开始处理Doonsec数据...
2025-09-01 12:49:58,744 - INFO - 开始处理ChainReactors数据...
2025-09-01 12:49:58,744 - INFO - 开始处理BruceFeIix数据...
2025-09-01 12:49:58,745 - INFO - 去重后共 239 个URL待处理，跳过 165 个重复URL
2025-09-01 12:49:58,745 - INFO - 去重后统计 - Doonsec: 167 个, ChainReactors: 72 个, BruceFeIix: 0 个
2025-09-01 12:49:58,745 - INFO - === 开始关键词过滤 ===
2025-09-01 12:49:58,753 - INFO - 关键词过滤: 匹配 27 个，跳过 212 个
2025-09-01 12:49:58,753 - INFO - 关键词过滤后统计 - Doonsec: 27 个, ChainReactors: 0 个, BruceFeIix: 0 个
2025-09-01 12:49:58,766 - INFO - 已创建每日报告: md/2025-09-01.md
2025-09-01 12:49:58,767 - INFO - === 跳过二进制文件处理，只更新data.json ===
2025-09-01 12:49:58,800 - INFO - 已更新data.json，添加了 27 个URL
2025-09-01 12:49:58,800 - INFO - 已创建每日报告: md/2025-09-01.md
2025-09-01 12:49:58,801 - INFO - === 执行完成 ===
2025-09-01 16:27:47,563 - INFO - === 开始执行微信文章归档工具 ===
2025-09-01 16:27:47,564 - INFO - 数据文件: data.json
2025-09-01 16:27:47,564 - INFO - 可执行文件: ./bin/wechatmp2markdown-v1.1.11_linux_amd64
2025-09-01 16:27:47,564 - INFO - 文档目录: doc
2025-09-01 16:27:47,599 - INFO - 已加载 20255 条历史记录
2025-09-01 16:27:47,600 - INFO - === 开始今日拉取 ===
2025-09-01 16:27:47,600 - INFO - 开始获取Doonsec RSS
2025-09-01 16:27:47,600 - INFO - 目标日期: 2025-09-01
2025-09-01 16:27:50,086 - INFO - Doonsec RSS请求成功
2025-09-01 16:27:50,087 - INFO - RSS中共有 200 个条目
2025-09-01 16:27:50,088 - INFO - Doonsec获取到 197 个2025-09-01的微信文章URL
2025-09-01 16:27:50,089 - INFO - ChainReactors md文件URL: https://raw.githubusercontent.com/chainreactors/picker/refs/heads/master/archive/daily/2025/2025-09-01.md
2025-09-01 16:27:50,122 - INFO - ChainReactors md文件下载状态码: 200
2025-09-01 16:27:50,123 - INFO - ChainReactors获取到 102 个URL
2025-09-01 16:27:50,123 - INFO - BruceFeIix md文件URL: https://raw.githubusercontent.com/BruceFeIix/picker/refs/heads/master/archive/daily/2025/2025-09-01.md
2025-09-01 16:27:50,162 - INFO - BruceFeIix md文件下载状态码: 200
2025-09-01 16:27:50,163 - INFO - BruceFeIix获取到 102 个URL
2025-09-01 16:27:50,163 - INFO - === 开始处理 2025-09-01 的数据 ===
2025-09-01 16:27:50,164 - INFO - Doonsec原始数据: 197 个
2025-09-01 16:27:50,164 - INFO - ChainReactors原始数据: 102 个
2025-09-01 16:27:50,164 - INFO - BruceFeIix原始数据: 102 个
2025-09-01 16:27:50,164 - INFO - 开始处理Doonsec数据...
2025-09-01 16:27:50,164 - INFO - 开始处理ChainReactors数据...
2025-09-01 16:27:50,164 - INFO - 开始处理BruceFeIix数据...
2025-09-01 16:27:50,164 - INFO - 去重后共 216 个URL待处理，跳过 185 个重复URL
2025-09-01 16:27:50,164 - INFO - 去重后统计 - Doonsec: 144 个, ChainReactors: 72 个, BruceFeIix: 0 个
2025-09-01 16:27:50,165 - INFO - === 开始关键词过滤 ===
2025-09-01 16:27:50,172 - INFO - 关键词过滤: 匹配 3 个，跳过 213 个
2025-09-01 16:27:50,172 - INFO - 关键词过滤后统计 - Doonsec: 3 个, ChainReactors: 0 个, BruceFeIix: 0 个
2025-09-01 16:27:50,184 - INFO - 已创建每日报告: md/2025-09-01.md
2025-09-01 16:27:50,184 - INFO - === 跳过二进制文件处理，只更新data.json ===
2025-09-01 16:27:50,218 - INFO - 已更新data.json，添加了 3 个URL
2025-09-01 16:27:50,218 - INFO - 已创建每日报告: md/2025-09-01.md
2025-09-01 16:27:50,218 - INFO - === 执行完成 ===
2025-09-01 20:23:21,713 - INFO - === 开始执行微信文章归档工具 ===
2025-09-01 20:23:21,714 - INFO - 数据文件: data.json
2025-09-01 20:23:21,714 - INFO - 可执行文件: ./bin/wechatmp2markdown-v1.1.11_linux_amd64
2025-09-01 20:23:21,714 - INFO - 文档目录: doc
2025-09-01 20:23:21,750 - INFO - 已加载 20258 条历史记录
2025-09-01 20:23:21,750 - INFO - === 开始今日拉取 ===
2025-09-01 20:23:21,750 - INFO - 开始获取Doonsec RSS
2025-09-01 20:23:21,750 - INFO - 目标日期: 2025-09-01
2025-09-01 20:28:05,260 - ERROR - Doonsec RSS解析失败: ('Connection aborted.', ConnectionResetError(104, 'Connection reset by peer'))
2025-09-01 20:28:05,261 - INFO - ChainReactors md文件URL: https://raw.githubusercontent.com/chainreactors/picker/refs/heads/master/archive/daily/2025/2025-09-01.md
2025-09-01 20:28:05,312 - INFO - ChainReactors md文件下载状态码: 200
2025-09-01 20:28:05,314 - INFO - ChainReactors获取到 102 个URL
2025-09-01 20:28:05,314 - INFO - BruceFeIix md文件URL: https://raw.githubusercontent.com/BruceFeIix/picker/refs/heads/master/archive/daily/2025/2025-09-01.md
2025-09-01 20:28:05,356 - INFO - BruceFeIix md文件下载状态码: 200
2025-09-01 20:28:05,357 - INFO - BruceFeIix获取到 102 个URL
2025-09-01 20:28:05,357 - INFO - === 开始处理 2025-09-01 的数据 ===
2025-09-01 20:28:05,357 - INFO - Doonsec原始数据: 0 个
2025-09-01 20:28:05,357 - INFO - ChainReactors原始数据: 102 个
2025-09-01 20:28:05,357 - INFO - BruceFeIix原始数据: 102 个
2025-09-01 20:28:05,357 - INFO - 开始处理Doonsec数据...
2025-09-01 20:28:05,358 - INFO - 开始处理ChainReactors数据...
2025-09-01 20:28:05,358 - INFO - 开始处理BruceFeIix数据...
2025-09-01 20:28:05,358 - INFO - 去重后共 72 个URL待处理，跳过 132 个重复URL
2025-09-01 20:28:05,358 - INFO - 去重后统计 - Doonsec: 0 个, ChainReactors: 72 个, BruceFeIix: 0 个
2025-09-01 20:28:05,358 - INFO - === 开始关键词过滤 ===
2025-09-01 20:28:05,361 - INFO - 关键词过滤: 匹配 0 个，跳过 72 个
2025-09-01 20:28:05,361 - INFO - 关键词过滤后统计 - Doonsec: 0 个, ChainReactors: 0 个, BruceFeIix: 0 个
2025-09-01 20:28:05,361 - INFO - === 跳过二进制文件处理，只更新data.json ===
2025-09-01 20:28:05,395 - INFO - 已更新data.json，添加了 0 个URL
2025-09-01 20:28:05,395 - INFO - === 执行完成 ===
2025-09-02 01:50:58,835 - INFO - === 开始执行微信文章归档工具 ===
2025-09-02 01:50:58,836 - INFO - 数据文件: data.json
2025-09-02 01:50:58,836 - INFO - 可执行文件: ./bin/wechatmp2markdown-v1.1.11_linux_amd64
2025-09-02 01:50:58,836 - INFO - 文档目录: doc
2025-09-02 01:50:58,870 - INFO - 已加载 20258 条历史记录
2025-09-02 01:50:58,870 - INFO - === 开始今日拉取 ===
2025-09-02 01:50:58,870 - INFO - 开始获取Doonsec RSS
2025-09-02 01:50:58,870 - INFO - 目标日期: 2025-09-02
2025-09-02 01:51:00,189 - INFO - Doonsec RSS请求成功
2025-09-02 01:51:00,191 - INFO - RSS中共有 200 个条目
2025-09-02 01:51:00,191 - INFO - Doonsec获取到 84 个2025-09-02的微信文章URL
2025-09-02 01:51:00,192 - INFO - ChainReactors md文件URL: https://raw.githubusercontent.com/chainreactors/picker/refs/heads/master/archive/daily/2025/2025-09-02.md
2025-09-02 01:51:00,374 - INFO - ChainReactors md文件下载状态码: 404
2025-09-02 01:51:00,374 - WARNING - ChainReactors md文件下载失败: https://raw.githubusercontent.com/chainreactors/picker/refs/heads/master/archive/daily/2025/2025-09-02.md 状态码: 404
2025-09-02 01:51:00,374 - INFO - BruceFeIix md文件URL: https://raw.githubusercontent.com/BruceFeIix/picker/refs/heads/master/archive/daily/2025/2025-09-02.md
2025-09-02 01:51:00,521 - INFO - BruceFeIix md文件下载状态码: 404
2025-09-02 01:51:00,522 - WARNING - BruceFeIix md文件下载失败: https://raw.githubusercontent.com/BruceFeIix/picker/refs/heads/master/archive/daily/2025/2025-09-02.md 状态码: 404
2025-09-02 01:51:00,522 - INFO - === 开始处理 2025-09-02 的数据 ===
2025-09-02 01:51:00,522 - INFO - Doonsec原始数据: 84 个
2025-09-02 01:51:00,522 - INFO - ChainReactors原始数据: 0 个
2025-09-02 01:51:00,522 - INFO - BruceFeIix原始数据: 0 个
2025-09-02 01:51:00,522 - INFO - 开始处理Doonsec数据...
2025-09-02 01:51:00,522 - INFO - 开始处理ChainReactors数据...
2025-09-02 01:51:00,522 - INFO - 开始处理BruceFeIix数据...
2025-09-02 01:51:00,522 - INFO - 去重后共 84 个URL待处理，跳过 0 个重复URL
2025-09-02 01:51:00,522 - INFO - 去重后统计 - Doonsec: 84 个, ChainReactors: 0 个, BruceFeIix: 0 个
2025-09-02 01:51:00,523 - INFO - === 开始关键词过滤 ===
2025-09-02 01:51:00,526 - INFO - 关键词过滤: 匹配 24 个，跳过 60 个
2025-09-02 01:51:00,526 - INFO - 关键词过滤后统计 - Doonsec: 24 个, ChainReactors: 0 个, BruceFeIix: 0 个
2025-09-02 01:51:00,538 - INFO - 已创建每日报告: md/2025-09-02.md
2025-09-02 01:51:00,538 - INFO - === 跳过二进制文件处理，只更新data.json ===
2025-09-02 01:51:00,571 - INFO - 已更新data.json，添加了 24 个URL
2025-09-02 01:51:00,572 - INFO - 已创建每日报告: md/2025-09-02.md
2025-09-02 01:51:00,572 - INFO - === 执行完成 ===
2025-09-02 04:28:03,461 - INFO - === 开始执行微信文章归档工具 ===
2025-09-02 04:28:03,462 - INFO - 数据文件: data.json
2025-09-02 04:28:03,462 - INFO - 可执行文件: ./bin/wechatmp2markdown-v1.1.11_linux_amd64
2025-09-02 04:28:03,462 - INFO - 文档目录: doc
2025-09-02 04:28:03,496 - INFO - 已加载 20282 条历史记录
2025-09-02 04:28:03,497 - INFO - === 开始今日拉取 ===
2025-09-02 04:28:03,497 - INFO - 开始获取Doonsec RSS
2025-09-02 04:28:03,497 - INFO - 目标日期: 2025-09-02
2025-09-02 04:28:05,685 - INFO - Doonsec RSS请求成功
2025-09-02 04:28:05,687 - INFO - RSS中共有 200 个条目
2025-09-02 04:28:05,687 - INFO - Doonsec获取到 121 个2025-09-02的微信文章URL
2025-09-02 04:28:05,688 - INFO - ChainReactors md文件URL: https://raw.githubusercontent.com/chainreactors/picker/refs/heads/master/archive/daily/2025/2025-09-02.md
2025-09-02 04:28:05,736 - INFO - ChainReactors md文件下载状态码: 200
2025-09-02 04:28:05,737 - INFO - ChainReactors获取到 162 个URL
2025-09-02 04:28:05,737 - INFO - BruceFeIix md文件URL: https://raw.githubusercontent.com/BruceFeIix/picker/refs/heads/master/archive/daily/2025/2025-09-02.md
2025-09-02 04:28:05,782 - INFO - BruceFeIix md文件下载状态码: 200
2025-09-02 04:28:05,783 - INFO - BruceFeIix获取到 159 个URL
2025-09-02 04:28:05,783 - INFO - === 开始处理 2025-09-02 的数据 ===
2025-09-02 04:28:05,783 - INFO - Doonsec原始数据: 121 个
2025-09-02 04:28:05,783 - INFO - ChainReactors原始数据: 162 个
2025-09-02 04:28:05,783 - INFO - BruceFeIix原始数据: 159 个
2025-09-02 04:28:05,783 - INFO - 开始处理Doonsec数据...
2025-09-02 04:28:05,784 - INFO - 开始处理ChainReactors数据...
2025-09-02 04:28:05,784 - INFO - 开始处理BruceFeIix数据...
2025-09-02 04:28:05,784 - INFO - 去重后共 211 个URL待处理，跳过 231 个重复URL
2025-09-02 04:28:05,784 - INFO - 去重后统计 - Doonsec: 97 个, ChainReactors: 114 个, BruceFeIix: 0 个
2025-09-02 04:28:05,784 - INFO - === 开始关键词过滤 ===
2025-09-02 04:28:05,791 - INFO - 关键词过滤: 匹配 28 个，跳过 183 个
2025-09-02 04:28:05,791 - INFO - 关键词过滤后统计 - Doonsec: 10 个, ChainReactors: 18 个, BruceFeIix: 0 个
2025-09-02 04:28:05,804 - INFO - 已创建每日报告: md/2025-09-02.md
2025-09-02 04:28:05,804 - INFO - === 跳过二进制文件处理，只更新data.json ===
2025-09-02 04:28:05,837 - INFO - 已更新data.json，添加了 28 个URL
2025-09-02 04:28:05,838 - INFO - 已创建每日报告: md/2025-09-02.md
2025-09-02 04:28:05,838 - INFO - === 执行完成 ===
2025-09-02 08:31:13,761 - INFO - === 开始执行微信文章归档工具 ===
2025-09-02 08:31:13,762 - INFO - 数据文件: data.json
2025-09-02 08:31:13,762 - INFO - 可执行文件: ./bin/wechatmp2markdown-v1.1.11_linux_amd64
2025-09-02 08:31:13,762 - INFO - 文档目录: doc
2025-09-02 08:31:13,796 - INFO - 已加载 20310 条历史记录
2025-09-02 08:31:13,796 - INFO - === 开始今日拉取 ===
2025-09-02 08:31:13,796 - INFO - 开始获取Doonsec RSS
2025-09-02 08:31:13,796 - INFO - 目标日期: 2025-09-02
2025-09-02 08:31:15,044 - INFO - Doonsec RSS请求成功
2025-09-02 08:31:15,046 - INFO - RSS中共有 200 个条目
2025-09-02 08:31:15,047 - INFO - Doonsec获取到 191 个2025-09-02的微信文章URL
2025-09-02 08:31:15,049 - INFO - ChainReactors md文件URL: https://raw.githubusercontent.com/chainreactors/picker/refs/heads/master/archive/daily/2025/2025-09-02.md
2025-09-02 08:31:15,091 - INFO - ChainReactors md文件下载状态码: 200
2025-09-02 08:31:15,092 - INFO - ChainReactors获取到 162 个URL
2025-09-02 08:31:15,092 - INFO - BruceFeIix md文件URL: https://raw.githubusercontent.com/BruceFeIix/picker/refs/heads/master/archive/daily/2025/2025-09-02.md
2025-09-02 08:31:15,250 - INFO - BruceFeIix md文件下载状态码: 200
2025-09-02 08:31:15,250 - INFO - BruceFeIix获取到 159 个URL
2025-09-02 08:31:15,251 - INFO - === 开始处理 2025-09-02 的数据 ===
2025-09-02 08:31:15,251 - INFO - Doonsec原始数据: 191 个
2025-09-02 08:31:15,251 - INFO - ChainReactors原始数据: 162 个
2025-09-02 08:31:15,251 - INFO - BruceFeIix原始数据: 159 个
2025-09-02 08:31:15,251 - INFO - 开始处理Doonsec数据...
2025-09-02 08:31:15,251 - INFO - 开始处理ChainReactors数据...
2025-09-02 08:31:15,251 - INFO - 开始处理BruceFeIix数据...
2025-09-02 08:31:15,252 - INFO - 去重后共 253 个URL待处理，跳过 259 个重复URL
2025-09-02 08:31:15,252 - INFO - 去重后统计 - Doonsec: 157 个, ChainReactors: 96 个, BruceFeIix: 0 个
2025-09-02 08:31:15,252 - INFO - === 开始关键词过滤 ===
2025-09-02 08:31:15,260 - INFO - 关键词过滤: 匹配 20 个，跳过 233 个
2025-09-02 08:31:15,260 - INFO - 关键词过滤后统计 - Doonsec: 20 个, ChainReactors: 0 个, BruceFeIix: 0 个
2025-09-02 08:31:15,266 - INFO - 已创建每日报告: md/2025-09-02.md
2025-09-02 08:31:15,266 - INFO - === 跳过二进制文件处理，只更新data.json ===
2025-09-02 08:31:15,300 - INFO - 已更新data.json，添加了 20 个URL
2025-09-02 08:31:15,300 - INFO - 已创建每日报告: md/2025-09-02.md
2025-09-02 08:31:15,300 - INFO - === 执行完成 ===
2025-09-02 12:49:31,111 - INFO - === 开始执行微信文章归档工具 ===
2025-09-02 12:49:31,112 - INFO - 数据文件: data.json
2025-09-02 12:49:31,112 - INFO - 可执行文件: ./bin/wechatmp2markdown-v1.1.11_linux_amd64
2025-09-02 12:49:31,112 - INFO - 文档目录: doc
2025-09-02 12:49:31,146 - INFO - 已加载 20330 条历史记录
2025-09-02 12:49:31,146 - INFO - === 开始今日拉取 ===
2025-09-02 12:49:31,146 - INFO - 开始获取Doonsec RSS
2025-09-02 12:49:31,146 - INFO - 目标日期: 2025-09-02
2025-09-02 12:49:37,720 - INFO - Doonsec RSS请求成功
2025-09-02 12:49:37,722 - INFO - RSS中共有 200 个条目
2025-09-02 12:49:37,722 - INFO - Doonsec获取到 200 个2025-09-02的微信文章URL
2025-09-02 12:49:37,723 - INFO - ChainReactors md文件URL: https://raw.githubusercontent.com/chainreactors/picker/refs/heads/master/archive/daily/2025/2025-09-02.md
2025-09-02 12:49:37,852 - INFO - ChainReactors md文件下载状态码: 200
2025-09-02 12:49:37,853 - INFO - ChainReactors获取到 162 个URL
2025-09-02 12:49:37,853 - INFO - BruceFeIix md文件URL: https://raw.githubusercontent.com/BruceFeIix/picker/refs/heads/master/archive/daily/2025/2025-09-02.md
2025-09-02 12:49:37,977 - INFO - BruceFeIix md文件下载状态码: 200
2025-09-02 12:49:37,978 - INFO - BruceFeIix获取到 159 个URL
2025-09-02 12:49:37,978 - INFO - === 开始处理 2025-09-02 的数据 ===
2025-09-02 12:49:37,978 - INFO - Doonsec原始数据: 200 个
2025-09-02 12:49:37,978 - INFO - ChainReactors原始数据: 162 个
2025-09-02 12:49:37,978 - INFO - BruceFeIix原始数据: 159 个
2025-09-02 12:49:37,978 - INFO - 开始处理Doonsec数据...
2025-09-02 12:49:37,979 - INFO - 开始处理ChainReactors数据...
2025-09-02 12:49:37,979 - INFO - 开始处理BruceFeIix数据...
2025-09-02 12:49:37,979 - INFO - 去重后共 269 个URL待处理，跳过 252 个重复URL
2025-09-02 12:49:37,979 - INFO - 去重后统计 - Doonsec: 173 个, ChainReactors: 96 个, BruceFeIix: 0 个
2025-09-02 12:49:37,980 - INFO - === 开始关键词过滤 ===
2025-09-02 12:49:37,989 - INFO - 关键词过滤: 匹配 30 个，跳过 239 个
2025-09-02 12:49:37,989 - INFO - 关键词过滤后统计 - Doonsec: 30 个, ChainReactors: 0 个, BruceFeIix: 0 个
2025-09-02 12:49:38,003 - INFO - 已创建每日报告: md/2025-09-02.md
2025-09-02 12:49:38,003 - INFO - === 跳过二进制文件处理，只更新data.json ===
2025-09-02 12:49:38,037 - INFO - 已更新data.json，添加了 30 个URL
2025-09-02 12:49:38,037 - INFO - 已创建每日报告: md/2025-09-02.md
2025-09-02 12:49:38,037 - INFO - === 执行完成 ===
2025-09-02 16:29:06,967 - INFO - === 开始执行微信文章归档工具 ===
2025-09-02 16:29:06,968 - INFO - 数据文件: data.json
2025-09-02 16:29:06,968 - INFO - 可执行文件: ./bin/wechatmp2markdown-v1.1.11_linux_amd64
2025-09-02 16:29:06,968 - INFO - 文档目录: doc
2025-09-02 16:29:07,002 - INFO - 已加载 20360 条历史记录
2025-09-02 16:29:07,002 - INFO - === 开始今日拉取 ===
2025-09-02 16:29:07,002 - INFO - 开始获取Doonsec RSS
2025-09-02 16:29:07,002 - INFO - 目标日期: 2025-09-02
2025-09-02 16:29:08,658 - INFO - Doonsec RSS请求成功
2025-09-02 16:29:08,660 - INFO - RSS中共有 200 个条目
2025-09-02 16:29:08,661 - INFO - Doonsec获取到 192 个2025-09-02的微信文章URL
2025-09-02 16:29:08,662 - INFO - ChainReactors md文件URL: https://raw.githubusercontent.com/chainreactors/picker/refs/heads/master/archive/daily/2025/2025-09-02.md
2025-09-02 16:29:08,707 - INFO - ChainReactors md文件下载状态码: 200
2025-09-02 16:29:08,709 - INFO - ChainReactors获取到 162 个URL
2025-09-02 16:29:08,709 - INFO - BruceFeIix md文件URL: https://raw.githubusercontent.com/BruceFeIix/picker/refs/heads/master/archive/daily/2025/2025-09-02.md
2025-09-02 16:29:08,849 - INFO - BruceFeIix md文件下载状态码: 200
2025-09-02 16:29:08,850 - INFO - BruceFeIix获取到 159 个URL
2025-09-02 16:29:08,850 - INFO - === 开始处理 2025-09-02 的数据 ===
2025-09-02 16:29:08,850 - INFO - Doonsec原始数据: 192 个
2025-09-02 16:29:08,850 - INFO - ChainReactors原始数据: 162 个
2025-09-02 16:29:08,850 - INFO - BruceFeIix原始数据: 159 个
2025-09-02 16:29:08,850 - INFO - 开始处理Doonsec数据...
2025-09-02 16:29:08,850 - INFO - 开始处理ChainReactors数据...
2025-09-02 16:29:08,851 - INFO - 开始处理BruceFeIix数据...
2025-09-02 16:29:08,851 - INFO - 去重后共 238 个URL待处理，跳过 275 个重复URL
2025-09-02 16:29:08,851 - INFO - 去重后统计 - Doonsec: 142 个, ChainReactors: 96 个, BruceFeIix: 0 个
2025-09-02 16:29:08,851 - INFO - === 开始关键词过滤 ===
2025-09-02 16:29:08,859 - INFO - 关键词过滤: 匹配 7 个，跳过 231 个
2025-09-02 16:29:08,859 - INFO - 关键词过滤后统计 - Doonsec: 7 个, ChainReactors: 0 个, BruceFeIix: 0 个
2025-09-02 16:29:08,873 - INFO - 已创建每日报告: md/2025-09-02.md
2025-09-02 16:29:08,873 - INFO - === 跳过二进制文件处理，只更新data.json ===
2025-09-02 16:29:08,906 - INFO - 已更新data.json，添加了 7 个URL
2025-09-02 16:29:08,907 - INFO - 已创建每日报告: md/2025-09-02.md
2025-09-02 16:29:08,907 - INFO - === 执行完成 ===
2025-09-02 20:22:31,023 - INFO - === 开始执行微信文章归档工具 ===
2025-09-02 20:22:31,024 - INFO - 数据文件: data.json
2025-09-02 20:22:31,024 - INFO - 可执行文件: ./bin/wechatmp2markdown-v1.1.11_linux_amd64
2025-09-02 20:22:31,024 - INFO - 文档目录: doc
2025-09-02 20:22:31,061 - INFO - 已加载 20367 条历史记录
2025-09-02 20:22:31,061 - INFO - === 开始今日拉取 ===
2025-09-02 20:22:31,061 - INFO - 开始获取Doonsec RSS
2025-09-02 20:22:31,061 - INFO - 目标日期: 2025-09-02
2025-09-02 20:22:36,114 - INFO - Doonsec RSS请求成功
2025-09-02 20:22:36,116 - INFO - RSS中共有 200 个条目
2025-09-02 20:22:36,116 - INFO - Doonsec获取到 187 个2025-09-02的微信文章URL
2025-09-02 20:22:36,117 - INFO - ChainReactors md文件URL: https://raw.githubusercontent.com/chainreactors/picker/refs/heads/master/archive/daily/2025/2025-09-02.md
2025-09-02 20:22:36,158 - INFO - ChainReactors md文件下载状态码: 200
2025-09-02 20:22:36,159 - INFO - ChainReactors获取到 162 个URL
2025-09-02 20:22:36,159 - INFO - BruceFeIix md文件URL: https://raw.githubusercontent.com/BruceFeIix/picker/refs/heads/master/archive/daily/2025/2025-09-02.md
2025-09-02 20:22:36,254 - INFO - BruceFeIix md文件下载状态码: 200
2025-09-02 20:22:36,255 - INFO - BruceFeIix获取到 159 个URL
2025-09-02 20:22:36,255 - INFO - === 开始处理 2025-09-02 的数据 ===
2025-09-02 20:22:36,255 - INFO - Doonsec原始数据: 187 个
2025-09-02 20:22:36,255 - INFO - ChainReactors原始数据: 162 个
2025-09-02 20:22:36,255 - INFO - BruceFeIix原始数据: 159 个
2025-09-02 20:22:36,255 - INFO - 开始处理Doonsec数据...
2025-09-02 20:22:36,256 - INFO - 开始处理ChainReactors数据...
2025-09-02 20:22:36,256 - INFO - 开始处理BruceFeIix数据...
2025-09-02 20:22:36,256 - INFO - 去重后共 227 个URL待处理，跳过 281 个重复URL
2025-09-02 20:22:36,256 - INFO - 去重后统计 - Doonsec: 131 个, ChainReactors: 96 个, BruceFeIix: 0 个
2025-09-02 20:22:36,256 - INFO - === 开始关键词过滤 ===
2025-09-02 20:22:36,264 - INFO - 关键词过滤: 匹配 2 个，跳过 225 个
2025-09-02 20:22:36,264 - INFO - 关键词过滤后统计 - Doonsec: 2 个, ChainReactors: 0 个, BruceFeIix: 0 个
2025-09-02 20:22:36,302 - INFO - 已创建每日报告: md/2025-09-02.md
2025-09-02 20:22:36,302 - INFO - === 跳过二进制文件处理，只更新data.json ===
2025-09-02 20:22:36,335 - INFO - 已更新data.json，添加了 2 个URL
2025-09-02 20:22:36,336 - INFO - 已创建每日报告: md/2025-09-02.md
2025-09-02 20:22:36,336 - INFO - === 执行完成 ===
2025-09-03 01:43:27,584 - INFO - === 开始执行微信文章归档工具 ===
2025-09-03 01:43:27,585 - INFO - 数据文件: data.json
2025-09-03 01:43:27,585 - INFO - 可执行文件: ./bin/wechatmp2markdown-v1.1.11_linux_amd64
2025-09-03 01:43:27,585 - INFO - 文档目录: doc
2025-09-03 01:43:27,620 - INFO - 已加载 20369 条历史记录
2025-09-03 01:43:27,620 - INFO - === 开始今日拉取 ===
2025-09-03 01:43:27,620 - INFO - 开始获取Doonsec RSS
2025-09-03 01:43:27,621 - INFO - 目标日期: 2025-09-03
2025-09-03 01:43:30,350 - INFO - Doonsec RSS请求成功
2025-09-03 01:43:30,352 - INFO - RSS中共有 200 个条目
2025-09-03 01:43:30,352 - INFO - Doonsec获取到 80 个2025-09-03的微信文章URL
2025-09-03 01:43:30,353 - INFO - ChainReactors md文件URL: https://raw.githubusercontent.com/chainreactors/picker/refs/heads/master/archive/daily/2025/2025-09-03.md
2025-09-03 01:43:30,462 - INFO - ChainReactors md文件下载状态码: 404
2025-09-03 01:43:30,462 - WARNING - ChainReactors md文件下载失败: https://raw.githubusercontent.com/chainreactors/picker/refs/heads/master/archive/daily/2025/2025-09-03.md 状态码: 404
2025-09-03 01:43:30,462 - INFO - BruceFeIix md文件URL: https://raw.githubusercontent.com/BruceFeIix/picker/refs/heads/master/archive/daily/2025/2025-09-03.md
2025-09-03 01:43:30,632 - INFO - BruceFeIix md文件下载状态码: 404
2025-09-03 01:43:30,632 - WARNING - BruceFeIix md文件下载失败: https://raw.githubusercontent.com/BruceFeIix/picker/refs/heads/master/archive/daily/2025/2025-09-03.md 状态码: 404
2025-09-03 01:43:30,632 - INFO - === 开始处理 2025-09-03 的数据 ===
2025-09-03 01:43:30,632 - INFO - Doonsec原始数据: 80 个
2025-09-03 01:43:30,632 - INFO - ChainReactors原始数据: 0 个
2025-09-03 01:43:30,632 - INFO - BruceFeIix原始数据: 0 个
2025-09-03 01:43:30,633 - INFO - 开始处理Doonsec数据...
2025-09-03 01:43:30,633 - INFO - 开始处理ChainReactors数据...
2025-09-03 01:43:30,633 - INFO - 开始处理BruceFeIix数据...
2025-09-03 01:43:30,633 - INFO - 去重后共 80 个URL待处理，跳过 0 个重复URL
2025-09-03 01:43:30,633 - INFO - 去重后统计 - Doonsec: 80 个, ChainReactors: 0 个, BruceFeIix: 0 个
2025-09-03 01:43:30,633 - INFO - === 开始关键词过滤 ===
2025-09-03 01:43:30,636 - INFO - 关键词过滤: 匹配 21 个，跳过 59 个
2025-09-03 01:43:30,636 - INFO - 关键词过滤后统计 - Doonsec: 21 个, ChainReactors: 0 个, BruceFeIix: 0 个
2025-09-03 01:43:30,717 - INFO - 已创建每日报告: md/2025-09-03.md
2025-09-03 01:43:30,717 - INFO - === 跳过二进制文件处理，只更新data.json ===
2025-09-03 01:43:30,750 - INFO - 已更新data.json，添加了 21 个URL
2025-09-03 01:43:30,751 - INFO - 已创建每日报告: md/2025-09-03.md
2025-09-03 01:43:30,751 - INFO - === 执行完成 ===
2025-09-03 04:27:00,320 - INFO - === 开始执行微信文章归档工具 ===
2025-09-03 04:27:00,321 - INFO - 数据文件: data.json
2025-09-03 04:27:00,321 - INFO - 可执行文件: ./bin/wechatmp2markdown-v1.1.11_linux_amd64
2025-09-03 04:27:00,321 - INFO - 文档目录: doc
2025-09-03 04:27:00,355 - INFO - 已加载 20390 条历史记录
2025-09-03 04:27:00,355 - INFO - === 开始今日拉取 ===
2025-09-03 04:27:00,355 - INFO - 开始获取Doonsec RSS
2025-09-03 04:27:00,355 - INFO - 目标日期: 2025-09-03
2025-09-03 04:27:02,024 - INFO - Doonsec RSS请求成功
2025-09-03 04:27:02,026 - INFO - RSS中共有 200 个条目
2025-09-03 04:27:02,027 - INFO - Doonsec获取到 132 个2025-09-03的微信文章URL
2025-09-03 04:27:02,028 - INFO - ChainReactors md文件URL: https://raw.githubusercontent.com/chainreactors/picker/refs/heads/master/archive/daily/2025/2025-09-03.md
2025-09-03 04:27:02,204 - INFO - ChainReactors md文件下载状态码: 200
2025-09-03 04:27:02,206 - INFO - ChainReactors获取到 156 个URL
2025-09-03 04:27:02,206 - INFO - BruceFeIix md文件URL: https://raw.githubusercontent.com/BruceFeIix/picker/refs/heads/master/archive/daily/2025/2025-09-03.md
2025-09-03 04:27:02,369 - INFO - BruceFeIix md文件下载状态码: 200
2025-09-03 04:27:02,370 - INFO - BruceFeIix获取到 151 个URL
2025-09-03 04:27:02,370 - INFO - === 开始处理 2025-09-03 的数据 ===
2025-09-03 04:27:02,370 - INFO - Doonsec原始数据: 132 个
2025-09-03 04:27:02,370 - INFO - ChainReactors原始数据: 156 个
2025-09-03 04:27:02,370 - INFO - BruceFeIix原始数据: 151 个
2025-09-03 04:27:02,370 - INFO - 开始处理Doonsec数据...
2025-09-03 04:27:02,370 - INFO - 开始处理ChainReactors数据...
2025-09-03 04:27:02,371 - INFO - 开始处理BruceFeIix数据...
2025-09-03 04:27:02,371 - INFO - 去重后共 217 个URL待处理，跳过 222 个重复URL
2025-09-03 04:27:02,371 - INFO - 去重后统计 - Doonsec: 111 个, ChainReactors: 106 个, BruceFeIix: 0 个
2025-09-03 04:27:02,371 - INFO - === 开始关键词过滤 ===
2025-09-03 04:27:02,379 - INFO - 关键词过滤: 匹配 20 个，跳过 197 个
2025-09-03 04:27:02,379 - INFO - 关键词过滤后统计 - Doonsec: 11 个, ChainReactors: 9 个, BruceFeIix: 0 个
2025-09-03 04:27:02,393 - INFO - 已创建每日报告: md/2025-09-03.md
2025-09-03 04:27:02,393 - INFO - === 跳过二进制文件处理，只更新data.json ===
2025-09-03 04:27:02,426 - INFO - 已更新data.json，添加了 20 个URL
2025-09-03 04:27:02,427 - INFO - 已创建每日报告: md/2025-09-03.md
2025-09-03 04:27:02,427 - INFO - === 执行完成 ===
2025-09-03 08:29:39,253 - INFO - === 开始执行微信文章归档工具 ===
2025-09-03 08:29:39,254 - INFO - 数据文件: data.json
2025-09-03 08:29:39,254 - INFO - 可执行文件: ./bin/wechatmp2markdown-v1.1.11_linux_amd64
2025-09-03 08:29:39,254 - INFO - 文档目录: doc
2025-09-03 08:29:39,289 - INFO - 已加载 20410 条历史记录
2025-09-03 08:29:39,289 - INFO - === 开始今日拉取 ===
2025-09-03 08:29:39,289 - INFO - 开始获取Doonsec RSS
2025-09-03 08:29:39,289 - INFO - 目标日期: 2025-09-03
2025-09-03 08:29:41,134 - INFO - Doonsec RSS请求成功
2025-09-03 08:29:41,136 - INFO - RSS中共有 200 个条目
2025-09-03 08:29:41,137 - INFO - Doonsec获取到 200 个2025-09-03的微信文章URL
2025-09-03 08:29:41,138 - INFO - ChainReactors md文件URL: https://raw.githubusercontent.com/chainreactors/picker/refs/heads/master/archive/daily/2025/2025-09-03.md
2025-09-03 08:29:41,176 - INFO - ChainReactors md文件下载状态码: 200
2025-09-03 08:29:41,177 - INFO - ChainReactors获取到 156 个URL
2025-09-03 08:29:41,177 - INFO - BruceFeIix md文件URL: https://raw.githubusercontent.com/BruceFeIix/picker/refs/heads/master/archive/daily/2025/2025-09-03.md
2025-09-03 08:29:41,212 - INFO - BruceFeIix md文件下载状态码: 200
2025-09-03 08:29:41,213 - INFO - BruceFeIix获取到 151 个URL
2025-09-03 08:29:41,213 - INFO - === 开始处理 2025-09-03 的数据 ===
2025-09-03 08:29:41,213 - INFO - Doonsec原始数据: 200 个
2025-09-03 08:29:41,213 - INFO - ChainReactors原始数据: 156 个
2025-09-03 08:29:41,213 - INFO - BruceFeIix原始数据: 151 个
2025-09-03 08:29:41,213 - INFO - 开始处理Doonsec数据...
2025-09-03 08:29:41,213 - INFO - 开始处理ChainReactors数据...
2025-09-03 08:29:41,214 - INFO - 开始处理BruceFeIix数据...
2025-09-03 08:29:41,214 - INFO - 去重后共 266 个URL待处理，跳过 241 个重复URL
2025-09-03 08:29:41,214 - INFO - 去重后统计 - Doonsec: 169 个, ChainReactors: 97 个, BruceFeIix: 0 个
2025-09-03 08:29:41,214 - INFO - === 开始关键词过滤 ===
2025-09-03 08:29:41,223 - INFO - 关键词过滤: 匹配 14 个，跳过 252 个
2025-09-03 08:29:41,223 - INFO - 关键词过滤后统计 - Doonsec: 14 个, ChainReactors: 0 个, BruceFeIix: 0 个
2025-09-03 08:29:41,281 - INFO - 已创建每日报告: md/2025-09-03.md
2025-09-03 08:29:41,281 - INFO - === 跳过二进制文件处理，只更新data.json ===
2025-09-03 08:29:41,315 - INFO - 已更新data.json，添加了 14 个URL
2025-09-03 08:29:41,315 - INFO - 已创建每日报告: md/2025-09-03.md
2025-09-03 08:29:41,315 - INFO - === 执行完成 ===
2025-09-03 12:46:31,405 - INFO - === 开始执行微信文章归档工具 ===
2025-09-03 12:46:31,406 - INFO - 数据文件: data.json
2025-09-03 12:46:31,406 - INFO - 可执行文件: ./bin/wechatmp2markdown-v1.1.11_linux_amd64
2025-09-03 12:46:31,406 - INFO - 文档目录: doc
2025-09-03 12:46:31,441 - INFO - 已加载 20424 条历史记录
2025-09-03 12:46:31,442 - INFO - === 开始今日拉取 ===
2025-09-03 12:46:31,442 - INFO - 开始获取Doonsec RSS
2025-09-03 12:46:31,442 - INFO - 目标日期: 2025-09-03
2025-09-03 12:46:33,258 - INFO - Doonsec RSS请求成功
2025-09-03 12:46:33,261 - INFO - RSS中共有 200 个条目
2025-09-03 12:46:33,262 - INFO - Doonsec获取到 200 个2025-09-03的微信文章URL
2025-09-03 12:46:33,264 - INFO - ChainReactors md文件URL: https://raw.githubusercontent.com/chainreactors/picker/refs/heads/master/archive/daily/2025/2025-09-03.md
2025-09-03 12:46:33,304 - INFO - ChainReactors md文件下载状态码: 200
2025-09-03 12:46:33,306 - INFO - ChainReactors获取到 156 个URL
2025-09-03 12:46:33,306 - INFO - BruceFeIix md文件URL: https://raw.githubusercontent.com/BruceFeIix/picker/refs/heads/master/archive/daily/2025/2025-09-03.md
2025-09-03 12:46:33,437 - INFO - BruceFeIix md文件下载状态码: 200
2025-09-03 12:46:33,438 - INFO - BruceFeIix获取到 151 个URL
2025-09-03 12:46:33,438 - INFO - === 开始处理 2025-09-03 的数据 ===
2025-09-03 12:46:33,438 - INFO - Doonsec原始数据: 200 个
2025-09-03 12:46:33,438 - INFO - ChainReactors原始数据: 156 个
2025-09-03 12:46:33,438 - INFO - BruceFeIix原始数据: 151 个
2025-09-03 12:46:33,438 - INFO - 开始处理Doonsec数据...
2025-09-03 12:46:33,438 - INFO - 开始处理ChainReactors数据...
2025-09-03 12:46:33,439 - INFO - 开始处理BruceFeIix数据...
2025-09-03 12:46:33,439 - INFO - 去重后共 277 个URL待处理，跳过 230 个重复URL
2025-09-03 12:46:33,439 - INFO - 去重后统计 - Doonsec: 178 个, ChainReactors: 99 个, BruceFeIix: 0 个
2025-09-03 12:46:33,439 - INFO - === 开始关键词过滤 ===
2025-09-03 12:46:33,448 - INFO - 关键词过滤: 匹配 13 个，跳过 264 个
2025-09-03 12:46:33,449 - INFO - 关键词过滤后统计 - Doonsec: 13 个, ChainReactors: 0 个, BruceFeIix: 0 个
2025-09-03 12:46:33,503 - INFO - 已创建每日报告: md/2025-09-03.md
2025-09-03 12:46:33,503 - INFO - === 跳过二进制文件处理，只更新data.json ===
2025-09-03 12:46:33,537 - INFO - 已更新data.json，添加了 13 个URL
2025-09-03 12:46:33,538 - INFO - 已创建每日报告: md/2025-09-03.md
2025-09-03 12:46:33,538 - INFO - === 执行完成 ===
2025-09-03 16:28:32,109 - INFO - === 开始执行微信文章归档工具 ===
2025-09-03 16:28:32,110 - INFO - 数据文件: data.json
2025-09-03 16:28:32,110 - INFO - 可执行文件: ./bin/wechatmp2markdown-v1.1.11_linux_amd64
2025-09-03 16:28:32,110 - INFO - 文档目录: doc
2025-09-03 16:28:32,144 - INFO - 已加载 20437 条历史记录
2025-09-03 16:28:32,144 - INFO - === 开始今日拉取 ===
2025-09-03 16:28:32,145 - INFO - 开始获取Doonsec RSS
2025-09-03 16:28:32,145 - INFO - 目标日期: 2025-09-03
2025-09-03 16:28:38,538 - INFO - Doonsec RSS请求成功
2025-09-03 16:28:38,540 - INFO - RSS中共有 200 个条目
2025-09-03 16:28:38,540 - INFO - Doonsec获取到 197 个2025-09-03的微信文章URL
2025-09-03 16:28:38,541 - INFO - ChainReactors md文件URL: https://raw.githubusercontent.com/chainreactors/picker/refs/heads/master/archive/daily/2025/2025-09-03.md
2025-09-03 16:28:38,654 - INFO - ChainReactors md文件下载状态码: 200
2025-09-03 16:28:38,655 - INFO - ChainReactors获取到 156 个URL
2025-09-03 16:28:38,655 - INFO - BruceFeIix md文件URL: https://raw.githubusercontent.com/BruceFeIix/picker/refs/heads/master/archive/daily/2025/2025-09-03.md
2025-09-03 16:28:38,796 - INFO - BruceFeIix md文件下载状态码: 200
2025-09-03 16:28:38,797 - INFO - BruceFeIix获取到 151 个URL
2025-09-03 16:28:38,797 - INFO - === 开始处理 2025-09-03 的数据 ===
2025-09-03 16:28:38,797 - INFO - Doonsec原始数据: 197 个
2025-09-03 16:28:38,797 - INFO - ChainReactors原始数据: 156 个
2025-09-03 16:28:38,797 - INFO - BruceFeIix原始数据: 151 个
2025-09-03 16:28:38,798 - INFO - 开始处理Doonsec数据...
2025-09-03 16:28:38,798 - INFO - 开始处理ChainReactors数据...
2025-09-03 16:28:38,798 - INFO - 开始处理BruceFeIix数据...
2025-09-03 16:28:38,798 - INFO - 去重后共 262 个URL待处理，跳过 242 个重复URL
2025-09-03 16:28:38,798 - INFO - 去重后统计 - Doonsec: 163 个, ChainReactors: 99 个, BruceFeIix: 0 个
2025-09-03 16:28:38,798 - INFO - === 开始关键词过滤 ===
2025-09-03 16:28:38,807 - INFO - 关键词过滤: 匹配 9 个，跳过 253 个
2025-09-03 16:28:38,808 - INFO - 关键词过滤后统计 - Doonsec: 9 个, ChainReactors: 0 个, BruceFeIix: 0 个
2025-09-03 16:28:38,826 - INFO - 已创建每日报告: md/2025-09-03.md
2025-09-03 16:28:38,826 - INFO - === 跳过二进制文件处理，只更新data.json ===
2025-09-03 16:28:38,860 - INFO - 已更新data.json，添加了 9 个URL
2025-09-03 16:28:38,860 - INFO - 已创建每日报告: md/2025-09-03.md
2025-09-03 16:28:38,860 - INFO - === 执行完成 ===
2025-09-03 20:24:32,113 - INFO - === 开始执行微信文章归档工具 ===
2025-09-03 20:24:32,114 - INFO - 数据文件: data.json
2025-09-03 20:24:32,114 - INFO - 可执行文件: ./bin/wechatmp2markdown-v1.1.11_linux_amd64
2025-09-03 20:24:32,114 - INFO - 文档目录: doc
2025-09-03 20:24:32,148 - INFO - 已加载 20446 条历史记录
2025-09-03 20:24:32,148 - INFO - === 开始今日拉取 ===
2025-09-03 20:24:32,148 - INFO - 开始获取Doonsec RSS
2025-09-03 20:24:32,149 - INFO - 目标日期: 2025-09-03
2025-09-03 20:24:35,544 - INFO - Doonsec RSS请求成功
2025-09-03 20:24:35,547 - INFO - RSS中共有 200 个条目
2025-09-03 20:24:35,548 - INFO - Doonsec获取到 194 个2025-09-03的微信文章URL
2025-09-03 20:24:35,549 - INFO - ChainReactors md文件URL: https://raw.githubusercontent.com/chainreactors/picker/refs/heads/master/archive/daily/2025/2025-09-03.md
2025-09-03 20:24:35,605 - INFO - ChainReactors md文件下载状态码: 200
2025-09-03 20:24:35,606 - INFO - ChainReactors获取到 156 个URL
2025-09-03 20:24:35,606 - INFO - BruceFeIix md文件URL: https://raw.githubusercontent.com/BruceFeIix/picker/refs/heads/master/archive/daily/2025/2025-09-03.md
2025-09-03 20:24:35,652 - INFO - BruceFeIix md文件下载状态码: 200
2025-09-03 20:24:35,653 - INFO - BruceFeIix获取到 151 个URL
2025-09-03 20:24:35,653 - INFO - === 开始处理 2025-09-03 的数据 ===
2025-09-03 20:24:35,653 - INFO - Doonsec原始数据: 194 个
2025-09-03 20:24:35,653 - INFO - ChainReactors原始数据: 156 个
2025-09-03 20:24:35,653 - INFO - BruceFeIix原始数据: 151 个
2025-09-03 20:24:35,653 - INFO - 开始处理Doonsec数据...
2025-09-03 20:24:35,654 - INFO - 开始处理ChainReactors数据...
2025-09-03 20:24:35,654 - INFO - 开始处理BruceFeIix数据...
2025-09-03 20:24:35,654 - INFO - 去重后共 252 个URL待处理，跳过 249 个重复URL
2025-09-03 20:24:35,654 - INFO - 去重后统计 - Doonsec: 153 个, ChainReactors: 99 个, BruceFeIix: 0 个
2025-09-03 20:24:35,654 - INFO - === 开始关键词过滤 ===
2025-09-03 20:24:35,663 - INFO - 关键词过滤: 匹配 0 个，跳过 252 个
2025-09-03 20:24:35,663 - INFO - 关键词过滤后统计 - Doonsec: 0 个, ChainReactors: 0 个, BruceFeIix: 0 个
2025-09-03 20:24:35,663 - INFO - === 跳过二进制文件处理，只更新data.json ===
2025-09-03 20:24:35,697 - INFO - 已更新data.json，添加了 0 个URL
2025-09-03 20:24:35,697 - INFO - === 执行完成 ===
2025-09-04 01:44:13,063 - INFO - === 开始执行微信文章归档工具 ===
2025-09-04 01:44:13,064 - INFO - 数据文件: data.json
2025-09-04 01:44:13,064 - INFO - 可执行文件: ./bin/wechatmp2markdown-v1.1.11_linux_amd64
2025-09-04 01:44:13,064 - INFO - 文档目录: doc
2025-09-04 01:44:13,099 - INFO - 已加载 20446 条历史记录
2025-09-04 01:44:13,099 - INFO - === 开始今日拉取 ===
2025-09-04 01:44:13,099 - INFO - 开始获取Doonsec RSS
2025-09-04 01:44:13,099 - INFO - 目标日期: 2025-09-04
2025-09-04 01:44:14,861 - INFO - Doonsec RSS请求成功
2025-09-04 01:44:14,863 - INFO - RSS中共有 200 个条目
2025-09-04 01:44:14,864 - INFO - Doonsec获取到 79 个2025-09-04的微信文章URL
2025-09-04 01:44:14,865 - INFO - ChainReactors md文件URL: https://raw.githubusercontent.com/chainreactors/picker/refs/heads/master/archive/daily/2025/2025-09-04.md
2025-09-04 01:44:14,901 - INFO - ChainReactors md文件下载状态码: 404
2025-09-04 01:44:14,901 - WARNING - ChainReactors md文件下载失败: https://raw.githubusercontent.com/chainreactors/picker/refs/heads/master/archive/daily/2025/2025-09-04.md 状态码: 404
2025-09-04 01:44:14,901 - INFO - BruceFeIix md文件URL: https://raw.githubusercontent.com/BruceFeIix/picker/refs/heads/master/archive/daily/2025/2025-09-04.md
2025-09-04 01:44:14,957 - INFO - BruceFeIix md文件下载状态码: 404
2025-09-04 01:44:14,957 - WARNING - BruceFeIix md文件下载失败: https://raw.githubusercontent.com/BruceFeIix/picker/refs/heads/master/archive/daily/2025/2025-09-04.md 状态码: 404
2025-09-04 01:44:14,957 - INFO - === 开始处理 2025-09-04 的数据 ===
2025-09-04 01:44:14,957 - INFO - Doonsec原始数据: 79 个
2025-09-04 01:44:14,957 - INFO - ChainReactors原始数据: 0 个
2025-09-04 01:44:14,957 - INFO - BruceFeIix原始数据: 0 个
2025-09-04 01:44:14,957 - INFO - 开始处理Doonsec数据...
2025-09-04 01:44:14,958 - INFO - 开始处理ChainReactors数据...
2025-09-04 01:44:14,958 - INFO - 开始处理BruceFeIix数据...
2025-09-04 01:44:14,958 - INFO - 去重后共 79 个URL待处理，跳过 0 个重复URL
2025-09-04 01:44:14,958 - INFO - 去重后统计 - Doonsec: 79 个, ChainReactors: 0 个, BruceFeIix: 0 个
2025-09-04 01:44:14,958 - INFO - === 开始关键词过滤 ===
2025-09-04 01:44:14,960 - INFO - 关键词过滤: 匹配 21 个，跳过 58 个
2025-09-04 01:44:14,960 - INFO - 关键词过滤后统计 - Doonsec: 21 个, ChainReactors: 0 个, BruceFeIix: 0 个
2025-09-04 01:44:14,976 - INFO - 已创建每日报告: md/2025-09-04.md
2025-09-04 01:44:14,976 - INFO - === 跳过二进制文件处理，只更新data.json ===
2025-09-04 01:44:15,010 - INFO - 已更新data.json，添加了 21 个URL
2025-09-04 01:44:15,011 - INFO - 已创建每日报告: md/2025-09-04.md
2025-09-04 01:44:15,011 - INFO - === 执行完成 ===
2025-09-04 04:26:17,907 - INFO - === 开始执行微信文章归档工具 ===
2025-09-04 04:26:17,908 - INFO - 数据文件: data.json
2025-09-04 04:26:17,908 - INFO - 可执行文件: ./bin/wechatmp2markdown-v1.1.11_linux_amd64
2025-09-04 04:26:17,908 - INFO - 文档目录: doc
2025-09-04 04:26:17,950 - INFO - 已加载 20467 条历史记录
2025-09-04 04:26:17,950 - INFO - === 开始今日拉取 ===
2025-09-04 04:26:17,950 - INFO - 开始获取Doonsec RSS
2025-09-04 04:26:17,950 - INFO - 目标日期: 2025-09-04
2025-09-04 04:31:02,431 - ERROR - Doonsec RSS解析失败: ('Connection aborted.', ConnectionResetError(104, 'Connection reset by peer'))
2025-09-04 04:31:02,431 - INFO - ChainReactors md文件URL: https://raw.githubusercontent.com/chainreactors/picker/refs/heads/master/archive/daily/2025/2025-09-04.md
2025-09-04 04:31:02,483 - INFO - ChainReactors md文件下载状态码: 200
2025-09-04 04:31:02,485 - INFO - ChainReactors获取到 141 个URL
2025-09-04 04:31:02,486 - INFO - BruceFeIix md文件URL: https://raw.githubusercontent.com/BruceFeIix/picker/refs/heads/master/archive/daily/2025/2025-09-04.md
2025-09-04 04:31:02,531 - INFO - BruceFeIix md文件下载状态码: 200
2025-09-04 04:31:02,533 - INFO - BruceFeIix获取到 140 个URL
2025-09-04 04:31:02,533 - INFO - === 开始处理 2025-09-04 的数据 ===
2025-09-04 04:31:02,533 - INFO - Doonsec原始数据: 0 个
2025-09-04 04:31:02,533 - INFO - ChainReactors原始数据: 141 个
2025-09-04 04:31:02,533 - INFO - BruceFeIix原始数据: 140 个
2025-09-04 04:31:02,533 - INFO - 开始处理Doonsec数据...
2025-09-04 04:31:02,533 - INFO - 开始处理ChainReactors数据...
2025-09-04 04:31:02,533 - INFO - 开始处理BruceFeIix数据...
2025-09-04 04:31:02,534 - INFO - 去重后共 109 个URL待处理，跳过 172 个重复URL
2025-09-04 04:31:02,534 - INFO - 去重后统计 - Doonsec: 0 个, ChainReactors: 109 个, BruceFeIix: 0 个
2025-09-04 04:31:02,534 - INFO - === 开始关键词过滤 ===
2025-09-04 04:31:02,538 - INFO - 关键词过滤: 匹配 5 个，跳过 104 个
2025-09-04 04:31:02,538 - INFO - 关键词过滤后统计 - Doonsec: 0 个, ChainReactors: 5 个, BruceFeIix: 0 个
2025-09-04 04:31:02,580 - INFO - 已创建每日报告: md/2025-09-04.md
2025-09-04 04:31:02,580 - INFO - === 跳过二进制文件处理，只更新data.json ===
2025-09-04 04:31:02,613 - INFO - 已更新data.json，添加了 5 个URL
2025-09-04 04:31:02,614 - INFO - 已创建每日报告: md/2025-09-04.md
2025-09-04 04:31:02,614 - INFO - === 执行完成 ===
2025-09-04 08:29:18,772 - INFO - === 开始执行微信文章归档工具 ===
2025-09-04 08:29:18,773 - INFO - 数据文件: data.json
2025-09-04 08:29:18,773 - INFO - 可执行文件: ./bin/wechatmp2markdown-v1.1.11_linux_amd64
2025-09-04 08:29:18,773 - INFO - 文档目录: doc
2025-09-04 08:29:18,808 - INFO - 已加载 20472 条历史记录
2025-09-04 08:29:18,808 - INFO - === 开始今日拉取 ===
2025-09-04 08:29:18,808 - INFO - 开始获取Doonsec RSS
2025-09-04 08:29:18,808 - INFO - 目标日期: 2025-09-04
2025-09-04 08:29:21,758 - INFO - Doonsec RSS请求成功
2025-09-04 08:29:21,760 - INFO - RSS中共有 200 个条目
2025-09-04 08:29:21,760 - INFO - Doonsec获取到 193 个2025-09-04的微信文章URL
2025-09-04 08:29:21,761 - INFO - ChainReactors md文件URL: https://raw.githubusercontent.com/chainreactors/picker/refs/heads/master/archive/daily/2025/2025-09-04.md
2025-09-04 08:29:21,800 - INFO - ChainReactors md文件下载状态码: 200
2025-09-04 08:29:21,802 - INFO - ChainReactors获取到 141 个URL
2025-09-04 08:29:21,802 - INFO - BruceFeIix md文件URL: https://raw.githubusercontent.com/BruceFeIix/picker/refs/heads/master/archive/daily/2025/2025-09-04.md
2025-09-04 08:29:21,836 - INFO - BruceFeIix md文件下载状态码: 200
2025-09-04 08:29:21,837 - INFO - BruceFeIix获取到 140 个URL
2025-09-04 08:29:21,837 - INFO - === 开始处理 2025-09-04 的数据 ===
2025-09-04 08:29:21,837 - INFO - Doonsec原始数据: 193 个
2025-09-04 08:29:21,838 - INFO - ChainReactors原始数据: 141 个
2025-09-04 08:29:21,838 - INFO - BruceFeIix原始数据: 140 个
2025-09-04 08:29:21,838 - INFO - 开始处理Doonsec数据...
2025-09-04 08:29:21,838 - INFO - 开始处理ChainReactors数据...
2025-09-04 08:29:21,838 - INFO - 开始处理BruceFeIix数据...
2025-09-04 08:29:21,839 - INFO - 去重后共 276 个URL待处理，跳过 198 个重复URL
2025-09-04 08:29:21,839 - INFO - 去重后统计 - Doonsec: 172 个, ChainReactors: 104 个, BruceFeIix: 0 个
2025-09-04 08:29:21,839 - INFO - === 开始关键词过滤 ===
2025-09-04 08:29:21,848 - INFO - 关键词过滤: 匹配 42 个，跳过 234 个
2025-09-04 08:29:21,848 - INFO - 关键词过滤后统计 - Doonsec: 42 个, ChainReactors: 0 个, BruceFeIix: 0 个
2025-09-04 08:29:21,854 - INFO - 已创建每日报告: md/2025-09-04.md
2025-09-04 08:29:21,854 - INFO - === 跳过二进制文件处理，只更新data.json ===
2025-09-04 08:29:21,888 - INFO - 已更新data.json，添加了 42 个URL
2025-09-04 08:29:21,889 - INFO - 已创建每日报告: md/2025-09-04.md
2025-09-04 08:29:21,889 - INFO - === 执行完成 ===
2025-09-04 12:44:08,613 - INFO - === 开始执行微信文章归档工具 ===
2025-09-04 12:44:08,613 - INFO - 数据文件: data.json
2025-09-04 12:44:08,614 - INFO - 可执行文件: ./bin/wechatmp2markdown-v1.1.11_linux_amd64
2025-09-04 12:44:08,614 - INFO - 文档目录: doc
2025-09-04 12:44:08,649 - INFO - 已加载 20514 条历史记录
2025-09-04 12:44:08,649 - INFO - === 开始今日拉取 ===
2025-09-04 12:44:08,649 - INFO - 开始获取Doonsec RSS
2025-09-04 12:44:08,649 - INFO - 目标日期: 2025-09-04
2025-09-04 12:44:14,342 - INFO - Doonsec RSS请求成功
2025-09-04 12:44:14,344 - INFO - RSS中共有 200 个条目
2025-09-04 12:44:14,345 - INFO - Doonsec获取到 200 个2025-09-04的微信文章URL
2025-09-04 12:44:14,346 - INFO - ChainReactors md文件URL: https://raw.githubusercontent.com/chainreactors/picker/refs/heads/master/archive/daily/2025/2025-09-04.md
2025-09-04 12:44:14,501 - INFO - ChainReactors md文件下载状态码: 200
2025-09-04 12:44:14,502 - INFO - ChainReactors获取到 141 个URL
2025-09-04 12:44:14,502 - INFO - BruceFeIix md文件URL: https://raw.githubusercontent.com/BruceFeIix/picker/refs/heads/master/archive/daily/2025/2025-09-04.md
2025-09-04 12:44:14,683 - INFO - BruceFeIix md文件下载状态码: 200
2025-09-04 12:44:14,684 - INFO - BruceFeIix获取到 140 个URL
2025-09-04 12:44:14,685 - INFO - === 开始处理 2025-09-04 的数据 ===
2025-09-04 12:44:14,685 - INFO - Doonsec原始数据: 200 个
2025-09-04 12:44:14,685 - INFO - ChainReactors原始数据: 141 个
2025-09-04 12:44:14,685 - INFO - BruceFeIix原始数据: 140 个
2025-09-04 12:44:14,685 - INFO - 开始处理Doonsec数据...
2025-09-04 12:44:14,685 - INFO - 开始处理ChainReactors数据...
2025-09-04 12:44:14,685 - INFO - 开始处理BruceFeIix数据...
2025-09-04 12:44:14,685 - INFO - 去重后共 263 个URL待处理，跳过 218 个重复URL
2025-09-04 12:44:14,685 - INFO - 去重后统计 - Doonsec: 159 个, ChainReactors: 104 个, BruceFeIix: 0 个
2025-09-04 12:44:14,686 - INFO - === 开始关键词过滤 ===
2025-09-04 12:44:14,695 - INFO - 关键词过滤: 匹配 19 个，跳过 244 个
2025-09-04 12:44:14,695 - INFO - 关键词过滤后统计 - Doonsec: 19 个, ChainReactors: 0 个, BruceFeIix: 0 个
2025-09-04 12:44:14,731 - INFO - 已创建每日报告: md/2025-09-04.md
2025-09-04 12:44:14,731 - INFO - === 跳过二进制文件处理，只更新data.json ===
2025-09-04 12:44:14,765 - INFO - 已更新data.json，添加了 19 个URL
2025-09-04 12:44:14,766 - INFO - 已创建每日报告: md/2025-09-04.md
2025-09-04 12:44:14,766 - INFO - === 执行完成 ===
2025-09-04 16:29:24,092 - INFO - === 开始执行微信文章归档工具 ===
2025-09-04 16:29:24,093 - INFO - 数据文件: data.json
2025-09-04 16:29:24,093 - INFO - 可执行文件: ./bin/wechatmp2markdown-v1.1.11_linux_amd64
2025-09-04 16:29:24,093 - INFO - 文档目录: doc
2025-09-04 16:29:24,127 - INFO - 已加载 20533 条历史记录
2025-09-04 16:29:24,127 - INFO - === 开始今日拉取 ===
2025-09-04 16:29:24,127 - INFO - 开始获取Doonsec RSS
2025-09-04 16:29:24,127 - INFO - 目标日期: 2025-09-04
2025-09-04 16:29:25,704 - INFO - Doonsec RSS请求成功
2025-09-04 16:29:25,706 - INFO - RSS中共有 200 个条目
2025-09-04 16:29:25,706 - INFO - Doonsec获取到 195 个2025-09-04的微信文章URL
2025-09-04 16:29:25,707 - INFO - ChainReactors md文件URL: https://raw.githubusercontent.com/chainreactors/picker/refs/heads/master/archive/daily/2025/2025-09-04.md
2025-09-04 16:29:25,835 - INFO - ChainReactors md文件下载状态码: 200
2025-09-04 16:29:25,837 - INFO - ChainReactors获取到 141 个URL
2025-09-04 16:29:25,837 - INFO - BruceFeIix md文件URL: https://raw.githubusercontent.com/BruceFeIix/picker/refs/heads/master/archive/daily/2025/2025-09-04.md
2025-09-04 16:29:26,004 - INFO - BruceFeIix md文件下载状态码: 200
2025-09-04 16:29:26,005 - INFO - BruceFeIix获取到 140 个URL
2025-09-04 16:29:26,005 - INFO - === 开始处理 2025-09-04 的数据 ===
2025-09-04 16:29:26,005 - INFO - Doonsec原始数据: 195 个
2025-09-04 16:29:26,005 - INFO - ChainReactors原始数据: 141 个
2025-09-04 16:29:26,005 - INFO - BruceFeIix原始数据: 140 个
2025-09-04 16:29:26,005 - INFO - 开始处理Doonsec数据...
2025-09-04 16:29:26,006 - INFO - 开始处理ChainReactors数据...
2025-09-04 16:29:26,006 - INFO - 开始处理BruceFeIix数据...
2025-09-04 16:29:26,006 - INFO - 去重后共 247 个URL待处理，跳过 229 个重复URL
2025-09-04 16:29:26,006 - INFO - 去重后统计 - Doonsec: 143 个, ChainReactors: 104 个, BruceFeIix: 0 个
2025-09-04 16:29:26,006 - INFO - === 开始关键词过滤 ===
2025-09-04 16:29:26,015 - INFO - 关键词过滤: 匹配 11 个，跳过 236 个
2025-09-04 16:29:26,015 - INFO - 关键词过滤后统计 - Doonsec: 11 个, ChainReactors: 0 个, BruceFeIix: 0 个
2025-09-04 16:29:26,033 - INFO - 已创建每日报告: md/2025-09-04.md
2025-09-04 16:29:26,033 - INFO - === 跳过二进制文件处理，只更新data.json ===
2025-09-04 16:29:26,067 - INFO - 已更新data.json，添加了 11 个URL
2025-09-04 16:29:26,068 - INFO - 已创建每日报告: md/2025-09-04.md
2025-09-04 16:29:26,068 - INFO - === 执行完成 ===
2025-09-04 20:23:53,058 - INFO - === 开始执行微信文章归档工具 ===
2025-09-04 20:23:53,060 - INFO - 数据文件: data.json
2025-09-04 20:23:53,060 - INFO - 可执行文件: ./bin/wechatmp2markdown-v1.1.11_linux_amd64
2025-09-04 20:23:53,060 - INFO - 文档目录: doc
2025-09-04 20:23:53,094 - INFO - 已加载 20544 条历史记录
2025-09-04 20:23:53,094 - INFO - === 开始今日拉取 ===
2025-09-04 20:23:53,094 - INFO - 开始获取Doonsec RSS
2025-09-04 20:23:53,094 - INFO - 目标日期: 2025-09-04
2025-09-04 20:23:55,202 - INFO - Doonsec RSS请求成功
2025-09-04 20:23:55,205 - INFO - RSS中共有 200 个条目
2025-09-04 20:23:55,206 - INFO - Doonsec获取到 189 个2025-09-04的微信文章URL
2025-09-04 20:23:55,207 - INFO - ChainReactors md文件URL: https://raw.githubusercontent.com/chainreactors/picker/refs/heads/master/archive/daily/2025/2025-09-04.md
2025-09-04 20:23:55,355 - INFO - ChainReactors md文件下载状态码: 200
2025-09-04 20:23:55,356 - INFO - ChainReactors获取到 141 个URL
2025-09-04 20:23:55,356 - INFO - BruceFeIix md文件URL: https://raw.githubusercontent.com/BruceFeIix/picker/refs/heads/master/archive/daily/2025/2025-09-04.md
2025-09-04 20:23:55,489 - INFO - BruceFeIix md文件下载状态码: 200
2025-09-04 20:23:55,490 - INFO - BruceFeIix获取到 140 个URL
2025-09-04 20:23:55,490 - INFO - === 开始处理 2025-09-04 的数据 ===
2025-09-04 20:23:55,491 - INFO - Doonsec原始数据: 189 个
2025-09-04 20:23:55,491 - INFO - ChainReactors原始数据: 141 个
2025-09-04 20:23:55,491 - INFO - BruceFeIix原始数据: 140 个
2025-09-04 20:23:55,491 - INFO - 开始处理Doonsec数据...
2025-09-04 20:23:55,491 - INFO - 开始处理ChainReactors数据...
2025-09-04 20:23:55,491 - INFO - 开始处理BruceFeIix数据...
2025-09-04 20:23:55,492 - INFO - 去重后共 232 个URL待处理，跳过 238 个重复URL
2025-09-04 20:23:55,492 - INFO - 去重后统计 - Doonsec: 128 个, ChainReactors: 104 个, BruceFeIix: 0 个
2025-09-04 20:23:55,492 - INFO - === 开始关键词过滤 ===
2025-09-04 20:23:55,507 - INFO - 关键词过滤: 匹配 0 个，跳过 232 个
2025-09-04 20:23:55,507 - INFO - 关键词过滤后统计 - Doonsec: 0 个, ChainReactors: 0 个, BruceFeIix: 0 个
2025-09-04 20:23:55,507 - INFO - === 跳过二进制文件处理，只更新data.json ===
2025-09-04 20:23:55,541 - INFO - 已更新data.json，添加了 0 个URL
2025-09-04 20:23:55,541 - INFO - === 执行完成 ===
2025-09-05 01:46:45,227 - INFO - === 开始执行微信文章归档工具 ===
2025-09-05 01:46:45,228 - INFO - 数据文件: data.json
2025-09-05 01:46:45,228 - INFO - 可执行文件: ./bin/wechatmp2markdown-v1.1.11_linux_amd64
2025-09-05 01:46:45,228 - INFO - 文档目录: doc
2025-09-05 01:46:45,264 - INFO - 已加载 20544 条历史记录
2025-09-05 01:46:45,264 - INFO - === 开始今日拉取 ===
2025-09-05 01:46:45,264 - INFO - 开始获取Doonsec RSS
2025-09-05 01:46:45,264 - INFO - 目标日期: 2025-09-05
2025-09-05 01:46:48,066 - INFO - Doonsec RSS请求成功
2025-09-05 01:46:48,067 - INFO - RSS中共有 200 个条目
2025-09-05 01:46:48,068 - INFO - Doonsec获取到 67 个2025-09-05的微信文章URL
2025-09-05 01:46:48,070 - INFO - ChainReactors md文件URL: https://raw.githubusercontent.com/chainreactors/picker/refs/heads/master/archive/daily/2025/2025-09-05.md
2025-09-05 01:46:48,132 - INFO - ChainReactors md文件下载状态码: 404
2025-09-05 01:46:48,133 - WARNING - ChainReactors md文件下载失败: https://raw.githubusercontent.com/chainreactors/picker/refs/heads/master/archive/daily/2025/2025-09-05.md 状态码: 404
2025-09-05 01:46:48,133 - INFO - BruceFeIix md文件URL: https://raw.githubusercontent.com/BruceFeIix/picker/refs/heads/master/archive/daily/2025/2025-09-05.md
2025-09-05 01:46:48,300 - INFO - BruceFeIix md文件下载状态码: 404
2025-09-05 01:46:48,300 - WARNING - BruceFeIix md文件下载失败: https://raw.githubusercontent.com/BruceFeIix/picker/refs/heads/master/archive/daily/2025/2025-09-05.md 状态码: 404
2025-09-05 01:46:48,300 - INFO - === 开始处理 2025-09-05 的数据 ===
2025-09-05 01:46:48,300 - INFO - Doonsec原始数据: 67 个
2025-09-05 01:46:48,300 - INFO - ChainReactors原始数据: 0 个
2025-09-05 01:46:48,300 - INFO - BruceFeIix原始数据: 0 个
2025-09-05 01:46:48,300 - INFO - 开始处理Doonsec数据...
2025-09-05 01:46:48,301 - INFO - 开始处理ChainReactors数据...
2025-09-05 01:46:48,301 - INFO - 开始处理BruceFeIix数据...
2025-09-05 01:46:48,301 - INFO - 去重后共 67 个URL待处理，跳过 0 个重复URL
2025-09-05 01:46:48,301 - INFO - 去重后统计 - Doonsec: 67 个, ChainReactors: 0 个, BruceFeIix: 0 个
2025-09-05 01:46:48,301 - INFO - === 开始关键词过滤 ===
2025-09-05 01:46:48,303 - INFO - 关键词过滤: 匹配 18 个，跳过 49 个
2025-09-05 01:46:48,303 - INFO - 关键词过滤后统计 - Doonsec: 18 个, ChainReactors: 0 个, BruceFeIix: 0 个
2025-09-05 01:46:48,316 - INFO - 已创建每日报告: md/2025-09-05.md
2025-09-05 01:46:48,316 - INFO - === 跳过二进制文件处理，只更新data.json ===
2025-09-05 01:46:48,350 - INFO - 已更新data.json，添加了 18 个URL
2025-09-05 01:46:48,351 - INFO - 已创建每日报告: md/2025-09-05.md
2025-09-05 01:46:48,351 - INFO - === 执行完成 ===
2025-09-05 04:27:12,591 - INFO - === 开始执行微信文章归档工具 ===
2025-09-05 04:27:12,592 - INFO - 数据文件: data.json
2025-09-05 04:27:12,592 - INFO - 可执行文件: ./bin/wechatmp2markdown-v1.1.11_linux_amd64
2025-09-05 04:27:12,592 - INFO - 文档目录: doc
2025-09-05 04:27:12,627 - INFO - 已加载 20562 条历史记录
2025-09-05 04:27:12,627 - INFO - === 开始今日拉取 ===
2025-09-05 04:27:12,627 - INFO - 开始获取Doonsec RSS
2025-09-05 04:27:12,627 - INFO - 目标日期: 2025-09-05
2025-09-05 04:27:15,987 - INFO - Doonsec RSS请求成功
2025-09-05 04:27:15,989 - INFO - RSS中共有 200 个条目
2025-09-05 04:27:15,989 - INFO - Doonsec获取到 120 个2025-09-05的微信文章URL
2025-09-05 04:27:15,990 - INFO - ChainReactors md文件URL: https://raw.githubusercontent.com/chainreactors/picker/refs/heads/master/archive/daily/2025/2025-09-05.md
2025-09-05 04:27:16,114 - INFO - ChainReactors md文件下载状态码: 200
2025-09-05 04:27:16,115 - INFO - ChainReactors获取到 154 个URL
2025-09-05 04:27:16,115 - INFO - BruceFeIix md文件URL: https://raw.githubusercontent.com/BruceFeIix/picker/refs/heads/master/archive/daily/2025/2025-09-05.md
2025-09-05 04:27:16,224 - INFO - BruceFeIix md文件下载状态码: 200
2025-09-05 04:27:16,225 - INFO - BruceFeIix获取到 151 个URL
2025-09-05 04:27:16,225 - INFO - === 开始处理 2025-09-05 的数据 ===
2025-09-05 04:27:16,225 - INFO - Doonsec原始数据: 120 个
2025-09-05 04:27:16,225 - INFO - ChainReactors原始数据: 154 个
2025-09-05 04:27:16,225 - INFO - BruceFeIix原始数据: 151 个
2025-09-05 04:27:16,225 - INFO - 开始处理Doonsec数据...
2025-09-05 04:27:16,225 - INFO - 开始处理ChainReactors数据...
2025-09-05 04:27:16,226 - INFO - 开始处理BruceFeIix数据...
2025-09-05 04:27:16,226 - INFO - 去重后共 210 个URL待处理，跳过 215 个重复URL
2025-09-05 04:27:16,226 - INFO - 去重后统计 - Doonsec: 102 个, ChainReactors: 108 个, BruceFeIix: 0 个
2025-09-05 04:27:16,226 - INFO - === 开始关键词过滤 ===
2025-09-05 04:27:16,233 - INFO - 关键词过滤: 匹配 25 个，跳过 185 个
2025-09-05 04:27:16,233 - INFO - 关键词过滤后统计 - Doonsec: 13 个, ChainReactors: 12 个, BruceFeIix: 0 个
2025-09-05 04:27:16,245 - INFO - 已创建每日报告: md/2025-09-05.md
2025-09-05 04:27:16,245 - INFO - === 跳过二进制文件处理，只更新data.json ===
2025-09-05 04:27:16,279 - INFO - 已更新data.json，添加了 25 个URL
2025-09-05 04:27:16,280 - INFO - 已创建每日报告: md/2025-09-05.md
2025-09-05 04:27:16,280 - INFO - === 执行完成 ===
2025-09-05 08:29:34,245 - INFO - === 开始执行微信文章归档工具 ===
2025-09-05 08:29:34,246 - INFO - 数据文件: data.json
2025-09-05 08:29:34,246 - INFO - 可执行文件: ./bin/wechatmp2markdown-v1.1.11_linux_amd64
2025-09-05 08:29:34,246 - INFO - 文档目录: doc
2025-09-05 08:29:34,283 - INFO - 已加载 20587 条历史记录
2025-09-05 08:29:34,283 - INFO - === 开始今日拉取 ===
2025-09-05 08:29:34,283 - INFO - 开始获取Doonsec RSS
2025-09-05 08:29:34,284 - INFO - 目标日期: 2025-09-05
2025-09-05 08:29:39,641 - INFO - Doonsec RSS请求成功
2025-09-05 08:29:39,643 - INFO - RSS中共有 200 个条目
2025-09-05 08:29:39,644 - INFO - Doonsec获取到 200 个2025-09-05的微信文章URL
2025-09-05 08:29:39,645 - INFO - ChainReactors md文件URL: https://raw.githubusercontent.com/chainreactors/picker/refs/heads/master/archive/daily/2025/2025-09-05.md
2025-09-05 08:29:39,707 - INFO - ChainReactors md文件下载状态码: 200
2025-09-05 08:29:39,708 - INFO - ChainReactors获取到 154 个URL
2025-09-05 08:29:39,708 - INFO - BruceFeIix md文件URL: https://raw.githubusercontent.com/BruceFeIix/picker/refs/heads/master/archive/daily/2025/2025-09-05.md
2025-09-05 08:29:39,764 - INFO - BruceFeIix md文件下载状态码: 200
2025-09-05 08:29:39,766 - INFO - BruceFeIix获取到 151 个URL
2025-09-05 08:29:39,766 - INFO - === 开始处理 2025-09-05 的数据 ===
2025-09-05 08:29:39,766 - INFO - Doonsec原始数据: 200 个
2025-09-05 08:29:39,766 - INFO - ChainReactors原始数据: 154 个
2025-09-05 08:29:39,766 - INFO - BruceFeIix原始数据: 151 个
2025-09-05 08:29:39,766 - INFO - 开始处理Doonsec数据...
2025-09-05 08:29:39,766 - INFO - 开始处理ChainReactors数据...
2025-09-05 08:29:39,767 - INFO - 开始处理BruceFeIix数据...
2025-09-05 08:29:39,767 - INFO - 去重后共 267 个URL待处理，跳过 238 个重复URL
2025-09-05 08:29:39,767 - INFO - 去重后统计 - Doonsec: 172 个, ChainReactors: 95 个, BruceFeIix: 0 个
2025-09-05 08:29:39,767 - INFO - === 开始关键词过滤 ===
2025-09-05 08:29:39,776 - INFO - 关键词过滤: 匹配 20 个，跳过 247 个
2025-09-05 08:29:39,776 - INFO - 关键词过滤后统计 - Doonsec: 20 个, ChainReactors: 0 个, BruceFeIix: 0 个
2025-09-05 08:29:39,791 - INFO - 已创建每日报告: md/2025-09-05.md
2025-09-05 08:29:39,791 - INFO - === 跳过二进制文件处理，只更新data.json ===
2025-09-05 08:29:39,825 - INFO - 已更新data.json，添加了 20 个URL
2025-09-05 08:29:39,826 - INFO - 已创建每日报告: md/2025-09-05.md
2025-09-05 08:29:39,826 - INFO - === 执行完成 ===
2025-09-05 12:45:37,169 - INFO - === 开始执行微信文章归档工具 ===
2025-09-05 12:45:37,169 - INFO - 数据文件: data.json
2025-09-05 12:45:37,170 - INFO - 可执行文件: ./bin/wechatmp2markdown-v1.1.11_linux_amd64
2025-09-05 12:45:37,170 - INFO - 文档目录: doc
2025-09-05 12:45:37,204 - INFO - 已加载 20607 条历史记录
2025-09-05 12:45:37,204 - INFO - === 开始今日拉取 ===
2025-09-05 12:45:37,204 - INFO - 开始获取Doonsec RSS
2025-09-05 12:45:37,204 - INFO - 目标日期: 2025-09-05
2025-09-05 12:45:39,095 - INFO - Doonsec RSS请求成功
2025-09-05 12:45:39,097 - INFO - RSS中共有 200 个条目
2025-09-05 12:45:39,098 - INFO - Doonsec获取到 200 个2025-09-05的微信文章URL
2025-09-05 12:45:39,099 - INFO - ChainReactors md文件URL: https://raw.githubusercontent.com/chainreactors/picker/refs/heads/master/archive/daily/2025/2025-09-05.md
2025-09-05 12:45:39,234 - INFO - ChainReactors md文件下载状态码: 200
2025-09-05 12:45:39,235 - INFO - ChainReactors获取到 154 个URL
2025-09-05 12:45:39,235 - INFO - BruceFeIix md文件URL: https://raw.githubusercontent.com/BruceFeIix/picker/refs/heads/master/archive/daily/2025/2025-09-05.md
2025-09-05 12:45:39,369 - INFO - BruceFeIix md文件下载状态码: 200
2025-09-05 12:45:39,370 - INFO - BruceFeIix获取到 151 个URL
2025-09-05 12:45:39,370 - INFO - === 开始处理 2025-09-05 的数据 ===
2025-09-05 12:45:39,370 - INFO - Doonsec原始数据: 200 个
2025-09-05 12:45:39,370 - INFO - ChainReactors原始数据: 154 个
2025-09-05 12:45:39,370 - INFO - BruceFeIix原始数据: 151 个
2025-09-05 12:45:39,370 - INFO - 开始处理Doonsec数据...
2025-09-05 12:45:39,371 - INFO - 开始处理ChainReactors数据...
2025-09-05 12:45:39,371 - INFO - 开始处理BruceFeIix数据...
2025-09-05 12:45:39,371 - INFO - 去重后共 269 个URL待处理，跳过 236 个重复URL
2025-09-05 12:45:39,371 - INFO - 去重后统计 - Doonsec: 173 个, ChainReactors: 96 个, BruceFeIix: 0 个
2025-09-05 12:45:39,371 - INFO - === 开始关键词过滤 ===
2025-09-05 12:45:39,381 - INFO - 关键词过滤: 匹配 18 个，跳过 251 个
2025-09-05 12:45:39,381 - INFO - 关键词过滤后统计 - Doonsec: 18 个, ChainReactors: 0 个, BruceFeIix: 0 个
2025-09-05 12:45:39,393 - INFO - 已创建每日报告: md/2025-09-05.md
2025-09-05 12:45:39,393 - INFO - === 跳过二进制文件处理，只更新data.json ===
2025-09-05 12:45:39,427 - INFO - 已更新data.json，添加了 18 个URL
2025-09-05 12:45:39,428 - INFO - 已创建每日报告: md/2025-09-05.md
2025-09-05 12:45:39,428 - INFO - === 执行完成 ===
2025-09-05 16:26:06,004 - INFO - === 开始执行微信文章归档工具 ===
2025-09-05 16:26:06,005 - INFO - 数据文件: data.json
2025-09-05 16:26:06,005 - INFO - 可执行文件: ./bin/wechatmp2markdown-v1.1.11_linux_amd64
2025-09-05 16:26:06,005 - INFO - 文档目录: doc
2025-09-05 16:26:06,048 - INFO - 已加载 20625 条历史记录
2025-09-05 16:26:06,048 - INFO - === 开始今日拉取 ===
2025-09-05 16:26:06,048 - INFO - 开始获取Doonsec RSS
2025-09-05 16:26:06,048 - INFO - 目标日期: 2025-09-05
2025-09-05 16:26:08,668 - INFO - Doonsec RSS请求成功
2025-09-05 16:26:08,669 - INFO - RSS中共有 200 个条目
2025-09-05 16:26:08,670 - INFO - Doonsec获取到 197 个2025-09-05的微信文章URL
2025-09-05 16:26:08,671 - INFO - ChainReactors md文件URL: https://raw.githubusercontent.com/chainreactors/picker/refs/heads/master/archive/daily/2025/2025-09-05.md
2025-09-05 16:26:08,810 - INFO - ChainReactors md文件下载状态码: 200
2025-09-05 16:26:08,811 - INFO - ChainReactors获取到 154 个URL
2025-09-05 16:26:08,811 - INFO - BruceFeIix md文件URL: https://raw.githubusercontent.com/BruceFeIix/picker/refs/heads/master/archive/daily/2025/2025-09-05.md
2025-09-05 16:26:08,945 - INFO - BruceFeIix md文件下载状态码: 200
2025-09-05 16:26:08,946 - INFO - BruceFeIix获取到 151 个URL
2025-09-05 16:26:08,946 - INFO - === 开始处理 2025-09-05 的数据 ===
2025-09-05 16:26:08,946 - INFO - Doonsec原始数据: 197 个
2025-09-05 16:26:08,947 - INFO - ChainReactors原始数据: 154 个
2025-09-05 16:26:08,947 - INFO - BruceFeIix原始数据: 151 个
2025-09-05 16:26:08,947 - INFO - 开始处理Doonsec数据...
2025-09-05 16:26:08,947 - INFO - 开始处理ChainReactors数据...
2025-09-05 16:26:08,947 - INFO - 开始处理BruceFeIix数据...
2025-09-05 16:26:08,947 - INFO - 去重后共 253 个URL待处理，跳过 249 个重复URL
2025-09-05 16:26:08,948 - INFO - 去重后统计 - Doonsec: 157 个, ChainReactors: 96 个, BruceFeIix: 0 个
2025-09-05 16:26:08,948 - INFO - === 开始关键词过滤 ===
2025-09-05 16:26:08,957 - INFO - 关键词过滤: 匹配 4 个，跳过 249 个
2025-09-05 16:26:08,957 - INFO - 关键词过滤后统计 - Doonsec: 4 个, ChainReactors: 0 个, BruceFeIix: 0 个
2025-09-05 16:26:08,973 - INFO - 已创建每日报告: md/2025-09-05.md
2025-09-05 16:26:08,973 - INFO - === 跳过二进制文件处理，只更新data.json ===
2025-09-05 16:26:09,007 - INFO - 已更新data.json，添加了 4 个URL
2025-09-05 16:26:09,007 - INFO - 已创建每日报告: md/2025-09-05.md
2025-09-05 16:26:09,008 - INFO - === 执行完成 ===
2025-09-05 20:24:23,791 - INFO - === 开始执行微信文章归档工具 ===
2025-09-05 20:24:23,792 - INFO - 数据文件: data.json
2025-09-05 20:24:23,792 - INFO - 可执行文件: ./bin/wechatmp2markdown-v1.1.11_linux_amd64
2025-09-05 20:24:23,792 - INFO - 文档目录: doc
2025-09-05 20:24:23,827 - INFO - 已加载 20629 条历史记录
2025-09-05 20:24:23,827 - INFO - === 开始今日拉取 ===
2025-09-05 20:24:23,828 - INFO - 开始获取Doonsec RSS
2025-09-05 20:24:23,828 - INFO - 目标日期: 2025-09-05
2025-09-05 20:24:26,736 - INFO - Doonsec RSS请求成功
2025-09-05 20:24:26,737 - INFO - RSS中共有 200 个条目
2025-09-05 20:24:26,738 - INFO - Doonsec获取到 194 个2025-09-05的微信文章URL
2025-09-05 20:24:26,739 - INFO - ChainReactors md文件URL: https://raw.githubusercontent.com/chainreactors/picker/refs/heads/master/archive/daily/2025/2025-09-05.md
2025-09-05 20:24:26,885 - INFO - ChainReactors md文件下载状态码: 200
2025-09-05 20:24:26,886 - INFO - ChainReactors获取到 154 个URL
2025-09-05 20:24:26,886 - INFO - BruceFeIix md文件URL: https://raw.githubusercontent.com/BruceFeIix/picker/refs/heads/master/archive/daily/2025/2025-09-05.md
2025-09-05 20:24:27,057 - INFO - BruceFeIix md文件下载状态码: 200
2025-09-05 20:24:27,057 - INFO - BruceFeIix获取到 151 个URL
2025-09-05 20:24:27,058 - INFO - === 开始处理 2025-09-05 的数据 ===
2025-09-05 20:24:27,058 - INFO - Doonsec原始数据: 194 个
2025-09-05 20:24:27,058 - INFO - ChainReactors原始数据: 154 个
2025-09-05 20:24:27,058 - INFO - BruceFeIix原始数据: 151 个
2025-09-05 20:24:27,058 - INFO - 开始处理Doonsec数据...
2025-09-05 20:24:27,058 - INFO - 开始处理ChainReactors数据...
2025-09-05 20:24:27,058 - INFO - 开始处理BruceFeIix数据...
2025-09-05 20:24:27,059 - INFO - 去重后共 246 个URL待处理，跳过 253 个重复URL
2025-09-05 20:24:27,059 - INFO - 去重后统计 - Doonsec: 150 个, ChainReactors: 96 个, BruceFeIix: 0 个
2025-09-05 20:24:27,059 - INFO - === 开始关键词过滤 ===
2025-09-05 20:24:27,068 - INFO - 关键词过滤: 匹配 0 个，跳过 246 个
2025-09-05 20:24:27,068 - INFO - 关键词过滤后统计 - Doonsec: 0 个, ChainReactors: 0 个, BruceFeIix: 0 个
2025-09-05 20:24:27,068 - INFO - === 跳过二进制文件处理，只更新data.json ===
2025-09-05 20:24:27,102 - INFO - 已更新data.json，添加了 0 个URL
2025-09-05 20:24:27,102 - INFO - === 执行完成 ===
2025-09-06 01:43:16,290 - INFO - === 开始执行微信文章归档工具 ===
2025-09-06 01:43:16,291 - INFO - 数据文件: data.json
2025-09-06 01:43:16,291 - INFO - 可执行文件: ./bin/wechatmp2markdown-v1.1.11_linux_amd64
2025-09-06 01:43:16,291 - INFO - 文档目录: doc
2025-09-06 01:43:16,326 - INFO - 已加载 20629 条历史记录
2025-09-06 01:43:16,326 - INFO - === 开始今日拉取 ===
2025-09-06 01:43:16,326 - INFO - 开始获取Doonsec RSS
2025-09-06 01:43:16,326 - INFO - 目标日期: 2025-09-06
2025-09-06 01:43:18,798 - INFO - Doonsec RSS请求成功
2025-09-06 01:43:18,800 - INFO - RSS中共有 200 个条目
2025-09-06 01:43:18,801 - INFO - Doonsec获取到 45 个2025-09-06的微信文章URL
2025-09-06 01:43:18,802 - INFO - ChainReactors md文件URL: https://raw.githubusercontent.com/chainreactors/picker/refs/heads/master/archive/daily/2025/2025-09-06.md
2025-09-06 01:43:18,872 - INFO - ChainReactors md文件下载状态码: 404
2025-09-06 01:43:18,872 - WARNING - ChainReactors md文件下载失败: https://raw.githubusercontent.com/chainreactors/picker/refs/heads/master/archive/daily/2025/2025-09-06.md 状态码: 404
2025-09-06 01:43:18,872 - INFO - BruceFeIix md文件URL: https://raw.githubusercontent.com/BruceFeIix/picker/refs/heads/master/archive/daily/2025/2025-09-06.md
2025-09-06 01:43:18,935 - INFO - BruceFeIix md文件下载状态码: 404
2025-09-06 01:43:18,935 - WARNING - BruceFeIix md文件下载失败: https://raw.githubusercontent.com/BruceFeIix/picker/refs/heads/master/archive/daily/2025/2025-09-06.md 状态码: 404
2025-09-06 01:43:18,935 - INFO - === 开始处理 2025-09-06 的数据 ===
2025-09-06 01:43:18,935 - INFO - Doonsec原始数据: 45 个
2025-09-06 01:43:18,935 - INFO - ChainReactors原始数据: 0 个
2025-09-06 01:43:18,936 - INFO - BruceFeIix原始数据: 0 个
2025-09-06 01:43:18,936 - INFO - 开始处理Doonsec数据...
2025-09-06 01:43:18,936 - INFO - 开始处理ChainReactors数据...
2025-09-06 01:43:18,936 - INFO - 开始处理BruceFeIix数据...
2025-09-06 01:43:18,936 - INFO - 去重后共 45 个URL待处理，跳过 0 个重复URL
2025-09-06 01:43:18,936 - INFO - 去重后统计 - Doonsec: 45 个, ChainReactors: 0 个, BruceFeIix: 0 个
2025-09-06 01:43:18,936 - INFO - === 开始关键词过滤 ===
2025-09-06 01:43:18,939 - INFO - 关键词过滤: 匹配 10 个，跳过 35 个
2025-09-06 01:43:18,939 - INFO - 关键词过滤后统计 - Doonsec: 10 个, ChainReactors: 0 个, BruceFeIix: 0 个
2025-09-06 01:43:18,952 - INFO - 已创建每日报告: md/2025-09-06.md
2025-09-06 01:43:18,952 - INFO - === 跳过二进制文件处理，只更新data.json ===
2025-09-06 01:43:18,986 - INFO - 已更新data.json，添加了 10 个URL
2025-09-06 01:43:18,987 - INFO - 已创建每日报告: md/2025-09-06.md
2025-09-06 01:43:18,987 - INFO - === 执行完成 ===
2025-09-06 04:26:02,572 - INFO - === 开始执行微信文章归档工具 ===
2025-09-06 04:26:02,572 - INFO - 数据文件: data.json
2025-09-06 04:26:02,573 - INFO - 可执行文件: ./bin/wechatmp2markdown-v1.1.11_linux_amd64
2025-09-06 04:26:02,573 - INFO - 文档目录: doc
2025-09-06 04:26:02,607 - INFO - 已加载 20639 条历史记录
2025-09-06 04:26:02,607 - INFO - === 开始今日拉取 ===
2025-09-06 04:26:02,607 - INFO - 开始获取Doonsec RSS
2025-09-06 04:26:02,607 - INFO - 目标日期: 2025-09-06
2025-09-06 04:26:04,820 - INFO - Doonsec RSS请求成功
2025-09-06 04:26:04,822 - INFO - RSS中共有 200 个条目
2025-09-06 04:26:04,823 - INFO - Doonsec获取到 82 个2025-09-06的微信文章URL
2025-09-06 04:26:04,824 - INFO - ChainReactors md文件URL: https://raw.githubusercontent.com/chainreactors/picker/refs/heads/master/archive/daily/2025/2025-09-06.md
2025-09-06 04:26:04,966 - INFO - ChainReactors md文件下载状态码: 200
2025-09-06 04:26:04,967 - INFO - ChainReactors获取到 203 个URL
2025-09-06 04:26:04,967 - INFO - BruceFeIix md文件URL: https://raw.githubusercontent.com/BruceFeIix/picker/refs/heads/master/archive/daily/2025/2025-09-06.md
2025-09-06 04:26:05,105 - INFO - BruceFeIix md文件下载状态码: 200
2025-09-06 04:26:05,106 - INFO - BruceFeIix获取到 199 个URL
2025-09-06 04:26:05,106 - INFO - === 开始处理 2025-09-06 的数据 ===
2025-09-06 04:26:05,106 - INFO - Doonsec原始数据: 82 个
2025-09-06 04:26:05,106 - INFO - ChainReactors原始数据: 203 个
2025-09-06 04:26:05,106 - INFO - BruceFeIix原始数据: 199 个
2025-09-06 04:26:05,107 - INFO - 开始处理Doonsec数据...
2025-09-06 04:26:05,107 - INFO - 开始处理ChainReactors数据...
2025-09-06 04:26:05,107 - INFO - 开始处理BruceFeIix数据...
2025-09-06 04:26:05,107 - INFO - 去重后共 223 个URL待处理，跳过 261 个重复URL
2025-09-06 04:26:05,107 - INFO - 去重后统计 - Doonsec: 72 个, ChainReactors: 151 个, BruceFeIix: 0 个
2025-09-06 04:26:05,108 - INFO - === 开始关键词过滤 ===
2025-09-06 04:26:05,115 - INFO - 关键词过滤: 匹配 22 个，跳过 201 个
2025-09-06 04:26:05,115 - INFO - 关键词过滤后统计 - Doonsec: 7 个, ChainReactors: 15 个, BruceFeIix: 0 个
2025-09-06 04:26:05,131 - INFO - 已创建每日报告: md/2025-09-06.md
2025-09-06 04:26:05,131 - INFO - === 跳过二进制文件处理，只更新data.json ===
2025-09-06 04:26:05,165 - INFO - 已更新data.json，添加了 22 个URL
2025-09-06 04:26:05,166 - INFO - 已创建每日报告: md/2025-09-06.md
2025-09-06 04:26:05,166 - INFO - === 执行完成 ===
2025-09-06 08:25:36,607 - INFO - === 开始执行微信文章归档工具 ===
2025-09-06 08:25:36,608 - INFO - 数据文件: data.json
2025-09-06 08:25:36,608 - INFO - 可执行文件: ./bin/wechatmp2markdown-v1.1.11_linux_amd64
2025-09-06 08:25:36,608 - INFO - 文档目录: doc
2025-09-06 08:25:36,644 - INFO - 已加载 20661 条历史记录
2025-09-06 08:25:36,644 - INFO - === 开始今日拉取 ===
2025-09-06 08:25:36,644 - INFO - 开始获取Doonsec RSS
2025-09-06 08:25:36,644 - INFO - 目标日期: 2025-09-06
2025-09-06 08:25:38,010 - INFO - Doonsec RSS请求成功
2025-09-06 08:25:38,012 - INFO - RSS中共有 200 个条目
2025-09-06 08:25:38,012 - INFO - Doonsec获取到 101 个2025-09-06的微信文章URL
2025-09-06 08:25:38,013 - INFO - ChainReactors md文件URL: https://raw.githubusercontent.com/chainreactors/picker/refs/heads/master/archive/daily/2025/2025-09-06.md
2025-09-06 08:25:38,151 - INFO - ChainReactors md文件下载状态码: 200
2025-09-06 08:25:38,152 - INFO - ChainReactors获取到 203 个URL
2025-09-06 08:25:38,152 - INFO - BruceFeIix md文件URL: https://raw.githubusercontent.com/BruceFeIix/picker/refs/heads/master/archive/daily/2025/2025-09-06.md
2025-09-06 08:25:38,187 - INFO - BruceFeIix md文件下载状态码: 200
2025-09-06 08:25:38,188 - INFO - BruceFeIix获取到 199 个URL
2025-09-06 08:25:38,189 - INFO - === 开始处理 2025-09-06 的数据 ===
2025-09-06 08:25:38,189 - INFO - Doonsec原始数据: 101 个
2025-09-06 08:25:38,189 - INFO - ChainReactors原始数据: 203 个
2025-09-06 08:25:38,189 - INFO - BruceFeIix原始数据: 199 个
2025-09-06 08:25:38,189 - INFO - 开始处理Doonsec数据...
2025-09-06 08:25:38,189 - INFO - 开始处理ChainReactors数据...
2025-09-06 08:25:38,189 - INFO - 开始处理BruceFeIix数据...
2025-09-06 08:25:38,189 - INFO - 去重后共 220 个URL待处理，跳过 283 个重复URL
2025-09-06 08:25:38,190 - INFO - 去重后统计 - Doonsec: 84 个, ChainReactors: 136 个, BruceFeIix: 0 个
2025-09-06 08:25:38,190 - INFO - === 开始关键词过滤 ===
2025-09-06 08:25:38,197 - INFO - 关键词过滤: 匹配 9 个，跳过 211 个
2025-09-06 08:25:38,197 - INFO - 关键词过滤后统计 - Doonsec: 9 个, ChainReactors: 0 个, BruceFeIix: 0 个
2025-09-06 08:25:38,210 - INFO - 已创建每日报告: md/2025-09-06.md
2025-09-06 08:25:38,210 - INFO - === 跳过二进制文件处理，只更新data.json ===
2025-09-06 08:25:38,244 - INFO - 已更新data.json，添加了 9 个URL
2025-09-06 08:25:38,245 - INFO - 已创建每日报告: md/2025-09-06.md
2025-09-06 08:25:38,245 - INFO - === 执行完成 ===
2025-09-06 12:40:00,381 - INFO - === 开始执行微信文章归档工具 ===
2025-09-06 12:40:00,382 - INFO - 数据文件: data.json
2025-09-06 12:40:00,382 - INFO - 可执行文件: ./bin/wechatmp2markdown-v1.1.11_linux_amd64
2025-09-06 12:40:00,382 - INFO - 文档目录: doc
2025-09-06 12:40:00,416 - INFO - 已加载 20670 条历史记录
2025-09-06 12:40:00,417 - INFO - === 开始今日拉取 ===
2025-09-06 12:40:00,417 - INFO - 开始获取Doonsec RSS
2025-09-06 12:40:00,417 - INFO - 目标日期: 2025-09-06
2025-09-06 12:40:03,865 - INFO - Doonsec RSS请求成功
2025-09-06 12:40:03,867 - INFO - RSS中共有 200 个条目
2025-09-06 12:40:03,867 - INFO - Doonsec获取到 159 个2025-09-06的微信文章URL
2025-09-06 12:40:03,869 - INFO - ChainReactors md文件URL: https://raw.githubusercontent.com/chainreactors/picker/refs/heads/master/archive/daily/2025/2025-09-06.md
2025-09-06 12:40:03,915 - INFO - ChainReactors md文件下载状态码: 200
2025-09-06 12:40:03,917 - INFO - ChainReactors获取到 203 个URL
2025-09-06 12:40:03,917 - INFO - BruceFeIix md文件URL: https://raw.githubusercontent.com/BruceFeIix/picker/refs/heads/master/archive/daily/2025/2025-09-06.md
2025-09-06 12:40:03,953 - INFO - BruceFeIix md文件下载状态码: 200
2025-09-06 12:40:03,955 - INFO - BruceFeIix获取到 199 个URL
2025-09-06 12:40:03,955 - INFO - === 开始处理 2025-09-06 的数据 ===
2025-09-06 12:40:03,955 - INFO - Doonsec原始数据: 159 个
2025-09-06 12:40:03,955 - INFO - ChainReactors原始数据: 203 个
2025-09-06 12:40:03,955 - INFO - BruceFeIix原始数据: 199 个
2025-09-06 12:40:03,955 - INFO - 开始处理Doonsec数据...
2025-09-06 12:40:03,955 - INFO - 开始处理ChainReactors数据...
2025-09-06 12:40:03,956 - INFO - 开始处理BruceFeIix数据...
2025-09-06 12:40:03,956 - INFO - 去重后共 269 个URL待处理，跳过 292 个重复URL
2025-09-06 12:40:03,956 - INFO - 去重后统计 - Doonsec: 133 个, ChainReactors: 136 个, BruceFeIix: 0 个
2025-09-06 12:40:03,956 - INFO - === 开始关键词过滤 ===
2025-09-06 12:40:03,965 - INFO - 关键词过滤: 匹配 16 个，跳过 253 个
2025-09-06 12:40:03,965 - INFO - 关键词过滤后统计 - Doonsec: 16 个, ChainReactors: 0 个, BruceFeIix: 0 个
2025-09-06 12:40:03,982 - INFO - 已创建每日报告: md/2025-09-06.md
2025-09-06 12:40:03,982 - INFO - === 跳过二进制文件处理，只更新data.json ===
2025-09-06 12:40:04,016 - INFO - 已更新data.json，添加了 16 个URL
2025-09-06 12:40:04,017 - INFO - 已创建每日报告: md/2025-09-06.md
2025-09-06 12:40:04,017 - INFO - === 执行完成 ===
2025-09-06 16:24:26,929 - INFO - === 开始执行微信文章归档工具 ===
2025-09-06 16:24:26,930 - INFO - 数据文件: data.json
2025-09-06 16:24:26,930 - INFO - 可执行文件: ./bin/wechatmp2markdown-v1.1.11_linux_amd64
2025-09-06 16:24:26,930 - INFO - 文档目录: doc
2025-09-06 16:24:26,964 - INFO - 已加载 20686 条历史记录
2025-09-06 16:24:26,965 - INFO - === 开始今日拉取 ===
2025-09-06 16:24:26,965 - INFO - 开始获取Doonsec RSS
2025-09-06 16:24:26,965 - INFO - 目标日期: 2025-09-06
2025-09-06 16:24:29,170 - INFO - Doonsec RSS请求成功
2025-09-06 16:24:29,172 - INFO - RSS中共有 200 个条目
2025-09-06 16:24:29,173 - INFO - Doonsec获取到 172 个2025-09-06的微信文章URL
2025-09-06 16:24:29,174 - INFO - ChainReactors md文件URL: https://raw.githubusercontent.com/chainreactors/picker/refs/heads/master/archive/daily/2025/2025-09-06.md
2025-09-06 16:24:29,247 - INFO - ChainReactors md文件下载状态码: 200
2025-09-06 16:24:29,248 - INFO - ChainReactors获取到 203 个URL
2025-09-06 16:24:29,248 - INFO - BruceFeIix md文件URL: https://raw.githubusercontent.com/BruceFeIix/picker/refs/heads/master/archive/daily/2025/2025-09-06.md
2025-09-06 16:24:29,325 - INFO - BruceFeIix md文件下载状态码: 200
2025-09-06 16:24:29,327 - INFO - BruceFeIix获取到 199 个URL
2025-09-06 16:24:29,327 - INFO - === 开始处理 2025-09-06 的数据 ===
2025-09-06 16:24:29,327 - INFO - Doonsec原始数据: 172 个
2025-09-06 16:24:29,327 - INFO - ChainReactors原始数据: 203 个
2025-09-06 16:24:29,327 - INFO - BruceFeIix原始数据: 199 个
2025-09-06 16:24:29,327 - INFO - 开始处理Doonsec数据...
2025-09-06 16:24:29,327 - INFO - 开始处理ChainReactors数据...
2025-09-06 16:24:29,328 - INFO - 开始处理BruceFeIix数据...
2025-09-06 16:24:29,328 - INFO - 去重后共 266 个URL待处理，跳过 308 个重复URL
2025-09-06 16:24:29,328 - INFO - 去重后统计 - Doonsec: 130 个, ChainReactors: 136 个, BruceFeIix: 0 个
2025-09-06 16:24:29,328 - INFO - === 开始关键词过滤 ===
2025-09-06 16:24:29,337 - INFO - 关键词过滤: 匹配 5 个，跳过 261 个
2025-09-06 16:24:29,338 - INFO - 关键词过滤后统计 - Doonsec: 5 个, ChainReactors: 0 个, BruceFeIix: 0 个
2025-09-06 16:24:29,350 - INFO - 已创建每日报告: md/2025-09-06.md
2025-09-06 16:24:29,350 - INFO - === 跳过二进制文件处理，只更新data.json ===
2025-09-06 16:24:29,384 - INFO - 已更新data.json，添加了 5 个URL
2025-09-06 16:24:29,384 - INFO - 已创建每日报告: md/2025-09-06.md
2025-09-06 16:24:29,385 - INFO - === 执行完成 ===
2025-09-06 20:21:27,250 - INFO - === 开始执行微信文章归档工具 ===
2025-09-06 20:21:27,251 - INFO - 数据文件: data.json
2025-09-06 20:21:27,251 - INFO - 可执行文件: ./bin/wechatmp2markdown-v1.1.11_linux_amd64
2025-09-06 20:21:27,251 - INFO - 文档目录: doc
2025-09-06 20:21:27,286 - INFO - 已加载 20691 条历史记录
2025-09-06 20:21:27,287 - INFO - === 开始今日拉取 ===
2025-09-06 20:21:27,287 - INFO - 开始获取Doonsec RSS
2025-09-06 20:21:27,287 - INFO - 目标日期: 2025-09-06
2025-09-06 20:21:29,136 - INFO - Doonsec RSS请求成功
2025-09-06 20:21:29,138 - INFO - RSS中共有 200 个条目
2025-09-06 20:21:29,139 - INFO - Doonsec获取到 173 个2025-09-06的微信文章URL
2025-09-06 20:21:29,140 - INFO - ChainReactors md文件URL: https://raw.githubusercontent.com/chainreactors/picker/refs/heads/master/archive/daily/2025/2025-09-06.md
2025-09-06 20:21:29,177 - INFO - ChainReactors md文件下载状态码: 200
2025-09-06 20:21:29,179 - INFO - ChainReactors获取到 203 个URL
2025-09-06 20:21:29,179 - INFO - BruceFeIix md文件URL: https://raw.githubusercontent.com/BruceFeIix/picker/refs/heads/master/archive/daily/2025/2025-09-06.md
2025-09-06 20:21:29,222 - INFO - BruceFeIix md文件下载状态码: 200
2025-09-06 20:21:29,223 - INFO - BruceFeIix获取到 199 个URL
2025-09-06 20:21:29,223 - INFO - === 开始处理 2025-09-06 的数据 ===
2025-09-06 20:21:29,223 - INFO - Doonsec原始数据: 173 个
2025-09-06 20:21:29,223 - INFO - ChainReactors原始数据: 203 个
2025-09-06 20:21:29,223 - INFO - BruceFeIix原始数据: 199 个
2025-09-06 20:21:29,223 - INFO - 开始处理Doonsec数据...
2025-09-06 20:21:29,224 - INFO - 开始处理ChainReactors数据...
2025-09-06 20:21:29,224 - INFO - 开始处理BruceFeIix数据...
2025-09-06 20:21:29,224 - INFO - 去重后共 262 个URL待处理，跳过 313 个重复URL
2025-09-06 20:21:29,224 - INFO - 去重后统计 - Doonsec: 126 个, ChainReactors: 136 个, BruceFeIix: 0 个
2025-09-06 20:21:29,224 - INFO - === 开始关键词过滤 ===
2025-09-06 20:21:29,233 - INFO - 关键词过滤: 匹配 1 个，跳过 261 个
2025-09-06 20:21:29,234 - INFO - 关键词过滤后统计 - Doonsec: 1 个, ChainReactors: 0 个, BruceFeIix: 0 个
2025-09-06 20:21:29,258 - INFO - 已创建每日报告: md/2025-09-06.md
2025-09-06 20:21:29,258 - INFO - === 跳过二进制文件处理，只更新data.json ===
2025-09-06 20:21:29,293 - INFO - 已更新data.json，添加了 1 个URL
2025-09-06 20:21:29,293 - INFO - 已创建每日报告: md/2025-09-06.md
2025-09-06 20:21:29,293 - INFO - === 执行完成 ===
2025-09-07 01:52:28,654 - INFO - === 开始执行微信文章归档工具 ===
2025-09-07 01:52:28,655 - INFO - 数据文件: data.json
2025-09-07 01:52:28,655 - INFO - 可执行文件: ./bin/wechatmp2markdown-v1.1.11_linux_amd64
2025-09-07 01:52:28,655 - INFO - 文档目录: doc
2025-09-07 01:52:28,691 - INFO - 已加载 20692 条历史记录
2025-09-07 01:52:28,691 - INFO - === 开始今日拉取 ===
2025-09-07 01:52:28,691 - INFO - 开始获取Doonsec RSS
2025-09-07 01:52:28,691 - INFO - 目标日期: 2025-09-07
2025-09-07 01:52:32,062 - INFO - Doonsec RSS请求成功
2025-09-07 01:52:32,064 - INFO - RSS中共有 200 个条目
2025-09-07 01:52:32,065 - INFO - Doonsec获取到 43 个2025-09-07的微信文章URL
2025-09-07 01:52:32,066 - INFO - ChainReactors md文件URL: https://raw.githubusercontent.com/chainreactors/picker/refs/heads/master/archive/daily/2025/2025-09-07.md
2025-09-07 01:52:32,148 - INFO - ChainReactors md文件下载状态码: 404
2025-09-07 01:52:32,148 - WARNING - ChainReactors md文件下载失败: https://raw.githubusercontent.com/chainreactors/picker/refs/heads/master/archive/daily/2025/2025-09-07.md 状态码: 404
2025-09-07 01:52:32,148 - INFO - BruceFeIix md文件URL: https://raw.githubusercontent.com/BruceFeIix/picker/refs/heads/master/archive/daily/2025/2025-09-07.md
2025-09-07 01:52:32,212 - INFO - BruceFeIix md文件下载状态码: 404
2025-09-07 01:52:32,212 - WARNING - BruceFeIix md文件下载失败: https://raw.githubusercontent.com/BruceFeIix/picker/refs/heads/master/archive/daily/2025/2025-09-07.md 状态码: 404
2025-09-07 01:52:32,212 - INFO - === 开始处理 2025-09-07 的数据 ===
2025-09-07 01:52:32,212 - INFO - Doonsec原始数据: 43 个
2025-09-07 01:52:32,212 - INFO - ChainReactors原始数据: 0 个
2025-09-07 01:52:32,213 - INFO - BruceFeIix原始数据: 0 个
2025-09-07 01:52:32,213 - INFO - 开始处理Doonsec数据...
2025-09-07 01:52:32,213 - INFO - 开始处理ChainReactors数据...
2025-09-07 01:52:32,213 - INFO - 开始处理BruceFeIix数据...
2025-09-07 01:52:32,213 - INFO - 去重后共 43 个URL待处理，跳过 0 个重复URL
2025-09-07 01:52:32,213 - INFO - 去重后统计 - Doonsec: 43 个, ChainReactors: 0 个, BruceFeIix: 0 个
2025-09-07 01:52:32,213 - INFO - === 开始关键词过滤 ===
2025-09-07 01:52:32,215 - INFO - 关键词过滤: 匹配 9 个，跳过 34 个
2025-09-07 01:52:32,215 - INFO - 关键词过滤后统计 - Doonsec: 9 个, ChainReactors: 0 个, BruceFeIix: 0 个
2025-09-07 01:52:32,231 - INFO - 已创建每日报告: md/2025-09-07.md
2025-09-07 01:52:32,231 - INFO - === 跳过二进制文件处理，只更新data.json ===
2025-09-07 01:52:32,266 - INFO - 已更新data.json，添加了 9 个URL
2025-09-07 01:52:32,266 - INFO - 已创建每日报告: md/2025-09-07.md
2025-09-07 01:52:32,266 - INFO - === 执行完成 ===
2025-09-07 04:25:39,366 - INFO - === 开始执行微信文章归档工具 ===
2025-09-07 04:25:39,367 - INFO - 数据文件: data.json
2025-09-07 04:25:39,367 - INFO - 可执行文件: ./bin/wechatmp2markdown-v1.1.11_linux_amd64
2025-09-07 04:25:39,367 - INFO - 文档目录: doc
2025-09-07 04:25:39,401 - INFO - 已加载 20701 条历史记录
2025-09-07 04:25:39,401 - INFO - === 开始今日拉取 ===
2025-09-07 04:25:39,401 - INFO - 开始获取Doonsec RSS
2025-09-07 04:25:39,401 - INFO - 目标日期: 2025-09-07
2025-09-07 04:25:44,944 - INFO - Doonsec RSS请求成功
2025-09-07 04:25:44,947 - INFO - RSS中共有 200 个条目
2025-09-07 04:25:44,948 - INFO - Doonsec获取到 66 个2025-09-07的微信文章URL
2025-09-07 04:25:44,949 - INFO - ChainReactors md文件URL: https://raw.githubusercontent.com/chainreactors/picker/refs/heads/master/archive/daily/2025/2025-09-07.md
2025-09-07 04:25:45,304 - INFO - ChainReactors md文件下载状态码: 200
2025-09-07 04:25:45,305 - INFO - ChainReactors获取到 164 个URL
2025-09-07 04:25:45,305 - INFO - BruceFeIix md文件URL: https://raw.githubusercontent.com/BruceFeIix/picker/refs/heads/master/archive/daily/2025/2025-09-07.md
2025-09-07 04:25:45,470 - INFO - BruceFeIix md文件下载状态码: 200
2025-09-07 04:25:45,471 - INFO - BruceFeIix获取到 164 个URL
2025-09-07 04:25:45,471 - INFO - === 开始处理 2025-09-07 的数据 ===
2025-09-07 04:25:45,471 - INFO - Doonsec原始数据: 66 个
2025-09-07 04:25:45,471 - INFO - ChainReactors原始数据: 164 个
2025-09-07 04:25:45,471 - INFO - BruceFeIix原始数据: 164 个
2025-09-07 04:25:45,471 - INFO - 开始处理Doonsec数据...
2025-09-07 04:25:45,471 - INFO - 开始处理ChainReactors数据...
2025-09-07 04:25:45,471 - INFO - 开始处理BruceFeIix数据...
2025-09-07 04:25:45,472 - INFO - 去重后共 162 个URL待处理，跳过 232 个重复URL
2025-09-07 04:25:45,472 - INFO - 去重后统计 - Doonsec: 57 个, ChainReactors: 105 个, BruceFeIix: 0 个
2025-09-07 04:25:45,472 - INFO - === 开始关键词过滤 ===
2025-09-07 04:25:45,478 - INFO - 关键词过滤: 匹配 11 个，跳过 151 个
2025-09-07 04:25:45,478 - INFO - 关键词过滤后统计 - Doonsec: 7 个, ChainReactors: 4 个, BruceFeIix: 0 个
2025-09-07 04:25:45,513 - INFO - 已创建每日报告: md/2025-09-07.md
2025-09-07 04:25:45,513 - INFO - === 跳过二进制文件处理，只更新data.json ===
2025-09-07 04:25:45,547 - INFO - 已更新data.json，添加了 11 个URL
2025-09-07 04:25:45,548 - INFO - 已创建每日报告: md/2025-09-07.md
2025-09-07 04:25:45,548 - INFO - === 执行完成 ===
2025-09-07 08:25:29,407 - INFO - === 开始执行微信文章归档工具 ===
2025-09-07 08:25:29,408 - INFO - 数据文件: data.json
2025-09-07 08:25:29,408 - INFO - 可执行文件: ./bin/wechatmp2markdown-v1.1.11_linux_amd64
2025-09-07 08:25:29,408 - INFO - 文档目录: doc
2025-09-07 08:25:29,449 - INFO - 已加载 20712 条历史记录
2025-09-07 08:25:29,449 - INFO - === 开始今日拉取 ===
2025-09-07 08:25:29,449 - INFO - 开始获取Doonsec RSS
2025-09-07 08:25:29,449 - INFO - 目标日期: 2025-09-07
2025-09-07 08:25:32,778 - INFO - Doonsec RSS请求成功
2025-09-07 08:25:32,779 - INFO - RSS中共有 200 个条目
2025-09-07 08:25:32,780 - INFO - Doonsec获取到 84 个2025-09-07的微信文章URL
2025-09-07 08:25:32,781 - INFO - ChainReactors md文件URL: https://raw.githubusercontent.com/chainreactors/picker/refs/heads/master/archive/daily/2025/2025-09-07.md
2025-09-07 08:25:32,841 - INFO - ChainReactors md文件下载状态码: 200
2025-09-07 08:25:32,842 - INFO - ChainReactors获取到 164 个URL
2025-09-07 08:25:32,842 - INFO - BruceFeIix md文件URL: https://raw.githubusercontent.com/BruceFeIix/picker/refs/heads/master/archive/daily/2025/2025-09-07.md
2025-09-07 08:25:32,927 - INFO - BruceFeIix md文件下载状态码: 200
2025-09-07 08:25:32,928 - INFO - BruceFeIix获取到 164 个URL
2025-09-07 08:25:32,929 - INFO - === 开始处理 2025-09-07 的数据 ===
2025-09-07 08:25:32,929 - INFO - Doonsec原始数据: 84 个
2025-09-07 08:25:32,929 - INFO - ChainReactors原始数据: 164 个
2025-09-07 08:25:32,929 - INFO - BruceFeIix原始数据: 164 个
2025-09-07 08:25:32,929 - INFO - 开始处理Doonsec数据...
2025-09-07 08:25:32,929 - INFO - 开始处理ChainReactors数据...
2025-09-07 08:25:32,929 - INFO - 开始处理BruceFeIix数据...
2025-09-07 08:25:32,930 - INFO - 去重后共 169 个URL待处理，跳过 243 个重复URL
2025-09-07 08:25:32,930 - INFO - 去重后统计 - Doonsec: 68 个, ChainReactors: 101 个, BruceFeIix: 0 个
2025-09-07 08:25:32,930 - INFO - === 开始关键词过滤 ===
2025-09-07 08:25:32,936 - INFO - 关键词过滤: 匹配 1 个，跳过 168 个
2025-09-07 08:25:32,936 - INFO - 关键词过滤后统计 - Doonsec: 1 个, ChainReactors: 0 个, BruceFeIix: 0 个
2025-09-07 08:25:32,950 - INFO - 已创建每日报告: md/2025-09-07.md
2025-09-07 08:25:32,950 - INFO - === 跳过二进制文件处理，只更新data.json ===
2025-09-07 08:25:32,985 - INFO - 已更新data.json，添加了 1 个URL
2025-09-07 08:25:32,985 - INFO - 已创建每日报告: md/2025-09-07.md
2025-09-07 08:25:32,985 - INFO - === 执行完成 ===
2025-09-07 12:41:05,111 - INFO - === 开始执行微信文章归档工具 ===
2025-09-07 12:41:05,111 - INFO - 数据文件: data.json
2025-09-07 12:41:05,112 - INFO - 可执行文件: ./bin/wechatmp2markdown-v1.1.11_linux_amd64
2025-09-07 12:41:05,112 - INFO - 文档目录: doc
2025-09-07 12:41:05,153 - INFO - 已加载 20713 条历史记录
2025-09-07 12:41:05,153 - INFO - === 开始今日拉取 ===
2025-09-07 12:41:05,153 - INFO - 开始获取Doonsec RSS
2025-09-07 12:41:05,154 - INFO - 目标日期: 2025-09-07
2025-09-07 12:41:06,864 - INFO - Doonsec RSS请求成功
2025-09-07 12:41:06,866 - INFO - RSS中共有 200 个条目
2025-09-07 12:41:06,867 - INFO - Doonsec获取到 116 个2025-09-07的微信文章URL
2025-09-07 12:41:06,868 - INFO - ChainReactors md文件URL: https://raw.githubusercontent.com/chainreactors/picker/refs/heads/master/archive/daily/2025/2025-09-07.md
2025-09-07 12:41:06,911 - INFO - ChainReactors md文件下载状态码: 200
2025-09-07 12:41:06,912 - INFO - ChainReactors获取到 164 个URL
2025-09-07 12:41:06,912 - INFO - BruceFeIix md文件URL: https://raw.githubusercontent.com/BruceFeIix/picker/refs/heads/master/archive/daily/2025/2025-09-07.md
2025-09-07 12:41:06,952 - INFO - BruceFeIix md文件下载状态码: 200
2025-09-07 12:41:06,953 - INFO - BruceFeIix获取到 164 个URL
2025-09-07 12:41:06,953 - INFO - === 开始处理 2025-09-07 的数据 ===
2025-09-07 12:41:06,953 - INFO - Doonsec原始数据: 116 个
2025-09-07 12:41:06,953 - INFO - ChainReactors原始数据: 164 个
2025-09-07 12:41:06,953 - INFO - BruceFeIix原始数据: 164 个
2025-09-07 12:41:06,953 - INFO - 开始处理Doonsec数据...
2025-09-07 12:41:06,954 - INFO - 开始处理ChainReactors数据...
2025-09-07 12:41:06,954 - INFO - 开始处理BruceFeIix数据...
2025-09-07 12:41:06,954 - INFO - 去重后共 200 个URL待处理，跳过 244 个重复URL
2025-09-07 12:41:06,954 - INFO - 去重后统计 - Doonsec: 99 个, ChainReactors: 101 个, BruceFeIix: 0 个
2025-09-07 12:41:06,954 - INFO - === 开始关键词过滤 ===
2025-09-07 12:41:06,961 - INFO - 关键词过滤: 匹配 11 个，跳过 189 个
2025-09-07 12:41:06,961 - INFO - 关键词过滤后统计 - Doonsec: 11 个, ChainReactors: 0 个, BruceFeIix: 0 个
2025-09-07 12:41:06,974 - INFO - 已创建每日报告: md/2025-09-07.md
2025-09-07 12:41:06,975 - INFO - === 跳过二进制文件处理，只更新data.json ===
2025-09-07 12:41:07,009 - INFO - 已更新data.json，添加了 11 个URL
2025-09-07 12:41:07,009 - INFO - 已创建每日报告: md/2025-09-07.md
2025-09-07 12:41:07,009 - INFO - === 执行完成 ===
2025-09-07 16:24:24,340 - INFO - === 开始执行微信文章归档工具 ===
2025-09-07 16:24:24,341 - INFO - 数据文件: data.json
2025-09-07 16:24:24,341 - INFO - 可执行文件: ./bin/wechatmp2markdown-v1.1.11_linux_amd64
2025-09-07 16:24:24,341 - INFO - 文档目录: doc
2025-09-07 16:24:24,376 - INFO - 已加载 20724 条历史记录
2025-09-07 16:24:24,376 - INFO - === 开始今日拉取 ===
2025-09-07 16:24:24,376 - INFO - 开始获取Doonsec RSS
2025-09-07 16:24:24,376 - INFO - 目标日期: 2025-09-07
2025-09-07 16:24:26,623 - INFO - Doonsec RSS请求成功
2025-09-07 16:24:26,625 - INFO - RSS中共有 200 个条目
2025-09-07 16:24:26,625 - INFO - Doonsec获取到 137 个2025-09-07的微信文章URL
2025-09-07 16:24:26,626 - INFO - ChainReactors md文件URL: https://raw.githubusercontent.com/chainreactors/picker/refs/heads/master/archive/daily/2025/2025-09-07.md
2025-09-07 16:24:26,673 - INFO - ChainReactors md文件下载状态码: 200
2025-09-07 16:24:26,674 - INFO - ChainReactors获取到 164 个URL
2025-09-07 16:24:26,674 - INFO - BruceFeIix md文件URL: https://raw.githubusercontent.com/BruceFeIix/picker/refs/heads/master/archive/daily/2025/2025-09-07.md
2025-09-07 16:24:26,719 - INFO - BruceFeIix md文件下载状态码: 200
2025-09-07 16:24:26,720 - INFO - BruceFeIix获取到 164 个URL
2025-09-07 16:24:26,720 - INFO - === 开始处理 2025-09-07 的数据 ===
2025-09-07 16:24:26,720 - INFO - Doonsec原始数据: 137 个
2025-09-07 16:24:26,720 - INFO - ChainReactors原始数据: 164 个
2025-09-07 16:24:26,720 - INFO - BruceFeIix原始数据: 164 个
2025-09-07 16:24:26,720 - INFO - 开始处理Doonsec数据...
2025-09-07 16:24:26,721 - INFO - 开始处理ChainReactors数据...
2025-09-07 16:24:26,721 - INFO - 开始处理BruceFeIix数据...
2025-09-07 16:24:26,721 - INFO - 去重后共 210 个URL待处理，跳过 255 个重复URL
2025-09-07 16:24:26,721 - INFO - 去重后统计 - Doonsec: 109 个, ChainReactors: 101 个, BruceFeIix: 0 个
2025-09-07 16:24:26,721 - INFO - === 开始关键词过滤 ===
2025-09-07 16:24:26,729 - INFO - 关键词过滤: 匹配 6 个，跳过 204 个
2025-09-07 16:24:26,729 - INFO - 关键词过滤后统计 - Doonsec: 6 个, ChainReactors: 0 个, BruceFeIix: 0 个
2025-09-07 16:24:26,762 - INFO - 已创建每日报告: md/2025-09-07.md
2025-09-07 16:24:26,762 - INFO - === 跳过二进制文件处理，只更新data.json ===
2025-09-07 16:24:26,797 - INFO - 已更新data.json，添加了 6 个URL
2025-09-07 16:24:26,797 - INFO - 已创建每日报告: md/2025-09-07.md
2025-09-07 16:24:26,797 - INFO - === 执行完成 ===
2025-09-07 20:21:52,302 - INFO - === 开始执行微信文章归档工具 ===
2025-09-07 20:21:52,303 - INFO - 数据文件: data.json
2025-09-07 20:21:52,303 - INFO - 可执行文件: ./bin/wechatmp2markdown-v1.1.11_linux_amd64
2025-09-07 20:21:52,303 - INFO - 文档目录: doc
2025-09-07 20:21:52,337 - INFO - 已加载 20730 条历史记录
2025-09-07 20:21:52,337 - INFO - === 开始今日拉取 ===
2025-09-07 20:21:52,337 - INFO - 开始获取Doonsec RSS
2025-09-07 20:21:52,337 - INFO - 目标日期: 2025-09-07
2025-09-07 20:21:53,830 - INFO - Doonsec RSS请求成功
2025-09-07 20:21:53,833 - INFO - RSS中共有 200 个条目
2025-09-07 20:21:53,833 - INFO - Doonsec获取到 139 个2025-09-07的微信文章URL
2025-09-07 20:21:53,834 - INFO - ChainReactors md文件URL: https://raw.githubusercontent.com/chainreactors/picker/refs/heads/master/archive/daily/2025/2025-09-07.md
2025-09-07 20:21:53,994 - INFO - ChainReactors md文件下载状态码: 200
2025-09-07 20:21:53,995 - INFO - ChainReactors获取到 164 个URL
2025-09-07 20:21:53,995 - INFO - BruceFeIix md文件URL: https://raw.githubusercontent.com/BruceFeIix/picker/refs/heads/master/archive/daily/2025/2025-09-07.md
2025-09-07 20:21:54,026 - INFO - BruceFeIix md文件下载状态码: 200
2025-09-07 20:21:54,027 - INFO - BruceFeIix获取到 164 个URL
2025-09-07 20:21:54,027 - INFO - === 开始处理 2025-09-07 的数据 ===
2025-09-07 20:21:54,028 - INFO - Doonsec原始数据: 139 个
2025-09-07 20:21:54,028 - INFO - ChainReactors原始数据: 164 个
2025-09-07 20:21:54,028 - INFO - BruceFeIix原始数据: 164 个
2025-09-07 20:21:54,028 - INFO - 开始处理Doonsec数据...
2025-09-07 20:21:54,028 - INFO - 开始处理ChainReactors数据...
2025-09-07 20:21:54,028 - INFO - 开始处理BruceFeIix数据...
2025-09-07 20:21:54,028 - INFO - 去重后共 206 个URL待处理，跳过 261 个重复URL
2025-09-07 20:21:54,029 - INFO - 去重后统计 - Doonsec: 105 个, ChainReactors: 101 个, BruceFeIix: 0 个
2025-09-07 20:21:54,029 - INFO - === 开始关键词过滤 ===
2025-09-07 20:21:54,036 - INFO - 关键词过滤: 匹配 0 个，跳过 206 个
2025-09-07 20:21:54,036 - INFO - 关键词过滤后统计 - Doonsec: 0 个, ChainReactors: 0 个, BruceFeIix: 0 个
2025-09-07 20:21:54,037 - INFO - === 跳过二进制文件处理，只更新data.json ===
2025-09-07 20:21:54,070 - INFO - 已更新data.json，添加了 0 个URL
2025-09-07 20:21:54,070 - INFO - === 执行完成 ===
2025-09-08 01:52:12,405 - INFO - === 开始执行微信文章归档工具 ===
2025-09-08 01:52:12,406 - INFO - 数据文件: data.json
2025-09-08 01:52:12,406 - INFO - 可执行文件: ./bin/wechatmp2markdown-v1.1.11_linux_amd64
2025-09-08 01:52:12,406 - INFO - 文档目录: doc
2025-09-08 01:52:12,443 - INFO - 已加载 20730 条历史记录
2025-09-08 01:52:12,443 - INFO - === 开始今日拉取 ===
2025-09-08 01:52:12,443 - INFO - 开始获取Doonsec RSS
2025-09-08 01:52:12,443 - INFO - 目标日期: 2025-09-08
2025-09-08 01:52:14,962 - INFO - Doonsec RSS请求成功
2025-09-08 01:52:14,964 - INFO - RSS中共有 200 个条目
2025-09-08 01:52:14,964 - INFO - Doonsec获取到 80 个2025-09-08的微信文章URL
2025-09-08 01:52:14,966 - INFO - ChainReactors md文件URL: https://raw.githubusercontent.com/chainreactors/picker/refs/heads/master/archive/daily/2025/2025-09-08.md
2025-09-08 01:52:15,090 - INFO - ChainReactors md文件下载状态码: 404
2025-09-08 01:52:15,090 - WARNING - ChainReactors md文件下载失败: https://raw.githubusercontent.com/chainreactors/picker/refs/heads/master/archive/daily/2025/2025-09-08.md 状态码: 404
2025-09-08 01:52:15,090 - INFO - BruceFeIix md文件URL: https://raw.githubusercontent.com/BruceFeIix/picker/refs/heads/master/archive/daily/2025/2025-09-08.md
2025-09-08 01:52:15,220 - INFO - BruceFeIix md文件下载状态码: 404
2025-09-08 01:52:15,221 - WARNING - BruceFeIix md文件下载失败: https://raw.githubusercontent.com/BruceFeIix/picker/refs/heads/master/archive/daily/2025/2025-09-08.md 状态码: 404
2025-09-08 01:52:15,221 - INFO - === 开始处理 2025-09-08 的数据 ===
2025-09-08 01:52:15,221 - INFO - Doonsec原始数据: 80 个
2025-09-08 01:52:15,221 - INFO - ChainReactors原始数据: 0 个
2025-09-08 01:52:15,221 - INFO - BruceFeIix原始数据: 0 个
2025-09-08 01:52:15,221 - INFO - 开始处理Doonsec数据...
2025-09-08 01:52:15,221 - INFO - 开始处理ChainReactors数据...
2025-09-08 01:52:15,222 - INFO - 开始处理BruceFeIix数据...
2025-09-08 01:52:15,222 - INFO - 去重后共 80 个URL待处理，跳过 0 个重复URL
2025-09-08 01:52:15,222 - INFO - 去重后统计 - Doonsec: 80 个, ChainReactors: 0 个, BruceFeIix: 0 个
2025-09-08 01:52:15,222 - INFO - === 开始关键词过滤 ===
2025-09-08 01:52:15,226 - INFO - 关键词过滤: 匹配 21 个，跳过 59 个
2025-09-08 01:52:15,227 - INFO - 关键词过滤后统计 - Doonsec: 21 个, ChainReactors: 0 个, BruceFeIix: 0 个
2025-09-08 01:52:15,240 - INFO - 已创建每日报告: md/2025-09-08.md
2025-09-08 01:52:15,240 - INFO - === 跳过二进制文件处理，只更新data.json ===
2025-09-08 01:52:15,274 - INFO - 已更新data.json，添加了 21 个URL
2025-09-08 01:52:15,275 - INFO - 已创建每日报告: md/2025-09-08.md
2025-09-08 01:52:15,275 - INFO - === 执行完成 ===
2025-09-08 04:28:12,276 - INFO - === 开始执行微信文章归档工具 ===
2025-09-08 04:28:12,276 - INFO - 数据文件: data.json
2025-09-08 04:28:12,277 - INFO - 可执行文件: ./bin/wechatmp2markdown-v1.1.11_linux_amd64
2025-09-08 04:28:12,277 - INFO - 文档目录: doc
2025-09-08 04:28:12,312 - INFO - 已加载 20751 条历史记录
2025-09-08 04:28:12,312 - INFO - === 开始今日拉取 ===
2025-09-08 04:28:12,312 - INFO - 开始获取Doonsec RSS
2025-09-08 04:28:12,312 - INFO - 目标日期: 2025-09-08
2025-09-08 04:28:15,515 - INFO - Doonsec RSS请求成功
2025-09-08 04:28:15,517 - INFO - RSS中共有 200 个条目
2025-09-08 04:28:15,517 - INFO - Doonsec获取到 124 个2025-09-08的微信文章URL
2025-09-08 04:28:15,518 - INFO - ChainReactors md文件URL: https://raw.githubusercontent.com/chainreactors/picker/refs/heads/master/archive/daily/2025/2025-09-08.md
2025-09-08 04:28:15,592 - INFO - ChainReactors md文件下载状态码: 200
2025-09-08 04:28:15,593 - INFO - ChainReactors获取到 119 个URL
2025-09-08 04:28:15,593 - INFO - BruceFeIix md文件URL: https://raw.githubusercontent.com/BruceFeIix/picker/refs/heads/master/archive/daily/2025/2025-09-08.md
2025-09-08 04:28:15,699 - INFO - BruceFeIix md文件下载状态码: 200
2025-09-08 04:28:15,700 - INFO - BruceFeIix获取到 119 个URL
2025-09-08 04:28:15,700 - INFO - === 开始处理 2025-09-08 的数据 ===
2025-09-08 04:28:15,700 - INFO - Doonsec原始数据: 124 个
2025-09-08 04:28:15,700 - INFO - ChainReactors原始数据: 119 个
2025-09-08 04:28:15,700 - INFO - BruceFeIix原始数据: 119 个
2025-09-08 04:28:15,700 - INFO - 开始处理Doonsec数据...
2025-09-08 04:28:15,700 - INFO - 开始处理ChainReactors数据...
2025-09-08 04:28:15,701 - INFO - 开始处理BruceFeIix数据...
2025-09-08 04:28:15,701 - INFO - 去重后共 186 个URL待处理，跳过 176 个重复URL
2025-09-08 04:28:15,701 - INFO - 去重后统计 - Doonsec: 103 个, ChainReactors: 83 个, BruceFeIix: 0 个
2025-09-08 04:28:15,701 - INFO - === 开始关键词过滤 ===
2025-09-08 04:28:15,707 - INFO - 关键词过滤: 匹配 15 个，跳过 171 个
2025-09-08 04:28:15,707 - INFO - 关键词过滤后统计 - Doonsec: 13 个, ChainReactors: 2 个, BruceFeIix: 0 个
2025-09-08 04:28:15,720 - INFO - 已创建每日报告: md/2025-09-08.md
2025-09-08 04:28:15,720 - INFO - === 跳过二进制文件处理，只更新data.json ===
2025-09-08 04:28:15,755 - INFO - 已更新data.json，添加了 15 个URL
2025-09-08 04:28:15,755 - INFO - 已创建每日报告: md/2025-09-08.md
2025-09-08 04:28:15,755 - INFO - === 执行完成 ===
2025-09-08 08:33:17,978 - INFO - === 开始执行微信文章归档工具 ===
2025-09-08 08:33:17,979 - INFO - 数据文件: data.json
2025-09-08 08:33:17,979 - INFO - 可执行文件: ./bin/wechatmp2markdown-v1.1.11_linux_amd64
2025-09-08 08:33:17,979 - INFO - 文档目录: doc
2025-09-08 08:33:18,014 - INFO - 已加载 20766 条历史记录
2025-09-08 08:33:18,015 - INFO - === 开始今日拉取 ===
2025-09-08 08:33:18,015 - INFO - 开始获取Doonsec RSS
2025-09-08 08:33:18,015 - INFO - 目标日期: 2025-09-08
2025-09-08 08:33:21,239 - INFO - Doonsec RSS请求成功
2025-09-08 08:33:21,241 - INFO - RSS中共有 200 个条目
2025-09-08 08:33:21,242 - INFO - Doonsec获取到 183 个2025-09-08的微信文章URL
2025-09-08 08:33:21,243 - INFO - ChainReactors md文件URL: https://raw.githubusercontent.com/chainreactors/picker/refs/heads/master/archive/daily/2025/2025-09-08.md
2025-09-08 08:33:21,331 - INFO - ChainReactors md文件下载状态码: 200
2025-09-08 08:33:21,332 - INFO - ChainReactors获取到 119 个URL
2025-09-08 08:33:21,332 - INFO - BruceFeIix md文件URL: https://raw.githubusercontent.com/BruceFeIix/picker/refs/heads/master/archive/daily/2025/2025-09-08.md
2025-09-08 08:33:21,421 - INFO - BruceFeIix md文件下载状态码: 200
2025-09-08 08:33:21,422 - INFO - BruceFeIix获取到 119 个URL
2025-09-08 08:33:21,422 - INFO - === 开始处理 2025-09-08 的数据 ===
2025-09-08 08:33:21,422 - INFO - Doonsec原始数据: 183 个
2025-09-08 08:33:21,422 - INFO - ChainReactors原始数据: 119 个
2025-09-08 08:33:21,422 - INFO - BruceFeIix原始数据: 119 个
2025-09-08 08:33:21,422 - INFO - 开始处理Doonsec数据...
2025-09-08 08:33:21,423 - INFO - 开始处理ChainReactors数据...
2025-09-08 08:33:21,423 - INFO - 开始处理BruceFeIix数据...
2025-09-08 08:33:21,423 - INFO - 去重后共 230 个URL待处理，跳过 191 个重复URL
2025-09-08 08:33:21,423 - INFO - 去重后统计 - Doonsec: 149 个, ChainReactors: 81 个, BruceFeIix: 0 个
2025-09-08 08:33:21,423 - INFO - === 开始关键词过滤 ===
2025-09-08 08:33:21,431 - INFO - 关键词过滤: 匹配 17 个，跳过 213 个
2025-09-08 08:33:21,431 - INFO - 关键词过滤后统计 - Doonsec: 17 个, ChainReactors: 0 个, BruceFeIix: 0 个
2025-09-08 08:33:21,450 - INFO - 已创建每日报告: md/2025-09-08.md
2025-09-08 08:33:21,450 - INFO - === 跳过二进制文件处理，只更新data.json ===
2025-09-08 08:33:21,484 - INFO - 已更新data.json，添加了 17 个URL
2025-09-08 08:33:21,485 - INFO - 已创建每日报告: md/2025-09-08.md
2025-09-08 08:33:21,485 - INFO - === 执行完成 ===
2025-09-08 12:49:54,234 - INFO - === 开始执行微信文章归档工具 ===
2025-09-08 12:49:54,235 - INFO - 数据文件: data.json
2025-09-08 12:49:54,235 - INFO - 可执行文件: ./bin/wechatmp2markdown-v1.1.11_linux_amd64
2025-09-08 12:49:54,235 - INFO - 文档目录: doc
2025-09-08 12:49:54,269 - INFO - 已加载 20783 条历史记录
2025-09-08 12:49:54,270 - INFO - === 开始今日拉取 ===
2025-09-08 12:49:54,270 - INFO - 开始获取Doonsec RSS
2025-09-08 12:49:54,270 - INFO - 目标日期: 2025-09-08
2025-09-08 12:49:57,213 - INFO - Doonsec RSS请求成功
2025-09-08 12:49:57,215 - INFO - RSS中共有 200 个条目
2025-09-08 12:49:57,216 - INFO - Doonsec获取到 200 个2025-09-08的微信文章URL
2025-09-08 12:49:57,217 - INFO - ChainReactors md文件URL: https://raw.githubusercontent.com/chainreactors/picker/refs/heads/master/archive/daily/2025/2025-09-08.md
2025-09-08 12:49:57,408 - INFO - ChainReactors md文件下载状态码: 200
2025-09-08 12:49:57,409 - INFO - ChainReactors获取到 119 个URL
2025-09-08 12:49:57,409 - INFO - BruceFeIix md文件URL: https://raw.githubusercontent.com/BruceFeIix/picker/refs/heads/master/archive/daily/2025/2025-09-08.md
2025-09-08 12:49:57,580 - INFO - BruceFeIix md文件下载状态码: 200
2025-09-08 12:49:57,581 - INFO - BruceFeIix获取到 119 个URL
2025-09-08 12:49:57,581 - INFO - === 开始处理 2025-09-08 的数据 ===
2025-09-08 12:49:57,581 - INFO - Doonsec原始数据: 200 个
2025-09-08 12:49:57,581 - INFO - ChainReactors原始数据: 119 个
2025-09-08 12:49:57,582 - INFO - BruceFeIix原始数据: 119 个
2025-09-08 12:49:57,582 - INFO - 开始处理Doonsec数据...
2025-09-08 12:49:57,582 - INFO - 开始处理ChainReactors数据...
2025-09-08 12:49:57,582 - INFO - 开始处理BruceFeIix数据...
2025-09-08 12:49:57,582 - INFO - 去重后共 250 个URL待处理，跳过 188 个重复URL
2025-09-08 12:49:57,583 - INFO - 去重后统计 - Doonsec: 167 个, ChainReactors: 83 个, BruceFeIix: 0 个
2025-09-08 12:49:57,583 - INFO - === 开始关键词过滤 ===
2025-09-08 12:49:57,592 - INFO - 关键词过滤: 匹配 14 个，跳过 236 个
2025-09-08 12:49:57,592 - INFO - 关键词过滤后统计 - Doonsec: 14 个, ChainReactors: 0 个, BruceFeIix: 0 个
2025-09-08 12:49:57,634 - INFO - 已创建每日报告: md/2025-09-08.md
2025-09-08 12:49:57,634 - INFO - === 跳过二进制文件处理，只更新data.json ===
2025-09-08 12:49:57,668 - INFO - 已更新data.json，添加了 14 个URL
2025-09-08 12:49:57,669 - INFO - 已创建每日报告: md/2025-09-08.md
2025-09-08 12:49:57,669 - INFO - === 执行完成 ===
2025-09-08 16:27:59,869 - INFO - === 开始执行微信文章归档工具 ===
2025-09-08 16:27:59,870 - INFO - 数据文件: data.json
2025-09-08 16:27:59,870 - INFO - 可执行文件: ./bin/wechatmp2markdown-v1.1.11_linux_amd64
2025-09-08 16:27:59,870 - INFO - 文档目录: doc
2025-09-08 16:27:59,906 - INFO - 已加载 20797 条历史记录
2025-09-08 16:27:59,906 - INFO - === 开始今日拉取 ===
2025-09-08 16:27:59,906 - INFO - 开始获取Doonsec RSS
2025-09-08 16:27:59,906 - INFO - 目标日期: 2025-09-08
2025-09-08 16:28:02,589 - INFO - Doonsec RSS请求成功
2025-09-08 16:28:02,591 - INFO - RSS中共有 200 个条目
2025-09-08 16:28:02,592 - INFO - Doonsec获取到 195 个2025-09-08的微信文章URL
2025-09-08 16:28:02,593 - INFO - ChainReactors md文件URL: https://raw.githubusercontent.com/chainreactors/picker/refs/heads/master/archive/daily/2025/2025-09-08.md
2025-09-08 16:28:02,631 - INFO - ChainReactors md文件下载状态码: 200
2025-09-08 16:28:02,632 - INFO - ChainReactors获取到 119 个URL
2025-09-08 16:28:02,632 - INFO - BruceFeIix md文件URL: https://raw.githubusercontent.com/BruceFeIix/picker/refs/heads/master/archive/daily/2025/2025-09-08.md
2025-09-08 16:28:02,676 - INFO - BruceFeIix md文件下载状态码: 200
2025-09-08 16:28:02,677 - INFO - BruceFeIix获取到 119 个URL
2025-09-08 16:28:02,677 - INFO - === 开始处理 2025-09-08 的数据 ===
2025-09-08 16:28:02,677 - INFO - Doonsec原始数据: 195 个
2025-09-08 16:28:02,677 - INFO - ChainReactors原始数据: 119 个
2025-09-08 16:28:02,677 - INFO - BruceFeIix原始数据: 119 个
2025-09-08 16:28:02,677 - INFO - 开始处理Doonsec数据...
2025-09-08 16:28:02,677 - INFO - 开始处理ChainReactors数据...
2025-09-08 16:28:02,678 - INFO - 开始处理BruceFeIix数据...
2025-09-08 16:28:02,678 - INFO - 去重后共 238 个URL待处理，跳过 195 个重复URL
2025-09-08 16:28:02,678 - INFO - 去重后统计 - Doonsec: 155 个, ChainReactors: 83 个, BruceFeIix: 0 个
2025-09-08 16:28:02,678 - INFO - === 开始关键词过滤 ===
2025-09-08 16:28:02,686 - INFO - 关键词过滤: 匹配 4 个，跳过 234 个
2025-09-08 16:28:02,686 - INFO - 关键词过滤后统计 - Doonsec: 4 个, ChainReactors: 0 个, BruceFeIix: 0 个
2025-09-08 16:28:02,703 - INFO - 已创建每日报告: md/2025-09-08.md
2025-09-08 16:28:02,704 - INFO - === 跳过二进制文件处理，只更新data.json ===
2025-09-08 16:28:02,738 - INFO - 已更新data.json，添加了 4 个URL
2025-09-08 16:28:02,739 - INFO - 已创建每日报告: md/2025-09-08.md
2025-09-08 16:28:02,739 - INFO - === 执行完成 ===
2025-09-08 20:24:59,409 - INFO - === 开始执行微信文章归档工具 ===
2025-09-08 20:24:59,410 - INFO - 数据文件: data.json
2025-09-08 20:24:59,410 - INFO - 可执行文件: ./bin/wechatmp2markdown-v1.1.11_linux_amd64
2025-09-08 20:24:59,411 - INFO - 文档目录: doc
2025-09-08 20:24:59,445 - INFO - 已加载 20801 条历史记录
2025-09-08 20:24:59,445 - INFO - === 开始今日拉取 ===
2025-09-08 20:24:59,445 - INFO - 开始获取Doonsec RSS
2025-09-08 20:24:59,445 - INFO - 目标日期: 2025-09-08
2025-09-08 20:25:01,150 - INFO - Doonsec RSS请求成功
2025-09-08 20:25:01,152 - INFO - RSS中共有 200 个条目
2025-09-08 20:25:01,153 - INFO - Doonsec获取到 192 个2025-09-08的微信文章URL
2025-09-08 20:25:01,154 - INFO - ChainReactors md文件URL: https://raw.githubusercontent.com/chainreactors/picker/refs/heads/master/archive/daily/2025/2025-09-08.md
2025-09-08 20:25:01,267 - INFO - ChainReactors md文件下载状态码: 200
2025-09-08 20:25:01,268 - INFO - ChainReactors获取到 119 个URL
2025-09-08 20:25:01,268 - INFO - BruceFeIix md文件URL: https://raw.githubusercontent.com/BruceFeIix/picker/refs/heads/master/archive/daily/2025/2025-09-08.md
2025-09-08 20:25:01,345 - INFO - BruceFeIix md文件下载状态码: 200
2025-09-08 20:25:01,346 - INFO - BruceFeIix获取到 119 个URL
2025-09-08 20:25:01,346 - INFO - === 开始处理 2025-09-08 的数据 ===
2025-09-08 20:25:01,346 - INFO - Doonsec原始数据: 192 个
2025-09-08 20:25:01,346 - INFO - ChainReactors原始数据: 119 个
2025-09-08 20:25:01,346 - INFO - BruceFeIix原始数据: 119 个
2025-09-08 20:25:01,346 - INFO - 开始处理Doonsec数据...
2025-09-08 20:25:01,346 - INFO - 开始处理ChainReactors数据...
2025-09-08 20:25:01,347 - INFO - 开始处理BruceFeIix数据...
2025-09-08 20:25:01,347 - INFO - 去重后共 231 个URL待处理，跳过 199 个重复URL
2025-09-08 20:25:01,347 - INFO - 去重后统计 - Doonsec: 148 个, ChainReactors: 83 个, BruceFeIix: 0 个
2025-09-08 20:25:01,347 - INFO - === 开始关键词过滤 ===
2025-09-08 20:25:01,355 - INFO - 关键词过滤: 匹配 0 个，跳过 231 个
2025-09-08 20:25:01,355 - INFO - 关键词过滤后统计 - Doonsec: 0 个, ChainReactors: 0 个, BruceFeIix: 0 个
2025-09-08 20:25:01,355 - INFO - === 跳过二进制文件处理，只更新data.json ===
2025-09-08 20:25:01,390 - INFO - 已更新data.json，添加了 0 个URL
2025-09-08 20:25:01,390 - INFO - === 执行完成 ===
2025-09-09 01:48:27,725 - INFO - === 开始执行微信文章归档工具 ===
2025-09-09 01:48:27,726 - INFO - 数据文件: data.json
2025-09-09 01:48:27,726 - INFO - 可执行文件: ./bin/wechatmp2markdown-v1.1.11_linux_amd64
2025-09-09 01:48:27,726 - INFO - 文档目录: doc
2025-09-09 01:48:27,761 - INFO - 已加载 20801 条历史记录
2025-09-09 01:48:27,761 - INFO - === 开始今日拉取 ===
2025-09-09 01:48:27,761 - INFO - 开始获取Doonsec RSS
2025-09-09 01:48:27,761 - INFO - 目标日期: 2025-09-09
2025-09-09 01:48:29,882 - INFO - Doonsec RSS请求成功
2025-09-09 01:48:29,884 - INFO - RSS中共有 200 个条目
2025-09-09 01:48:29,885 - INFO - Doonsec获取到 80 个2025-09-09的微信文章URL
2025-09-09 01:48:29,886 - INFO - ChainReactors md文件URL: https://raw.githubusercontent.com/chainreactors/picker/refs/heads/master/archive/daily/2025/2025-09-09.md
2025-09-09 01:48:29,948 - INFO - ChainReactors md文件下载状态码: 404
2025-09-09 01:48:29,948 - WARNING - ChainReactors md文件下载失败: https://raw.githubusercontent.com/chainreactors/picker/refs/heads/master/archive/daily/2025/2025-09-09.md 状态码: 404
2025-09-09 01:48:29,948 - INFO - BruceFeIix md文件URL: https://raw.githubusercontent.com/BruceFeIix/picker/refs/heads/master/archive/daily/2025/2025-09-09.md
2025-09-09 01:48:30,012 - INFO - BruceFeIix md文件下载状态码: 404
2025-09-09 01:48:30,012 - WARNING - BruceFeIix md文件下载失败: https://raw.githubusercontent.com/BruceFeIix/picker/refs/heads/master/archive/daily/2025/2025-09-09.md 状态码: 404
2025-09-09 01:48:30,012 - INFO - === 开始处理 2025-09-09 的数据 ===
2025-09-09 01:48:30,012 - INFO - Doonsec原始数据: 80 个
2025-09-09 01:48:30,012 - INFO - ChainReactors原始数据: 0 个
2025-09-09 01:48:30,012 - INFO - BruceFeIix原始数据: 0 个
2025-09-09 01:48:30,013 - INFO - 开始处理Doonsec数据...
2025-09-09 01:48:30,013 - INFO - 开始处理ChainReactors数据...
2025-09-09 01:48:30,013 - INFO - 开始处理BruceFeIix数据...
2025-09-09 01:48:30,013 - INFO - 去重后共 80 个URL待处理，跳过 0 个重复URL
2025-09-09 01:48:30,013 - INFO - 去重后统计 - Doonsec: 80 个, ChainReactors: 0 个, BruceFeIix: 0 个
2025-09-09 01:48:30,013 - INFO - === 开始关键词过滤 ===
2025-09-09 01:48:30,015 - INFO - 关键词过滤: 匹配 25 个，跳过 55 个
2025-09-09 01:48:30,016 - INFO - 关键词过滤后统计 - Doonsec: 25 个, ChainReactors: 0 个, BruceFeIix: 0 个
2025-09-09 01:48:30,029 - INFO - 已创建每日报告: md/2025-09-09.md
2025-09-09 01:48:30,030 - INFO - === 跳过二进制文件处理，只更新data.json ===
2025-09-09 01:48:30,065 - INFO - 已更新data.json，添加了 25 个URL
2025-09-09 01:48:30,066 - INFO - 已创建每日报告: md/2025-09-09.md
2025-09-09 01:48:30,066 - INFO - === 执行完成 ===
2025-09-09 04:27:39,576 - INFO - === 开始执行微信文章归档工具 ===
2025-09-09 04:27:39,577 - INFO - 数据文件: data.json
2025-09-09 04:27:39,577 - INFO - 可执行文件: ./bin/wechatmp2markdown-v1.1.11_linux_amd64
2025-09-09 04:27:39,577 - INFO - 文档目录: doc
2025-09-09 04:27:39,612 - INFO - 已加载 20826 条历史记录
2025-09-09 04:27:39,612 - INFO - === 开始今日拉取 ===
2025-09-09 04:27:39,612 - INFO - 开始获取Doonsec RSS
2025-09-09 04:27:39,612 - INFO - 目标日期: 2025-09-09
2025-09-09 04:27:42,451 - INFO - Doonsec RSS请求成功
2025-09-09 04:27:42,453 - INFO - RSS中共有 200 个条目
2025-09-09 04:27:42,453 - INFO - Doonsec获取到 134 个2025-09-09的微信文章URL
2025-09-09 04:27:42,454 - INFO - ChainReactors md文件URL: https://raw.githubusercontent.com/chainreactors/picker/refs/heads/master/archive/daily/2025/2025-09-09.md
2025-09-09 04:27:42,502 - INFO - ChainReactors md文件下载状态码: 200
2025-09-09 04:27:42,504 - INFO - ChainReactors获取到 146 个URL
2025-09-09 04:27:42,504 - INFO - BruceFeIix md文件URL: https://raw.githubusercontent.com/BruceFeIix/picker/refs/heads/master/archive/daily/2025/2025-09-09.md
2025-09-09 04:27:42,559 - INFO - BruceFeIix md文件下载状态码: 200
2025-09-09 04:27:42,560 - INFO - BruceFeIix获取到 143 个URL
2025-09-09 04:27:42,560 - INFO - === 开始处理 2025-09-09 的数据 ===
2025-09-09 04:27:42,560 - INFO - Doonsec原始数据: 134 个
2025-09-09 04:27:42,560 - INFO - ChainReactors原始数据: 146 个
2025-09-09 04:27:42,560 - INFO - BruceFeIix原始数据: 143 个
2025-09-09 04:27:42,560 - INFO - 开始处理Doonsec数据...
2025-09-09 04:27:42,560 - INFO - 开始处理ChainReactors数据...
2025-09-09 04:27:42,561 - INFO - 开始处理BruceFeIix数据...
2025-09-09 04:27:42,561 - INFO - 去重后共 220 个URL待处理，跳过 203 个重复URL
2025-09-09 04:27:42,561 - INFO - 去重后统计 - Doonsec: 109 个, ChainReactors: 111 个, BruceFeIix: 0 个
2025-09-09 04:27:42,561 - INFO - === 开始关键词过滤 ===
2025-09-09 04:27:42,568 - INFO - 关键词过滤: 匹配 26 个，跳过 194 个
2025-09-09 04:27:42,568 - INFO - 关键词过滤后统计 - Doonsec: 17 个, ChainReactors: 9 个, BruceFeIix: 0 个
2025-09-09 04:27:42,581 - INFO - 已创建每日报告: md/2025-09-09.md
2025-09-09 04:27:42,581 - INFO - === 跳过二进制文件处理，只更新data.json ===
2025-09-09 04:27:42,616 - INFO - 已更新data.json，添加了 26 个URL
2025-09-09 04:27:42,616 - INFO - 已创建每日报告: md/2025-09-09.md
2025-09-09 04:27:42,616 - INFO - === 执行完成 ===
2025-09-09 08:31:23,615 - INFO - === 开始执行微信文章归档工具 ===
2025-09-09 08:31:23,616 - INFO - 数据文件: data.json
2025-09-09 08:31:23,616 - INFO - 可执行文件: ./bin/wechatmp2markdown-v1.1.11_linux_amd64
2025-09-09 08:31:23,616 - INFO - 文档目录: doc
2025-09-09 08:31:23,651 - INFO - 已加载 20852 条历史记录
2025-09-09 08:31:23,652 - INFO - === 开始今日拉取 ===
2025-09-09 08:31:23,652 - INFO - 开始获取Doonsec RSS
2025-09-09 08:31:23,652 - INFO - 目标日期: 2025-09-09
2025-09-09 08:31:26,926 - INFO - Doonsec RSS请求成功
2025-09-09 08:31:26,928 - INFO - RSS中共有 200 个条目
2025-09-09 08:31:26,929 - INFO - Doonsec获取到 184 个2025-09-09的微信文章URL
2025-09-09 08:31:26,931 - INFO - ChainReactors md文件URL: https://raw.githubusercontent.com/chainreactors/picker/refs/heads/master/archive/daily/2025/2025-09-09.md
2025-09-09 08:31:27,026 - INFO - ChainReactors md文件下载状态码: 200
2025-09-09 08:31:27,028 - INFO - ChainReactors获取到 146 个URL
2025-09-09 08:31:27,028 - INFO - BruceFeIix md文件URL: https://raw.githubusercontent.com/BruceFeIix/picker/refs/heads/master/archive/daily/2025/2025-09-09.md
2025-09-09 08:31:27,112 - INFO - BruceFeIix md文件下载状态码: 200
2025-09-09 08:31:27,113 - INFO - BruceFeIix获取到 143 个URL
2025-09-09 08:31:27,114 - INFO - === 开始处理 2025-09-09 的数据 ===
2025-09-09 08:31:27,114 - INFO - Doonsec原始数据: 184 个
2025-09-09 08:31:27,114 - INFO - ChainReactors原始数据: 146 个
2025-09-09 08:31:27,114 - INFO - BruceFeIix原始数据: 143 个
2025-09-09 08:31:27,114 - INFO - 开始处理Doonsec数据...
2025-09-09 08:31:27,114 - INFO - 开始处理ChainReactors数据...
2025-09-09 08:31:27,115 - INFO - 开始处理BruceFeIix数据...
2025-09-09 08:31:27,115 - INFO - 去重后共 244 个URL待处理，跳过 229 个重复URL
2025-09-09 08:31:27,115 - INFO - 去重后统计 - Doonsec: 142 个, ChainReactors: 102 个, BruceFeIix: 0 个
2025-09-09 08:31:27,115 - INFO - === 开始关键词过滤 ===
2025-09-09 08:31:27,124 - INFO - 关键词过滤: 匹配 17 个，跳过 227 个
2025-09-09 08:31:27,124 - INFO - 关键词过滤后统计 - Doonsec: 17 个, ChainReactors: 0 个, BruceFeIix: 0 个
2025-09-09 08:31:27,139 - INFO - 已创建每日报告: md/2025-09-09.md
2025-09-09 08:31:27,139 - INFO - === 跳过二进制文件处理，只更新data.json ===
2025-09-09 08:31:27,174 - INFO - 已更新data.json，添加了 17 个URL
2025-09-09 08:31:27,174 - INFO - 已创建每日报告: md/2025-09-09.md
2025-09-09 08:31:27,174 - INFO - === 执行完成 ===
2025-09-09 12:50:26,078 - INFO - === 开始执行微信文章归档工具 ===
2025-09-09 12:50:26,079 - INFO - 数据文件: data.json
2025-09-09 12:50:26,079 - INFO - 可执行文件: ./bin/wechatmp2markdown-v1.1.11_linux_amd64
2025-09-09 12:50:26,079 - INFO - 文档目录: doc
2025-09-09 12:50:26,116 - INFO - 已加载 20869 条历史记录
2025-09-09 12:50:26,116 - INFO - === 开始今日拉取 ===
2025-09-09 12:50:26,116 - INFO - 开始获取Doonsec RSS
2025-09-09 12:50:26,116 - INFO - 目标日期: 2025-09-09
2025-09-09 12:50:29,387 - INFO - Doonsec RSS请求成功
2025-09-09 12:50:29,388 - INFO - RSS中共有 200 个条目
2025-09-09 12:50:29,389 - INFO - Doonsec获取到 200 个2025-09-09的微信文章URL
2025-09-09 12:50:29,390 - INFO - ChainReactors md文件URL: https://raw.githubusercontent.com/chainreactors/picker/refs/heads/master/archive/daily/2025/2025-09-09.md
2025-09-09 12:50:29,476 - INFO - ChainReactors md文件下载状态码: 200
2025-09-09 12:50:29,477 - INFO - ChainReactors获取到 146 个URL
2025-09-09 12:50:29,478 - INFO - BruceFeIix md文件URL: https://raw.githubusercontent.com/BruceFeIix/picker/refs/heads/master/archive/daily/2025/2025-09-09.md
2025-09-09 12:50:29,562 - INFO - BruceFeIix md文件下载状态码: 200
2025-09-09 12:50:29,563 - INFO - BruceFeIix获取到 143 个URL
2025-09-09 12:50:29,563 - INFO - === 开始处理 2025-09-09 的数据 ===
2025-09-09 12:50:29,563 - INFO - Doonsec原始数据: 200 个
2025-09-09 12:50:29,563 - INFO - ChainReactors原始数据: 146 个
2025-09-09 12:50:29,564 - INFO - BruceFeIix原始数据: 143 个
2025-09-09 12:50:29,564 - INFO - 开始处理Doonsec数据...
2025-09-09 12:50:29,564 - INFO - 开始处理ChainReactors数据...
2025-09-09 12:50:29,564 - INFO - 开始处理BruceFeIix数据...
2025-09-09 12:50:29,565 - INFO - 去重后共 251 个URL待处理，跳过 238 个重复URL
2025-09-09 12:50:29,565 - INFO - 去重后统计 - Doonsec: 149 个, ChainReactors: 102 个, BruceFeIix: 0 个
2025-09-09 12:50:29,565 - INFO - === 开始关键词过滤 ===
2025-09-09 12:50:29,573 - INFO - 关键词过滤: 匹配 17 个，跳过 234 个
2025-09-09 12:50:29,574 - INFO - 关键词过滤后统计 - Doonsec: 17 个, ChainReactors: 0 个, BruceFeIix: 0 个
2025-09-09 12:50:29,588 - INFO - 已创建每日报告: md/2025-09-09.md
2025-09-09 12:50:29,589 - INFO - === 跳过二进制文件处理，只更新data.json ===
2025-09-09 12:50:29,623 - INFO - 已更新data.json，添加了 17 个URL
2025-09-09 12:50:29,624 - INFO - 已创建每日报告: md/2025-09-09.md
2025-09-09 12:50:29,624 - INFO - === 执行完成 ===
2025-09-09 16:28:52,026 - INFO - === 开始执行微信文章归档工具 ===
2025-09-09 16:28:52,027 - INFO - 数据文件: data.json
2025-09-09 16:28:52,027 - INFO - 可执行文件: ./bin/wechatmp2markdown-v1.1.11_linux_amd64
2025-09-09 16:28:52,027 - INFO - 文档目录: doc
2025-09-09 16:28:52,063 - INFO - 已加载 20886 条历史记录
2025-09-09 16:28:52,063 - INFO - === 开始今日拉取 ===
2025-09-09 16:28:52,063 - INFO - 开始获取Doonsec RSS
2025-09-09 16:28:52,063 - INFO - 目标日期: 2025-09-09
2025-09-09 16:28:54,090 - INFO - Doonsec RSS请求成功
2025-09-09 16:28:54,092 - INFO - RSS中共有 200 个条目
2025-09-09 16:28:54,093 - INFO - Doonsec获取到 200 个2025-09-09的微信文章URL
2025-09-09 16:28:54,094 - INFO - ChainReactors md文件URL: https://raw.githubusercontent.com/chainreactors/picker/refs/heads/master/archive/daily/2025/2025-09-09.md
2025-09-09 16:28:54,152 - INFO - ChainReactors md文件下载状态码: 200
2025-09-09 16:28:54,153 - INFO - ChainReactors获取到 146 个URL
2025-09-09 16:28:54,153 - INFO - BruceFeIix md文件URL: https://raw.githubusercontent.com/BruceFeIix/picker/refs/heads/master/archive/daily/2025/2025-09-09.md
2025-09-09 16:28:54,209 - INFO - BruceFeIix md文件下载状态码: 200
2025-09-09 16:28:54,210 - INFO - BruceFeIix获取到 143 个URL
2025-09-09 16:28:54,210 - INFO - === 开始处理 2025-09-09 的数据 ===
2025-09-09 16:28:54,210 - INFO - Doonsec原始数据: 200 个
2025-09-09 16:28:54,210 - INFO - ChainReactors原始数据: 146 个
2025-09-09 16:28:54,210 - INFO - BruceFeIix原始数据: 143 个
2025-09-09 16:28:54,211 - INFO - 开始处理Doonsec数据...
2025-09-09 16:28:54,211 - INFO - 开始处理ChainReactors数据...
2025-09-09 16:28:54,211 - INFO - 开始处理BruceFeIix数据...
2025-09-09 16:28:54,211 - INFO - 去重后共 247 个URL待处理，跳过 242 个重复URL
2025-09-09 16:28:54,211 - INFO - 去重后统计 - Doonsec: 145 个, ChainReactors: 102 个, BruceFeIix: 0 个
2025-09-09 16:28:54,211 - INFO - === 开始关键词过滤 ===
2025-09-09 16:28:54,220 - INFO - 关键词过滤: 匹配 10 个，跳过 237 个
2025-09-09 16:28:54,220 - INFO - 关键词过滤后统计 - Doonsec: 10 个, ChainReactors: 0 个, BruceFeIix: 0 个
2025-09-09 16:28:54,253 - INFO - 已创建每日报告: md/2025-09-09.md
2025-09-09 16:28:54,253 - INFO - === 跳过二进制文件处理，只更新data.json ===
2025-09-09 16:28:54,288 - INFO - 已更新data.json，添加了 10 个URL
2025-09-09 16:28:54,288 - INFO - 已创建每日报告: md/2025-09-09.md
2025-09-09 16:28:54,288 - INFO - === 执行完成 ===
2025-09-09 20:24:28,532 - INFO - === 开始执行微信文章归档工具 ===
2025-09-09 20:24:28,533 - INFO - 数据文件: data.json
2025-09-09 20:24:28,533 - INFO - 可执行文件: ./bin/wechatmp2markdown-v1.1.11_linux_amd64
2025-09-09 20:24:28,533 - INFO - 文档目录: doc
2025-09-09 20:24:28,568 - INFO - 已加载 20896 条历史记录
2025-09-09 20:24:28,569 - INFO - === 开始今日拉取 ===
2025-09-09 20:24:28,569 - INFO - 开始获取Doonsec RSS
2025-09-09 20:24:28,569 - INFO - 目标日期: 2025-09-09
2025-09-09 20:24:30,700 - INFO - Doonsec RSS请求成功
2025-09-09 20:24:30,702 - INFO - RSS中共有 200 个条目
2025-09-09 20:24:30,703 - INFO - Doonsec获取到 200 个2025-09-09的微信文章URL
2025-09-09 20:24:30,703 - INFO - ChainReactors md文件URL: https://raw.githubusercontent.com/chainreactors/picker/refs/heads/master/archive/daily/2025/2025-09-09.md
2025-09-09 20:24:30,820 - INFO - ChainReactors md文件下载状态码: 200
2025-09-09 20:24:30,821 - INFO - ChainReactors获取到 146 个URL
2025-09-09 20:24:30,821 - INFO - BruceFeIix md文件URL: https://raw.githubusercontent.com/BruceFeIix/picker/refs/heads/master/archive/daily/2025/2025-09-09.md
2025-09-09 20:24:30,904 - INFO - BruceFeIix md文件下载状态码: 200
2025-09-09 20:24:30,905 - INFO - BruceFeIix获取到 143 个URL
2025-09-09 20:24:30,905 - INFO - === 开始处理 2025-09-09 的数据 ===
2025-09-09 20:24:30,905 - INFO - Doonsec原始数据: 200 个
2025-09-09 20:24:30,905 - INFO - ChainReactors原始数据: 146 个
2025-09-09 20:24:30,905 - INFO - BruceFeIix原始数据: 143 个
2025-09-09 20:24:30,905 - INFO - 开始处理Doonsec数据...
2025-09-09 20:24:30,905 - INFO - 开始处理ChainReactors数据...
2025-09-09 20:24:30,906 - INFO - 开始处理BruceFeIix数据...
2025-09-09 20:24:30,906 - INFO - 去重后共 237 个URL待处理，跳过 252 个重复URL
2025-09-09 20:24:30,906 - INFO - 去重后统计 - Doonsec: 135 个, ChainReactors: 102 个, BruceFeIix: 0 个
2025-09-09 20:24:30,906 - INFO - === 开始关键词过滤 ===
2025-09-09 20:24:30,914 - INFO - 关键词过滤: 匹配 0 个，跳过 237 个
2025-09-09 20:24:30,914 - INFO - 关键词过滤后统计 - Doonsec: 0 个, ChainReactors: 0 个, BruceFeIix: 0 个
2025-09-09 20:24:30,914 - INFO - === 跳过二进制文件处理，只更新data.json ===
2025-09-09 20:24:30,949 - INFO - 已更新data.json，添加了 0 个URL
2025-09-09 20:24:30,949 - INFO - === 执行完成 ===
2025-09-10 01:44:37,959 - INFO - === 开始执行微信文章归档工具 ===
2025-09-10 01:44:37,960 - INFO - 数据文件: data.json
2025-09-10 01:44:37,960 - INFO - 可执行文件: ./bin/wechatmp2markdown-v1.1.11_linux_amd64
2025-09-10 01:44:37,960 - INFO - 文档目录: doc
2025-09-10 01:44:37,995 - INFO - 已加载 20896 条历史记录
2025-09-10 01:44:37,995 - INFO - === 开始今日拉取 ===
2025-09-10 01:44:37,995 - INFO - 开始获取Doonsec RSS
2025-09-10 01:44:37,995 - INFO - 目标日期: 2025-09-10
2025-09-10 01:44:39,945 - INFO - Doonsec RSS请求成功
2025-09-10 01:44:39,947 - INFO - RSS中共有 200 个条目
2025-09-10 01:44:39,948 - INFO - Doonsec获取到 132 个2025-09-10的微信文章URL
2025-09-10 01:44:39,949 - INFO - ChainReactors md文件URL: https://raw.githubusercontent.com/chainreactors/picker/refs/heads/master/archive/daily/2025/2025-09-10.md
2025-09-10 01:44:39,997 - INFO - ChainReactors md文件下载状态码: 404
2025-09-10 01:44:39,997 - WARNING - ChainReactors md文件下载失败: https://raw.githubusercontent.com/chainreactors/picker/refs/heads/master/archive/daily/2025/2025-09-10.md 状态码: 404
2025-09-10 01:44:39,998 - INFO - BruceFeIix md文件URL: https://raw.githubusercontent.com/BruceFeIix/picker/refs/heads/master/archive/daily/2025/2025-09-10.md
2025-09-10 01:44:40,040 - INFO - BruceFeIix md文件下载状态码: 404
2025-09-10 01:44:40,040 - WARNING - BruceFeIix md文件下载失败: https://raw.githubusercontent.com/BruceFeIix/picker/refs/heads/master/archive/daily/2025/2025-09-10.md 状态码: 404
2025-09-10 01:44:40,040 - INFO - === 开始处理 2025-09-10 的数据 ===
2025-09-10 01:44:40,040 - INFO - Doonsec原始数据: 132 个
2025-09-10 01:44:40,040 - INFO - ChainReactors原始数据: 0 个
2025-09-10 01:44:40,040 - INFO - BruceFeIix原始数据: 0 个
2025-09-10 01:44:40,040 - INFO - 开始处理Doonsec数据...
2025-09-10 01:44:40,040 - INFO - 开始处理ChainReactors数据...
2025-09-10 01:44:40,040 - INFO - 开始处理BruceFeIix数据...
2025-09-10 01:44:40,041 - INFO - 去重后共 132 个URL待处理，跳过 0 个重复URL
2025-09-10 01:44:40,041 - INFO - 去重后统计 - Doonsec: 132 个, ChainReactors: 0 个, BruceFeIix: 0 个
2025-09-10 01:44:40,041 - INFO - === 开始关键词过滤 ===
2025-09-10 01:44:40,045 - INFO - 关键词过滤: 匹配 43 个，跳过 89 个
2025-09-10 01:44:40,045 - INFO - 关键词过滤后统计 - Doonsec: 43 个, ChainReactors: 0 个, BruceFeIix: 0 个
2025-09-10 01:44:40,058 - INFO - 已创建每日报告: md/2025-09-10.md
2025-09-10 01:44:40,058 - INFO - === 跳过二进制文件处理，只更新data.json ===
2025-09-10 01:44:40,093 - INFO - 已更新data.json，添加了 43 个URL
2025-09-10 01:44:40,095 - INFO - 已创建每日报告: md/2025-09-10.md
2025-09-10 01:44:40,095 - INFO - === 执行完成 ===
2025-09-10 04:26:08,689 - INFO - === 开始执行微信文章归档工具 ===
2025-09-10 04:26:08,690 - INFO - 数据文件: data.json
2025-09-10 04:26:08,690 - INFO - 可执行文件: ./bin/wechatmp2markdown-v1.1.11_linux_amd64
2025-09-10 04:26:08,690 - INFO - 文档目录: doc
2025-09-10 04:26:08,725 - INFO - 已加载 20939 条历史记录
2025-09-10 04:26:08,725 - INFO - === 开始今日拉取 ===
2025-09-10 04:26:08,725 - INFO - 开始获取Doonsec RSS
2025-09-10 04:26:08,725 - INFO - 目标日期: 2025-09-10
2025-09-10 04:26:11,930 - INFO - Doonsec RSS请求成功
2025-09-10 04:26:11,932 - INFO - RSS中共有 200 个条目
2025-09-10 04:26:11,932 - INFO - Doonsec获取到 200 个2025-09-10的微信文章URL
2025-09-10 04:26:11,933 - INFO - ChainReactors md文件URL: https://raw.githubusercontent.com/chainreactors/picker/refs/heads/master/archive/daily/2025/2025-09-10.md
2025-09-10 04:26:12,109 - INFO - ChainReactors md文件下载状态码: 200
2025-09-10 04:26:12,110 - INFO - ChainReactors获取到 88 个URL
2025-09-10 04:26:12,110 - INFO - BruceFeIix md文件URL: https://raw.githubusercontent.com/BruceFeIix/picker/refs/heads/master/archive/daily/2025/2025-09-10.md
2025-09-10 04:26:12,372 - INFO - BruceFeIix md文件下载状态码: 200
2025-09-10 04:26:12,373 - INFO - BruceFeIix获取到 88 个URL
2025-09-10 04:26:12,373 - INFO - === 开始处理 2025-09-10 的数据 ===
2025-09-10 04:26:12,373 - INFO - Doonsec原始数据: 200 个
2025-09-10 04:26:12,373 - INFO - ChainReactors原始数据: 88 个
2025-09-10 04:26:12,373 - INFO - BruceFeIix原始数据: 88 个
2025-09-10 04:26:12,373 - INFO - 开始处理Doonsec数据...
2025-09-10 04:26:12,374 - INFO - 开始处理ChainReactors数据...
2025-09-10 04:26:12,374 - INFO - 开始处理BruceFeIix数据...
2025-09-10 04:26:12,374 - INFO - 去重后共 223 个URL待处理，跳过 153 个重复URL
2025-09-10 04:26:12,374 - INFO - 去重后统计 - Doonsec: 158 个, ChainReactors: 65 个, BruceFeIix: 0 个
2025-09-10 04:26:12,374 - INFO - === 开始关键词过滤 ===
2025-09-10 04:26:12,382 - INFO - 关键词过滤: 匹配 25 个，跳过 198 个
2025-09-10 04:26:12,382 - INFO - 关键词过滤后统计 - Doonsec: 23 个, ChainReactors: 2 个, BruceFeIix: 0 个
2025-09-10 04:26:12,395 - INFO - 已创建每日报告: md/2025-09-10.md
2025-09-10 04:26:12,395 - INFO - === 跳过二进制文件处理，只更新data.json ===
2025-09-10 04:26:12,430 - INFO - 已更新data.json，添加了 25 个URL
2025-09-10 04:26:12,431 - INFO - 已创建每日报告: md/2025-09-10.md
2025-09-10 04:26:12,431 - INFO - === 执行完成 ===
2025-09-10 08:31:05,247 - INFO - === 开始执行微信文章归档工具 ===
2025-09-10 08:31:05,248 - INFO - 数据文件: data.json
2025-09-10 08:31:05,248 - INFO - 可执行文件: ./bin/wechatmp2markdown-v1.1.11_linux_amd64
2025-09-10 08:31:05,248 - INFO - 文档目录: doc
2025-09-10 08:31:05,284 - INFO - 已加载 20964 条历史记录
2025-09-10 08:31:05,284 - INFO - === 开始今日拉取 ===
2025-09-10 08:31:05,284 - INFO - 开始获取Doonsec RSS
2025-09-10 08:31:05,284 - INFO - 目标日期: 2025-09-10
2025-09-10 08:31:07,963 - INFO - Doonsec RSS请求成功
2025-09-10 08:31:07,965 - INFO - RSS中共有 200 个条目
2025-09-10 08:31:07,966 - INFO - Doonsec获取到 200 个2025-09-10的微信文章URL
2025-09-10 08:31:07,967 - INFO - ChainReactors md文件URL: https://raw.githubusercontent.com/chainreactors/picker/refs/heads/master/archive/daily/2025/2025-09-10.md
2025-09-10 08:31:08,102 - INFO - ChainReactors md文件下载状态码: 200
2025-09-10 08:31:08,103 - INFO - ChainReactors获取到 88 个URL
2025-09-10 08:31:08,103 - INFO - BruceFeIix md文件URL: https://raw.githubusercontent.com/BruceFeIix/picker/refs/heads/master/archive/daily/2025/2025-09-10.md
2025-09-10 08:31:08,135 - INFO - BruceFeIix md文件下载状态码: 200
2025-09-10 08:31:08,136 - INFO - BruceFeIix获取到 88 个URL
2025-09-10 08:31:08,136 - INFO - === 开始处理 2025-09-10 的数据 ===
2025-09-10 08:31:08,136 - INFO - Doonsec原始数据: 200 个
2025-09-10 08:31:08,136 - INFO - ChainReactors原始数据: 88 个
2025-09-10 08:31:08,136 - INFO - BruceFeIix原始数据: 88 个
2025-09-10 08:31:08,136 - INFO - 开始处理Doonsec数据...
2025-09-10 08:31:08,137 - INFO - 开始处理ChainReactors数据...
2025-09-10 08:31:08,137 - INFO - 开始处理BruceFeIix数据...
2025-09-10 08:31:08,137 - INFO - 去重后共 222 个URL待处理，跳过 154 个重复URL
2025-09-10 08:31:08,137 - INFO - 去重后统计 - Doonsec: 157 个, ChainReactors: 65 个, BruceFeIix: 0 个
2025-09-10 08:31:08,137 - INFO - === 开始关键词过滤 ===
2025-09-10 08:31:08,144 - INFO - 关键词过滤: 匹配 20 个，跳过 202 个
2025-09-10 08:31:08,145 - INFO - 关键词过滤后统计 - Doonsec: 20 个, ChainReactors: 0 个, BruceFeIix: 0 个
2025-09-10 08:31:08,157 - INFO - 已创建每日报告: md/2025-09-10.md
2025-09-10 08:31:08,157 - INFO - === 跳过二进制文件处理，只更新data.json ===
2025-09-10 08:31:08,191 - INFO - 已更新data.json，添加了 20 个URL
2025-09-10 08:31:08,192 - INFO - 已创建每日报告: md/2025-09-10.md
2025-09-10 08:31:08,192 - INFO - === 执行完成 ===
2025-09-10 12:46:51,210 - INFO - === 开始执行微信文章归档工具 ===
2025-09-10 12:46:51,211 - INFO - 数据文件: data.json
2025-09-10 12:46:51,211 - INFO - 可执行文件: ./bin/wechatmp2markdown-v1.1.11_linux_amd64
2025-09-10 12:46:51,211 - INFO - 文档目录: doc
2025-09-10 12:46:51,248 - INFO - 已加载 20984 条历史记录
2025-09-10 12:46:51,248 - INFO - === 开始今日拉取 ===
2025-09-10 12:46:51,248 - INFO - 开始获取Doonsec RSS
2025-09-10 12:46:51,248 - INFO - 目标日期: 2025-09-10
2025-09-10 12:46:53,959 - INFO - Doonsec RSS请求成功
2025-09-10 12:46:53,962 - INFO - RSS中共有 200 个条目
2025-09-10 12:46:53,963 - INFO - Doonsec获取到 200 个2025-09-10的微信文章URL
2025-09-10 12:46:53,965 - INFO - ChainReactors md文件URL: https://raw.githubusercontent.com/chainreactors/picker/refs/heads/master/archive/daily/2025/2025-09-10.md
2025-09-10 12:46:54,026 - INFO - ChainReactors md文件下载状态码: 200
2025-09-10 12:46:54,028 - INFO - ChainReactors获取到 88 个URL
2025-09-10 12:46:54,028 - INFO - BruceFeIix md文件URL: https://raw.githubusercontent.com/BruceFeIix/picker/refs/heads/master/archive/daily/2025/2025-09-10.md
2025-09-10 12:46:54,087 - INFO - BruceFeIix md文件下载状态码: 200
2025-09-10 12:46:54,088 - INFO - BruceFeIix获取到 88 个URL
2025-09-10 12:46:54,088 - INFO - === 开始处理 2025-09-10 的数据 ===
2025-09-10 12:46:54,088 - INFO - Doonsec原始数据: 200 个
2025-09-10 12:46:54,089 - INFO - ChainReactors原始数据: 88 个
2025-09-10 12:46:54,089 - INFO - BruceFeIix原始数据: 88 个
2025-09-10 12:46:54,089 - INFO - 开始处理Doonsec数据...
2025-09-10 12:46:54,089 - INFO - 开始处理ChainReactors数据...
2025-09-10 12:46:54,089 - INFO - 开始处理BruceFeIix数据...
2025-09-10 12:46:54,089 - INFO - 去重后共 251 个URL待处理，跳过 125 个重复URL
2025-09-10 12:46:54,090 - INFO - 去重后统计 - Doonsec: 186 个, ChainReactors: 65 个, BruceFeIix: 0 个
2025-09-10 12:46:54,090 - INFO - === 开始关键词过滤 ===
2025-09-10 12:46:54,098 - INFO - 关键词过滤: 匹配 40 个，跳过 211 个
2025-09-10 12:46:54,098 - INFO - 关键词过滤后统计 - Doonsec: 40 个, ChainReactors: 0 个, BruceFeIix: 0 个
2025-09-10 12:46:54,145 - INFO - 已创建每日报告: md/2025-09-10.md
2025-09-10 12:46:54,145 - INFO - === 跳过二进制文件处理，只更新data.json ===
2025-09-10 12:46:54,180 - INFO - 已更新data.json，添加了 40 个URL
2025-09-10 12:46:54,181 - INFO - 已创建每日报告: md/2025-09-10.md
2025-09-10 12:46:54,181 - INFO - === 执行完成 ===
2025-09-10 16:28:47,912 - INFO - === 开始执行微信文章归档工具 ===
2025-09-10 16:28:47,913 - INFO - 数据文件: data.json
2025-09-10 16:28:47,913 - INFO - 可执行文件: ./bin/wechatmp2markdown-v1.1.11_linux_amd64
2025-09-10 16:28:47,913 - INFO - 文档目录: doc
2025-09-10 16:28:47,949 - INFO - 已加载 21024 条历史记录
2025-09-10 16:28:47,949 - INFO - === 开始今日拉取 ===
2025-09-10 16:28:47,950 - INFO - 开始获取Doonsec RSS
2025-09-10 16:28:47,950 - INFO - 目标日期: 2025-09-10
2025-09-10 16:28:52,381 - INFO - Doonsec RSS请求成功
2025-09-10 16:28:52,383 - INFO - RSS中共有 200 个条目
2025-09-10 16:28:52,384 - INFO - Doonsec获取到 189 个2025-09-10的微信文章URL
2025-09-10 16:28:52,385 - INFO - ChainReactors md文件URL: https://raw.githubusercontent.com/chainreactors/picker/refs/heads/master/archive/daily/2025/2025-09-10.md
2025-09-10 16:28:52,428 - INFO - ChainReactors md文件下载状态码: 200
2025-09-10 16:28:52,430 - INFO - ChainReactors获取到 88 个URL
2025-09-10 16:28:52,430 - INFO - BruceFeIix md文件URL: https://raw.githubusercontent.com/BruceFeIix/picker/refs/heads/master/archive/daily/2025/2025-09-10.md
2025-09-10 16:28:52,468 - INFO - BruceFeIix md文件下载状态码: 200
2025-09-10 16:28:52,469 - INFO - BruceFeIix获取到 88 个URL
2025-09-10 16:28:52,469 - INFO - === 开始处理 2025-09-10 的数据 ===
2025-09-10 16:28:52,469 - INFO - Doonsec原始数据: 189 个
2025-09-10 16:28:52,469 - INFO - ChainReactors原始数据: 88 个
2025-09-10 16:28:52,469 - INFO - BruceFeIix原始数据: 88 个
2025-09-10 16:28:52,469 - INFO - 开始处理Doonsec数据...
2025-09-10 16:28:52,470 - INFO - 开始处理ChainReactors数据...
2025-09-10 16:28:52,470 - INFO - 开始处理BruceFeIix数据...
2025-09-10 16:28:52,470 - INFO - 去重后共 208 个URL待处理，跳过 157 个重复URL
2025-09-10 16:28:52,470 - INFO - 去重后统计 - Doonsec: 143 个, ChainReactors: 65 个, BruceFeIix: 0 个
2025-09-10 16:28:52,470 - INFO - === 开始关键词过滤 ===
2025-09-10 16:28:52,477 - INFO - 关键词过滤: 匹配 9 个，跳过 199 个
2025-09-10 16:28:52,477 - INFO - 关键词过滤后统计 - Doonsec: 9 个, ChainReactors: 0 个, BruceFeIix: 0 个
2025-09-10 16:28:52,572 - INFO - 已创建每日报告: md/2025-09-10.md
2025-09-10 16:28:52,572 - INFO - === 跳过二进制文件处理，只更新data.json ===
2025-09-10 16:28:52,607 - INFO - 已更新data.json，添加了 9 个URL
2025-09-10 16:28:52,607 - INFO - 已创建每日报告: md/2025-09-10.md
2025-09-10 16:28:52,607 - INFO - === 执行完成 ===
2025-09-10 20:24:40,417 - INFO - === 开始执行微信文章归档工具 ===
2025-09-10 20:24:40,418 - INFO - 数据文件: data.json
2025-09-10 20:24:40,418 - INFO - 可执行文件: ./bin/wechatmp2markdown-v1.1.11_linux_amd64
2025-09-10 20:24:40,418 - INFO - 文档目录: doc
2025-09-10 20:24:40,454 - INFO - 已加载 21033 条历史记录
2025-09-10 20:24:40,454 - INFO - === 开始今日拉取 ===
2025-09-10 20:24:40,454 - INFO - 开始获取Doonsec RSS
2025-09-10 20:24:40,454 - INFO - 目标日期: 2025-09-10
2025-09-10 20:24:42,723 - INFO - Doonsec RSS请求成功
2025-09-10 20:24:42,725 - INFO - RSS中共有 200 个条目
2025-09-10 20:24:42,726 - INFO - Doonsec获取到 188 个2025-09-10的微信文章URL
2025-09-10 20:24:42,727 - INFO - ChainReactors md文件URL: https://raw.githubusercontent.com/chainreactors/picker/refs/heads/master/archive/daily/2025/2025-09-10.md
2025-09-10 20:24:42,776 - INFO - ChainReactors md文件下载状态码: 200
2025-09-10 20:24:42,777 - INFO - ChainReactors获取到 88 个URL
2025-09-10 20:24:42,777 - INFO - BruceFeIix md文件URL: https://raw.githubusercontent.com/BruceFeIix/picker/refs/heads/master/archive/daily/2025/2025-09-10.md
2025-09-10 20:24:42,822 - INFO - BruceFeIix md文件下载状态码: 200
2025-09-10 20:24:42,823 - INFO - BruceFeIix获取到 88 个URL
2025-09-10 20:24:42,824 - INFO - === 开始处理 2025-09-10 的数据 ===
2025-09-10 20:24:42,824 - INFO - Doonsec原始数据: 188 个
2025-09-10 20:24:42,824 - INFO - ChainReactors原始数据: 88 个
2025-09-10 20:24:42,824 - INFO - BruceFeIix原始数据: 88 个
2025-09-10 20:24:42,824 - INFO - 开始处理Doonsec数据...
2025-09-10 20:24:42,824 - INFO - 开始处理ChainReactors数据...
2025-09-10 20:24:42,824 - INFO - 开始处理BruceFeIix数据...
2025-09-10 20:24:42,824 - INFO - 去重后共 198 个URL待处理，跳过 166 个重复URL
2025-09-10 20:24:42,824 - INFO - 去重后统计 - Doonsec: 133 个, ChainReactors: 65 个, BruceFeIix: 0 个
2025-09-10 20:24:42,825 - INFO - === 开始关键词过滤 ===
2025-09-10 20:24:42,832 - INFO - 关键词过滤: 匹配 0 个，跳过 198 个
2025-09-10 20:24:42,832 - INFO - 关键词过滤后统计 - Doonsec: 0 个, ChainReactors: 0 个, BruceFeIix: 0 个
2025-09-10 20:24:42,832 - INFO - === 跳过二进制文件处理，只更新data.json ===
2025-09-10 20:24:42,866 - INFO - 已更新data.json，添加了 0 个URL
2025-09-10 20:24:42,866 - INFO - === 执行完成 ===
2025-09-11 01:47:34,721 - INFO - === 开始执行微信文章归档工具 ===
2025-09-11 01:47:34,721 - INFO - 数据文件: data.json
2025-09-11 01:47:34,722 - INFO - 可执行文件: ./bin/wechatmp2markdown-v1.1.11_linux_amd64
2025-09-11 01:47:34,722 - INFO - 文档目录: doc
2025-09-11 01:47:34,757 - INFO - 已加载 21033 条历史记录
2025-09-11 01:47:34,757 - INFO - === 开始今日拉取 ===
2025-09-11 01:47:34,757 - INFO - 开始获取Doonsec RSS
2025-09-11 01:47:34,757 - INFO - 目标日期: 2025-09-11
2025-09-11 01:47:38,545 - INFO - Doonsec RSS请求成功
2025-09-11 01:47:38,547 - INFO - RSS中共有 200 个条目
2025-09-11 01:47:38,547 - INFO - Doonsec获取到 126 个2025-09-11的微信文章URL
2025-09-11 01:47:38,548 - INFO - ChainReactors md文件URL: https://raw.githubusercontent.com/chainreactors/picker/refs/heads/master/archive/daily/2025/2025-09-11.md
2025-09-11 01:47:38,583 - INFO - ChainReactors md文件下载状态码: 404
2025-09-11 01:47:38,584 - WARNING - ChainReactors md文件下载失败: https://raw.githubusercontent.com/chainreactors/picker/refs/heads/master/archive/daily/2025/2025-09-11.md 状态码: 404
2025-09-11 01:47:38,584 - INFO - BruceFeIix md文件URL: https://raw.githubusercontent.com/BruceFeIix/picker/refs/heads/master/archive/daily/2025/2025-09-11.md
2025-09-11 01:47:38,620 - INFO - BruceFeIix md文件下载状态码: 404
2025-09-11 01:47:38,621 - WARNING - BruceFeIix md文件下载失败: https://raw.githubusercontent.com/BruceFeIix/picker/refs/heads/master/archive/daily/2025/2025-09-11.md 状态码: 404
2025-09-11 01:47:38,621 - INFO - === 开始处理 2025-09-11 的数据 ===
2025-09-11 01:47:38,621 - INFO - Doonsec原始数据: 126 个
2025-09-11 01:47:38,621 - INFO - ChainReactors原始数据: 0 个
2025-09-11 01:47:38,621 - INFO - BruceFeIix原始数据: 0 个
2025-09-11 01:47:38,621 - INFO - 开始处理Doonsec数据...
2025-09-11 01:47:38,621 - INFO - 开始处理ChainReactors数据...
2025-09-11 01:47:38,621 - INFO - 开始处理BruceFeIix数据...
2025-09-11 01:47:38,621 - INFO - 去重后共 126 个URL待处理，跳过 0 个重复URL
2025-09-11 01:47:38,622 - INFO - 去重后统计 - Doonsec: 126 个, ChainReactors: 0 个, BruceFeIix: 0 个
2025-09-11 01:47:38,622 - INFO - === 开始关键词过滤 ===
2025-09-11 01:47:38,625 - INFO - 关键词过滤: 匹配 38 个，跳过 88 个
2025-09-11 01:47:38,625 - INFO - 关键词过滤后统计 - Doonsec: 38 个, ChainReactors: 0 个, BruceFeIix: 0 个
2025-09-11 01:47:38,642 - INFO - 已创建每日报告: md/2025-09-11.md
2025-09-11 01:47:38,642 - INFO - === 跳过二进制文件处理，只更新data.json ===
2025-09-11 01:47:38,677 - INFO - 已更新data.json，添加了 38 个URL
2025-09-11 01:47:38,677 - INFO - 已创建每日报告: md/2025-09-11.md
2025-09-11 01:47:38,677 - INFO - === 执行完成 ===
2025-09-11 04:27:05,576 - INFO - === 开始执行微信文章归档工具 ===
2025-09-11 04:27:05,577 - INFO - 数据文件: data.json
2025-09-11 04:27:05,577 - INFO - 可执行文件: ./bin/wechatmp2markdown-v1.1.11_linux_amd64
2025-09-11 04:27:05,577 - INFO - 文档目录: doc
2025-09-11 04:27:05,614 - INFO - 已加载 21071 条历史记录
2025-09-11 04:27:05,614 - INFO - === 开始今日拉取 ===
2025-09-11 04:27:05,614 - INFO - 开始获取Doonsec RSS
2025-09-11 04:27:05,614 - INFO - 目标日期: 2025-09-11
2025-09-11 04:27:07,762 - INFO - Doonsec RSS请求成功
2025-09-11 04:27:07,765 - INFO - RSS中共有 200 个条目
2025-09-11 04:27:07,766 - INFO - Doonsec获取到 195 个2025-09-11的微信文章URL
2025-09-11 04:27:07,767 - INFO - ChainReactors md文件URL: https://raw.githubusercontent.com/chainreactors/picker/refs/heads/master/archive/daily/2025/2025-09-11.md
2025-09-11 04:27:07,908 - INFO - ChainReactors md文件下载状态码: 200
2025-09-11 04:27:07,909 - INFO - ChainReactors获取到 99 个URL
2025-09-11 04:27:07,910 - INFO - BruceFeIix md文件URL: https://raw.githubusercontent.com/BruceFeIix/picker/refs/heads/master/archive/daily/2025/2025-09-11.md
2025-09-11 04:27:08,030 - INFO - BruceFeIix md文件下载状态码: 200
2025-09-11 04:27:08,031 - INFO - BruceFeIix获取到 98 个URL
2025-09-11 04:27:08,032 - INFO - === 开始处理 2025-09-11 的数据 ===
2025-09-11 04:27:08,032 - INFO - Doonsec原始数据: 195 个
2025-09-11 04:27:08,032 - INFO - ChainReactors原始数据: 99 个
2025-09-11 04:27:08,032 - INFO - BruceFeIix原始数据: 98 个
2025-09-11 04:27:08,032 - INFO - 开始处理Doonsec数据...
2025-09-11 04:27:08,032 - INFO - 开始处理ChainReactors数据...
2025-09-11 04:27:08,032 - INFO - 开始处理BruceFeIix数据...
2025-09-11 04:27:08,033 - INFO - 去重后共 223 个URL待处理，跳过 169 个重复URL
2025-09-11 04:27:08,033 - INFO - 去重后统计 - Doonsec: 157 个, ChainReactors: 66 个, BruceFeIix: 0 个
2025-09-11 04:27:08,033 - INFO - === 开始关键词过滤 ===
2025-09-11 04:27:08,041 - INFO - 关键词过滤: 匹配 27 个，跳过 196 个
2025-09-11 04:27:08,041 - INFO - 关键词过滤后统计 - Doonsec: 27 个, ChainReactors: 0 个, BruceFeIix: 0 个
2025-09-11 04:27:08,057 - INFO - 已创建每日报告: md/2025-09-11.md
2025-09-11 04:27:08,057 - INFO - === 跳过二进制文件处理，只更新data.json ===
2025-09-11 04:27:08,092 - INFO - 已更新data.json，添加了 27 个URL
2025-09-11 04:27:08,092 - INFO - 已创建每日报告: md/2025-09-11.md
2025-09-11 04:27:08,093 - INFO - === 执行完成 ===
2025-09-11 08:29:30,321 - INFO - === 开始执行微信文章归档工具 ===
2025-09-11 08:29:30,322 - INFO - 数据文件: data.json
2025-09-11 08:29:30,322 - INFO - 可执行文件: ./bin/wechatmp2markdown-v1.1.11_linux_amd64
2025-09-11 08:29:30,322 - INFO - 文档目录: doc
2025-09-11 08:29:30,358 - INFO - 已加载 21098 条历史记录
2025-09-11 08:29:30,358 - INFO - === 开始今日拉取 ===
2025-09-11 08:29:30,358 - INFO - 开始获取Doonsec RSS
2025-09-11 08:29:30,358 - INFO - 目标日期: 2025-09-11
2025-09-11 08:29:32,147 - INFO - Doonsec RSS请求成功
2025-09-11 08:29:32,150 - INFO - RSS中共有 200 个条目
2025-09-11 08:29:32,150 - INFO - Doonsec获取到 200 个2025-09-11的微信文章URL
2025-09-11 08:29:32,151 - INFO - ChainReactors md文件URL: https://raw.githubusercontent.com/chainreactors/picker/refs/heads/master/archive/daily/2025/2025-09-11.md
2025-09-11 08:29:32,283 - INFO - ChainReactors md文件下载状态码: 200
2025-09-11 08:29:32,284 - INFO - ChainReactors获取到 99 个URL
2025-09-11 08:29:32,284 - INFO - BruceFeIix md文件URL: https://raw.githubusercontent.com/BruceFeIix/picker/refs/heads/master/archive/daily/2025/2025-09-11.md
2025-09-11 08:29:32,340 - INFO - BruceFeIix md文件下载状态码: 200
2025-09-11 08:29:32,341 - INFO - BruceFeIix获取到 98 个URL
2025-09-11 08:29:32,341 - INFO - === 开始处理 2025-09-11 的数据 ===
2025-09-11 08:29:32,341 - INFO - Doonsec原始数据: 200 个
2025-09-11 08:29:32,341 - INFO - ChainReactors原始数据: 99 个
2025-09-11 08:29:32,341 - INFO - BruceFeIix原始数据: 98 个
2025-09-11 08:29:32,341 - INFO - 开始处理Doonsec数据...
2025-09-11 08:29:32,342 - INFO - 开始处理ChainReactors数据...
2025-09-11 08:29:32,342 - INFO - 开始处理BruceFeIix数据...
2025-09-11 08:29:32,342 - INFO - 去重后共 221 个URL待处理，跳过 176 个重复URL
2025-09-11 08:29:32,342 - INFO - 去重后统计 - Doonsec: 155 个, ChainReactors: 66 个, BruceFeIix: 0 个
2025-09-11 08:29:32,342 - INFO - === 开始关键词过滤 ===
2025-09-11 08:29:32,350 - INFO - 关键词过滤: 匹配 11 个，跳过 210 个
2025-09-11 08:29:32,350 - INFO - 关键词过滤后统计 - Doonsec: 11 个, ChainReactors: 0 个, BruceFeIix: 0 个
2025-09-11 08:29:32,365 - INFO - 已创建每日报告: md/2025-09-11.md
2025-09-11 08:29:32,365 - INFO - === 跳过二进制文件处理，只更新data.json ===
2025-09-11 08:29:32,400 - INFO - 已更新data.json，添加了 11 个URL
2025-09-11 08:29:32,401 - INFO - 已创建每日报告: md/2025-09-11.md
2025-09-11 08:29:32,401 - INFO - === 执行完成 ===
2025-09-11 12:45:38,210 - INFO - === 开始执行微信文章归档工具 ===
2025-09-11 12:45:38,211 - INFO - 数据文件: data.json
2025-09-11 12:45:38,211 - INFO - 可执行文件: ./bin/wechatmp2markdown-v1.1.11_linux_amd64
2025-09-11 12:45:38,211 - INFO - 文档目录: doc
2025-09-11 12:45:38,246 - INFO - 已加载 21109 条历史记录
2025-09-11 12:45:38,246 - INFO - === 开始今日拉取 ===
2025-09-11 12:45:38,247 - INFO - 开始获取Doonsec RSS
2025-09-11 12:45:38,247 - INFO - 目标日期: 2025-09-11
2025-09-11 12:45:40,594 - INFO - Doonsec RSS请求成功
2025-09-11 12:45:40,596 - INFO - RSS中共有 200 个条目
2025-09-11 12:45:40,596 - INFO - Doonsec获取到 200 个2025-09-11的微信文章URL
2025-09-11 12:45:40,597 - INFO - ChainReactors md文件URL: https://raw.githubusercontent.com/chainreactors/picker/refs/heads/master/archive/daily/2025/2025-09-11.md
2025-09-11 12:45:40,643 - INFO - ChainReactors md文件下载状态码: 200
2025-09-11 12:45:40,645 - INFO - ChainReactors获取到 99 个URL
2025-09-11 12:45:40,646 - INFO - BruceFeIix md文件URL: https://raw.githubusercontent.com/BruceFeIix/picker/refs/heads/master/archive/daily/2025/2025-09-11.md
2025-09-11 12:45:40,694 - INFO - BruceFeIix md文件下载状态码: 200
2025-09-11 12:45:40,695 - INFO - BruceFeIix获取到 98 个URL
2025-09-11 12:45:40,695 - INFO - === 开始处理 2025-09-11 的数据 ===
2025-09-11 12:45:40,695 - INFO - Doonsec原始数据: 200 个
2025-09-11 12:45:40,695 - INFO - ChainReactors原始数据: 99 个
2025-09-11 12:45:40,695 - INFO - BruceFeIix原始数据: 98 个
2025-09-11 12:45:40,695 - INFO - 开始处理Doonsec数据...
2025-09-11 12:45:40,696 - INFO - 开始处理ChainReactors数据...
2025-09-11 12:45:40,696 - INFO - 开始处理BruceFeIix数据...
2025-09-11 12:45:40,696 - INFO - 去重后共 255 个URL待处理，跳过 142 个重复URL
2025-09-11 12:45:40,696 - INFO - 去重后统计 - Doonsec: 189 个, ChainReactors: 66 个, BruceFeIix: 0 个
2025-09-11 12:45:40,696 - INFO - === 开始关键词过滤 ===
2025-09-11 12:45:40,705 - INFO - 关键词过滤: 匹配 38 个，跳过 217 个
2025-09-11 12:45:40,705 - INFO - 关键词过滤后统计 - Doonsec: 38 个, ChainReactors: 0 个, BruceFeIix: 0 个
2025-09-11 12:45:40,745 - INFO - 已创建每日报告: md/2025-09-11.md
2025-09-11 12:45:40,745 - INFO - === 跳过二进制文件处理，只更新data.json ===
2025-09-11 12:45:40,780 - INFO - 已更新data.json，添加了 38 个URL
2025-09-11 12:45:40,781 - INFO - 已创建每日报告: md/2025-09-11.md
2025-09-11 12:45:40,781 - INFO - === 执行完成 ===
2025-09-11 16:28:04,005 - INFO - === 开始执行微信文章归档工具 ===
2025-09-11 16:28:04,006 - INFO - 数据文件: data.json
2025-09-11 16:28:04,006 - INFO - 可执行文件: ./bin/wechatmp2markdown-v1.1.11_linux_amd64
2025-09-11 16:28:04,006 - INFO - 文档目录: doc
2025-09-11 16:28:04,041 - INFO - 已加载 21147 条历史记录
2025-09-11 16:28:04,042 - INFO - === 开始今日拉取 ===
2025-09-11 16:28:04,042 - INFO - 开始获取Doonsec RSS
2025-09-11 16:28:04,042 - INFO - 目标日期: 2025-09-11
2025-09-11 16:28:06,272 - INFO - Doonsec RSS请求成功
2025-09-11 16:28:06,274 - INFO - RSS中共有 200 个条目
2025-09-11 16:28:06,275 - INFO - Doonsec获取到 200 个2025-09-11的微信文章URL
2025-09-11 16:28:06,276 - INFO - ChainReactors md文件URL: https://raw.githubusercontent.com/chainreactors/picker/refs/heads/master/archive/daily/2025/2025-09-11.md
2025-09-11 16:28:06,424 - INFO - ChainReactors md文件下载状态码: 200
2025-09-11 16:28:06,425 - INFO - ChainReactors获取到 99 个URL
2025-09-11 16:28:06,425 - INFO - BruceFeIix md文件URL: https://raw.githubusercontent.com/BruceFeIix/picker/refs/heads/master/archive/daily/2025/2025-09-11.md
2025-09-11 16:28:06,617 - INFO - BruceFeIix md文件下载状态码: 200
2025-09-11 16:28:06,618 - INFO - BruceFeIix获取到 98 个URL
2025-09-11 16:28:06,618 - INFO - === 开始处理 2025-09-11 的数据 ===
2025-09-11 16:28:06,618 - INFO - Doonsec原始数据: 200 个
2025-09-11 16:28:06,618 - INFO - ChainReactors原始数据: 99 个
2025-09-11 16:28:06,618 - INFO - BruceFeIix原始数据: 98 个
2025-09-11 16:28:06,618 - INFO - 开始处理Doonsec数据...
2025-09-11 16:28:06,618 - INFO - 开始处理ChainReactors数据...
2025-09-11 16:28:06,618 - INFO - 开始处理BruceFeIix数据...
2025-09-11 16:28:06,619 - INFO - 去重后共 217 个URL待处理，跳过 180 个重复URL
2025-09-11 16:28:06,619 - INFO - 去重后统计 - Doonsec: 151 个, ChainReactors: 66 个, BruceFeIix: 0 个
2025-09-11 16:28:06,619 - INFO - === 开始关键词过滤 ===
2025-09-11 16:28:06,626 - INFO - 关键词过滤: 匹配 0 个，跳过 217 个
2025-09-11 16:28:06,627 - INFO - 关键词过滤后统计 - Doonsec: 0 个, ChainReactors: 0 个, BruceFeIix: 0 个
2025-09-11 16:28:06,627 - INFO - === 跳过二进制文件处理，只更新data.json ===
2025-09-11 16:28:06,661 - INFO - 已更新data.json，添加了 0 个URL
2025-09-11 16:28:06,661 - INFO - === 执行完成 ===
2025-09-11 20:20:48,267 - INFO - === 开始执行微信文章归档工具 ===
2025-09-11 20:20:48,268 - INFO - 数据文件: data.json
2025-09-11 20:20:48,268 - INFO - 可执行文件: ./bin/wechatmp2markdown-v1.1.11_linux_amd64
2025-09-11 20:20:48,268 - INFO - 文档目录: doc
2025-09-11 20:20:48,304 - INFO - 已加载 21147 条历史记录
2025-09-11 20:20:48,305 - INFO - === 开始今日拉取 ===
2025-09-11 20:20:48,305 - INFO - 开始获取Doonsec RSS
2025-09-11 20:20:48,305 - INFO - 目标日期: 2025-09-11
2025-09-11 20:20:50,488 - INFO - Doonsec RSS请求成功
2025-09-11 20:20:50,491 - INFO - RSS中共有 200 个条目
2025-09-11 20:20:50,491 - INFO - Doonsec获取到 200 个2025-09-11的微信文章URL
2025-09-11 20:20:50,492 - INFO - ChainReactors md文件URL: https://raw.githubusercontent.com/chainreactors/picker/refs/heads/master/archive/daily/2025/2025-09-11.md
2025-09-11 20:20:50,566 - INFO - ChainReactors md文件下载状态码: 200
2025-09-11 20:20:50,568 - INFO - ChainReactors获取到 99 个URL
2025-09-11 20:20:50,568 - INFO - BruceFeIix md文件URL: https://raw.githubusercontent.com/BruceFeIix/picker/refs/heads/master/archive/daily/2025/2025-09-11.md
2025-09-11 20:20:50,638 - INFO - BruceFeIix md文件下载状态码: 200
2025-09-11 20:20:50,639 - INFO - BruceFeIix获取到 98 个URL
2025-09-11 20:20:50,639 - INFO - === 开始处理 2025-09-11 的数据 ===
2025-09-11 20:20:50,639 - INFO - Doonsec原始数据: 200 个
2025-09-11 20:20:50,639 - INFO - ChainReactors原始数据: 99 个
2025-09-11 20:20:50,639 - INFO - BruceFeIix原始数据: 98 个
2025-09-11 20:20:50,639 - INFO - 开始处理Doonsec数据...
2025-09-11 20:20:50,640 - INFO - 开始处理ChainReactors数据...
2025-09-11 20:20:50,640 - INFO - 开始处理BruceFeIix数据...
2025-09-11 20:20:50,640 - INFO - 去重后共 217 个URL待处理，跳过 180 个重复URL
2025-09-11 20:20:50,640 - INFO - 去重后统计 - Doonsec: 151 个, ChainReactors: 66 个, BruceFeIix: 0 个
2025-09-11 20:20:50,640 - INFO - === 开始关键词过滤 ===
2025-09-11 20:20:50,648 - INFO - 关键词过滤: 匹配 0 个，跳过 217 个
2025-09-11 20:20:50,648 - INFO - 关键词过滤后统计 - Doonsec: 0 个, ChainReactors: 0 个, BruceFeIix: 0 个
2025-09-11 20:20:50,648 - INFO - === 跳过二进制文件处理，只更新data.json ===
2025-09-11 20:20:50,683 - INFO - 已更新data.json，添加了 0 个URL
2025-09-11 20:20:50,683 - INFO - === 执行完成 ===
2025-09-12 01:43:28,039 - INFO - === 开始执行微信文章归档工具 ===
2025-09-12 01:43:28,040 - INFO - 数据文件: data.json
2025-09-12 01:43:28,040 - INFO - 可执行文件: ./bin/wechatmp2markdown-v1.1.11_linux_amd64
2025-09-12 01:43:28,040 - INFO - 文档目录: doc
2025-09-12 01:43:28,075 - INFO - 已加载 21147 条历史记录
2025-09-12 01:43:28,075 - INFO - === 开始今日拉取 ===
2025-09-12 01:43:28,075 - INFO - 开始获取Doonsec RSS
2025-09-12 01:43:28,075 - INFO - 目标日期: 2025-09-12
2025-09-12 01:43:31,727 - INFO - Doonsec RSS请求成功
2025-09-12 01:43:31,729 - INFO - RSS中共有 200 个条目
2025-09-12 01:43:31,729 - INFO - Doonsec获取到 60 个2025-09-12的微信文章URL
2025-09-12 01:43:31,730 - INFO - ChainReactors md文件URL: https://raw.githubusercontent.com/chainreactors/picker/refs/heads/master/archive/daily/2025/2025-09-12.md
2025-09-12 01:43:31,786 - INFO - ChainReactors md文件下载状态码: 404
2025-09-12 01:43:31,786 - WARNING - ChainReactors md文件下载失败: https://raw.githubusercontent.com/chainreactors/picker/refs/heads/master/archive/daily/2025/2025-09-12.md 状态码: 404
2025-09-12 01:43:31,786 - INFO - BruceFeIix md文件URL: https://raw.githubusercontent.com/BruceFeIix/picker/refs/heads/master/archive/daily/2025/2025-09-12.md
2025-09-12 01:43:31,819 - INFO - BruceFeIix md文件下载状态码: 404
2025-09-12 01:43:31,820 - WARNING - BruceFeIix md文件下载失败: https://raw.githubusercontent.com/BruceFeIix/picker/refs/heads/master/archive/daily/2025/2025-09-12.md 状态码: 404
2025-09-12 01:43:31,820 - INFO - === 开始处理 2025-09-12 的数据 ===
2025-09-12 01:43:31,820 - INFO - Doonsec原始数据: 60 个
2025-09-12 01:43:31,820 - INFO - ChainReactors原始数据: 0 个
2025-09-12 01:43:31,820 - INFO - BruceFeIix原始数据: 0 个
2025-09-12 01:43:31,820 - INFO - 开始处理Doonsec数据...
2025-09-12 01:43:31,820 - INFO - 开始处理ChainReactors数据...
2025-09-12 01:43:31,820 - INFO - 开始处理BruceFeIix数据...
2025-09-12 01:43:31,820 - INFO - 去重后共 60 个URL待处理，跳过 0 个重复URL
2025-09-12 01:43:31,820 - INFO - 去重后统计 - Doonsec: 60 个, ChainReactors: 0 个, BruceFeIix: 0 个
2025-09-12 01:43:31,820 - INFO - === 开始关键词过滤 ===
2025-09-12 01:43:31,823 - INFO - 关键词过滤: 匹配 19 个，跳过 41 个
2025-09-12 01:43:31,823 - INFO - 关键词过滤后统计 - Doonsec: 19 个, ChainReactors: 0 个, BruceFeIix: 0 个
2025-09-12 01:43:31,840 - INFO - 已创建每日报告: md/2025-09-12.md
2025-09-12 01:43:31,840 - INFO - === 跳过二进制文件处理，只更新data.json ===
2025-09-12 01:43:31,874 - INFO - 已更新data.json，添加了 19 个URL
2025-09-12 01:43:31,875 - INFO - 已创建每日报告: md/2025-09-12.md
2025-09-12 01:43:31,875 - INFO - === 执行完成 ===
2025-09-12 04:26:05,201 - INFO - === 开始执行微信文章归档工具 ===
2025-09-12 04:26:05,202 - INFO - 数据文件: data.json
2025-09-12 04:26:05,202 - INFO - 可执行文件: ./bin/wechatmp2markdown-v1.1.11_linux_amd64
2025-09-12 04:26:05,202 - INFO - 文档目录: doc
2025-09-12 04:26:05,245 - INFO - 已加载 21166 条历史记录
2025-09-12 04:26:05,246 - INFO - === 开始今日拉取 ===
2025-09-12 04:26:05,246 - INFO - 开始获取Doonsec RSS
2025-09-12 04:26:05,246 - INFO - 目标日期: 2025-09-12
2025-09-12 04:26:07,283 - INFO - Doonsec RSS请求成功
2025-09-12 04:26:07,286 - INFO - RSS中共有 200 个条目
2025-09-12 04:26:07,286 - INFO - Doonsec获取到 200 个2025-09-12的微信文章URL
2025-09-12 04:26:07,288 - INFO - ChainReactors md文件URL: https://raw.githubusercontent.com/chainreactors/picker/refs/heads/master/archive/daily/2025/2025-09-12.md
2025-09-12 04:26:07,342 - INFO - ChainReactors md文件下载状态码: 200
2025-09-12 04:26:07,343 - INFO - ChainReactors获取到 88 个URL
2025-09-12 04:26:07,344 - INFO - BruceFeIix md文件URL: https://raw.githubusercontent.com/BruceFeIix/picker/refs/heads/master/archive/daily/2025/2025-09-12.md
2025-09-12 04:26:07,392 - INFO - BruceFeIix md文件下载状态码: 200
2025-09-12 04:26:07,393 - INFO - BruceFeIix获取到 84 个URL
2025-09-12 04:26:07,393 - INFO - === 开始处理 2025-09-12 的数据 ===
2025-09-12 04:26:07,393 - INFO - Doonsec原始数据: 200 个
2025-09-12 04:26:07,393 - INFO - ChainReactors原始数据: 88 个
2025-09-12 04:26:07,393 - INFO - BruceFeIix原始数据: 84 个
2025-09-12 04:26:07,393 - INFO - 开始处理Doonsec数据...
2025-09-12 04:26:07,393 - INFO - 开始处理ChainReactors数据...
2025-09-12 04:26:07,393 - INFO - 开始处理BruceFeIix数据...
2025-09-12 04:26:07,393 - INFO - 去重后共 240 个URL待处理，跳过 132 个重复URL
2025-09-12 04:26:07,393 - INFO - 去重后统计 - Doonsec: 181 个, ChainReactors: 59 个, BruceFeIix: 0 个
2025-09-12 04:26:07,393 - INFO - === 开始关键词过滤 ===
2025-09-12 04:26:07,401 - INFO - 关键词过滤: 匹配 55 个，跳过 185 个
2025-09-12 04:26:07,401 - INFO - 关键词过滤后统计 - Doonsec: 46 个, ChainReactors: 9 个, BruceFeIix: 0 个
2025-09-12 04:26:07,415 - INFO - 已创建每日报告: md/2025-09-12.md
2025-09-12 04:26:07,415 - INFO - === 跳过二进制文件处理，只更新data.json ===
2025-09-12 04:26:07,451 - INFO - 已更新data.json，添加了 55 个URL
2025-09-12 04:26:07,452 - INFO - 已创建每日报告: md/2025-09-12.md
2025-09-12 04:26:07,452 - INFO - === 执行完成 ===
2025-09-12 08:29:08,338 - INFO - === 开始执行微信文章归档工具 ===
2025-09-12 08:29:08,339 - INFO - 数据文件: data.json
2025-09-12 08:29:08,340 - INFO - 可执行文件: ./bin/wechatmp2markdown-v1.1.11_linux_amd64
2025-09-12 08:29:08,340 - INFO - 文档目录: doc
2025-09-12 08:29:08,380 - INFO - 已加载 21221 条历史记录
2025-09-12 08:29:08,380 - INFO - === 开始今日拉取 ===
2025-09-12 08:29:08,380 - INFO - 开始获取Doonsec RSS
2025-09-12 08:29:08,380 - INFO - 目标日期: 2025-09-12
2025-09-12 08:29:10,205 - INFO - Doonsec RSS请求成功
2025-09-12 08:29:10,207 - INFO - RSS中共有 200 个条目
2025-09-12 08:29:10,208 - INFO - Doonsec获取到 200 个2025-09-12的微信文章URL
2025-09-12 08:29:10,209 - INFO - ChainReactors md文件URL: https://raw.githubusercontent.com/chainreactors/picker/refs/heads/master/archive/daily/2025/2025-09-12.md
2025-09-12 08:29:10,247 - INFO - ChainReactors md文件下载状态码: 200
2025-09-12 08:29:10,249 - INFO - ChainReactors获取到 88 个URL
2025-09-12 08:29:10,249 - INFO - BruceFeIix md文件URL: https://raw.githubusercontent.com/BruceFeIix/picker/refs/heads/master/archive/daily/2025/2025-09-12.md
2025-09-12 08:29:10,285 - INFO - BruceFeIix md文件下载状态码: 200
2025-09-12 08:29:10,286 - INFO - BruceFeIix获取到 84 个URL
2025-09-12 08:29:10,286 - INFO - === 开始处理 2025-09-12 的数据 ===
2025-09-12 08:29:10,286 - INFO - Doonsec原始数据: 200 个
2025-09-12 08:29:10,286 - INFO - ChainReactors原始数据: 88 个
2025-09-12 08:29:10,286 - INFO - BruceFeIix原始数据: 84 个
2025-09-12 08:29:10,286 - INFO - 开始处理Doonsec数据...
2025-09-12 08:29:10,287 - INFO - 开始处理ChainReactors数据...
2025-09-12 08:29:10,287 - INFO - 开始处理BruceFeIix数据...
2025-09-12 08:29:10,287 - INFO - 去重后共 213 个URL待处理，跳过 159 个重复URL
2025-09-12 08:29:10,287 - INFO - 去重后统计 - Doonsec: 163 个, ChainReactors: 50 个, BruceFeIix: 0 个
2025-09-12 08:29:10,287 - INFO - === 开始关键词过滤 ===
2025-09-12 08:29:10,294 - INFO - 关键词过滤: 匹配 20 个，跳过 193 个
2025-09-12 08:29:10,294 - INFO - 关键词过滤后统计 - Doonsec: 20 个, ChainReactors: 0 个, BruceFeIix: 0 个
2025-09-12 08:29:10,308 - INFO - 已创建每日报告: md/2025-09-12.md
2025-09-12 08:29:10,309 - INFO - === 跳过二进制文件处理，只更新data.json ===
2025-09-12 08:29:10,346 - INFO - 已更新data.json，添加了 20 个URL
2025-09-12 08:29:10,346 - INFO - 已创建每日报告: md/2025-09-12.md
2025-09-12 08:29:10,346 - INFO - === 执行完成 ===
2025-09-12 12:44:10,232 - INFO - === 开始执行微信文章归档工具 ===
2025-09-12 12:44:10,233 - INFO - 数据文件: data.json
2025-09-12 12:44:10,233 - INFO - 可执行文件: ./bin/wechatmp2markdown-v1.1.11_linux_amd64
2025-09-12 12:44:10,233 - INFO - 文档目录: doc
2025-09-12 12:44:10,269 - INFO - 已加载 21241 条历史记录
2025-09-12 12:44:10,270 - INFO - === 开始今日拉取 ===
2025-09-12 12:44:10,270 - INFO - 开始获取Doonsec RSS
2025-09-12 12:44:10,270 - INFO - 目标日期: 2025-09-12
2025-09-12 12:44:12,372 - INFO - Doonsec RSS请求成功
2025-09-12 12:44:12,374 - INFO - RSS中共有 200 个条目
2025-09-12 12:44:12,375 - INFO - Doonsec获取到 200 个2025-09-12的微信文章URL
2025-09-12 12:44:12,376 - INFO - ChainReactors md文件URL: https://raw.githubusercontent.com/chainreactors/picker/refs/heads/master/archive/daily/2025/2025-09-12.md
2025-09-12 12:44:12,433 - INFO - ChainReactors md文件下载状态码: 200
2025-09-12 12:44:12,434 - INFO - ChainReactors获取到 88 个URL
2025-09-12 12:44:12,434 - INFO - BruceFeIix md文件URL: https://raw.githubusercontent.com/BruceFeIix/picker/refs/heads/master/archive/daily/2025/2025-09-12.md
2025-09-12 12:44:12,478 - INFO - BruceFeIix md文件下载状态码: 200
2025-09-12 12:44:12,479 - INFO - BruceFeIix获取到 84 个URL
2025-09-12 12:44:12,479 - INFO - === 开始处理 2025-09-12 的数据 ===
2025-09-12 12:44:12,479 - INFO - Doonsec原始数据: 200 个
2025-09-12 12:44:12,479 - INFO - ChainReactors原始数据: 88 个
2025-09-12 12:44:12,479 - INFO - BruceFeIix原始数据: 84 个
2025-09-12 12:44:12,479 - INFO - 开始处理Doonsec数据...
2025-09-12 12:44:12,480 - INFO - 开始处理ChainReactors数据...
2025-09-12 12:44:12,480 - INFO - 开始处理BruceFeIix数据...
2025-09-12 12:44:12,480 - INFO - 去重后共 242 个URL待处理，跳过 130 个重复URL
2025-09-12 12:44:12,480 - INFO - 去重后统计 - Doonsec: 192 个, ChainReactors: 50 个, BruceFeIix: 0 个
2025-09-12 12:44:12,480 - INFO - === 开始关键词过滤 ===
2025-09-12 12:44:12,488 - INFO - 关键词过滤: 匹配 44 个，跳过 198 个
2025-09-12 12:44:12,488 - INFO - 关键词过滤后统计 - Doonsec: 44 个, ChainReactors: 0 个, BruceFeIix: 0 个
2025-09-12 12:44:12,502 - INFO - 已创建每日报告: md/2025-09-12.md
2025-09-12 12:44:12,502 - INFO - === 跳过二进制文件处理，只更新data.json ===
2025-09-12 12:44:12,537 - INFO - 已更新data.json，添加了 44 个URL
2025-09-12 12:44:12,538 - INFO - 已创建每日报告: md/2025-09-12.md
2025-09-12 12:44:12,539 - INFO - === 执行完成 ===
2025-09-12 16:24:07,748 - INFO - === 开始执行微信文章归档工具 ===
2025-09-12 16:24:07,749 - INFO - 数据文件: data.json
2025-09-12 16:24:07,749 - INFO - 可执行文件: ./bin/wechatmp2markdown-v1.1.11_linux_amd64
2025-09-12 16:24:07,749 - INFO - 文档目录: doc
2025-09-12 16:24:07,784 - INFO - 已加载 21285 条历史记录
2025-09-12 16:24:07,784 - INFO - === 开始今日拉取 ===
2025-09-12 16:24:07,785 - INFO - 开始获取Doonsec RSS
2025-09-12 16:24:07,785 - INFO - 目标日期: 2025-09-12
2025-09-12 16:24:09,563 - INFO - Doonsec RSS请求成功
2025-09-12 16:24:09,565 - INFO - RSS中共有 200 个条目
2025-09-12 16:24:09,566 - INFO - Doonsec获取到 192 个2025-09-12的微信文章URL
2025-09-12 16:24:09,567 - INFO - ChainReactors md文件URL: https://raw.githubusercontent.com/chainreactors/picker/refs/heads/master/archive/daily/2025/2025-09-12.md
2025-09-12 16:24:09,619 - INFO - ChainReactors md文件下载状态码: 200
2025-09-12 16:24:09,620 - INFO - ChainReactors获取到 88 个URL
2025-09-12 16:24:09,620 - INFO - BruceFeIix md文件URL: https://raw.githubusercontent.com/BruceFeIix/picker/refs/heads/master/archive/daily/2025/2025-09-12.md
2025-09-12 16:24:09,687 - INFO - BruceFeIix md文件下载状态码: 200
2025-09-12 16:24:09,688 - INFO - BruceFeIix获取到 84 个URL
2025-09-12 16:24:09,688 - INFO - === 开始处理 2025-09-12 的数据 ===
2025-09-12 16:24:09,688 - INFO - Doonsec原始数据: 192 个
2025-09-12 16:24:09,688 - INFO - ChainReactors原始数据: 88 个
2025-09-12 16:24:09,688 - INFO - BruceFeIix原始数据: 84 个
2025-09-12 16:24:09,688 - INFO - 开始处理Doonsec数据...
2025-09-12 16:24:09,689 - INFO - 开始处理ChainReactors数据...
2025-09-12 16:24:09,689 - INFO - 开始处理BruceFeIix数据...
2025-09-12 16:24:09,689 - INFO - 去重后共 194 个URL待处理，跳过 170 个重复URL
2025-09-12 16:24:09,689 - INFO - 去重后统计 - Doonsec: 144 个, ChainReactors: 50 个, BruceFeIix: 0 个
2025-09-12 16:24:09,689 - INFO - === 开始关键词过滤 ===
2025-09-12 16:24:09,696 - INFO - 关键词过滤: 匹配 8 个，跳过 186 个
2025-09-12 16:24:09,696 - INFO - 关键词过滤后统计 - Doonsec: 8 个, ChainReactors: 0 个, BruceFeIix: 0 个
2025-09-12 16:24:09,759 - INFO - 已创建每日报告: md/2025-09-12.md
2025-09-12 16:24:09,759 - INFO - === 跳过二进制文件处理，只更新data.json ===
2025-09-12 16:24:09,797 - INFO - 已更新data.json，添加了 8 个URL
2025-09-12 16:24:09,798 - INFO - 已创建每日报告: md/2025-09-12.md
2025-09-12 16:24:09,798 - INFO - === 执行完成 ===
2025-09-12 20:23:46,265 - INFO - === 开始执行微信文章归档工具 ===
2025-09-12 20:23:46,266 - INFO - 数据文件: data.json
2025-09-12 20:23:46,266 - INFO - 可执行文件: ./bin/wechatmp2markdown-v1.1.11_linux_amd64
2025-09-12 20:23:46,266 - INFO - 文档目录: doc
2025-09-12 20:23:46,301 - INFO - 已加载 21293 条历史记录
2025-09-12 20:23:46,302 - INFO - === 开始今日拉取 ===
2025-09-12 20:23:46,302 - INFO - 开始获取Doonsec RSS
2025-09-12 20:23:46,302 - INFO - 目标日期: 2025-09-12
2025-09-12 20:23:49,737 - INFO - Doonsec RSS请求成功
2025-09-12 20:23:49,739 - INFO - RSS中共有 200 个条目
2025-09-12 20:23:49,739 - INFO - Doonsec获取到 191 个2025-09-12的微信文章URL
2025-09-12 20:23:49,740 - INFO - ChainReactors md文件URL: https://raw.githubusercontent.com/chainreactors/picker/refs/heads/master/archive/daily/2025/2025-09-12.md
2025-09-12 20:23:49,778 - INFO - ChainReactors md文件下载状态码: 200
2025-09-12 20:23:49,779 - INFO - ChainReactors获取到 88 个URL
2025-09-12 20:23:49,779 - INFO - BruceFeIix md文件URL: https://raw.githubusercontent.com/BruceFeIix/picker/refs/heads/master/archive/daily/2025/2025-09-12.md
2025-09-12 20:23:49,817 - INFO - BruceFeIix md文件下载状态码: 200
2025-09-12 20:23:49,818 - INFO - BruceFeIix获取到 84 个URL
2025-09-12 20:23:49,818 - INFO - === 开始处理 2025-09-12 的数据 ===
2025-09-12 20:23:49,818 - INFO - Doonsec原始数据: 191 个
2025-09-12 20:23:49,818 - INFO - ChainReactors原始数据: 88 个
2025-09-12 20:23:49,818 - INFO - BruceFeIix原始数据: 84 个
2025-09-12 20:23:49,818 - INFO - 开始处理Doonsec数据...
2025-09-12 20:23:49,819 - INFO - 开始处理ChainReactors数据...
2025-09-12 20:23:49,819 - INFO - 开始处理BruceFeIix数据...
2025-09-12 20:23:49,819 - INFO - 去重后共 185 个URL待处理，跳过 178 个重复URL
2025-09-12 20:23:49,819 - INFO - 去重后统计 - Doonsec: 135 个, ChainReactors: 50 个, BruceFeIix: 0 个
2025-09-12 20:23:49,819 - INFO - === 开始关键词过滤 ===
2025-09-12 20:23:49,826 - INFO - 关键词过滤: 匹配 0 个，跳过 185 个
2025-09-12 20:23:49,826 - INFO - 关键词过滤后统计 - Doonsec: 0 个, ChainReactors: 0 个, BruceFeIix: 0 个
2025-09-12 20:23:49,826 - INFO - === 跳过二进制文件处理，只更新data.json ===
2025-09-12 20:23:49,861 - INFO - 已更新data.json，添加了 0 个URL
2025-09-12 20:23:49,861 - INFO - === 执行完成 ===
2025-09-13 01:38:43,939 - INFO - === 开始执行微信文章归档工具 ===
2025-09-13 01:38:43,940 - INFO - 数据文件: data.json
2025-09-13 01:38:43,940 - INFO - 可执行文件: ./bin/wechatmp2markdown-v1.1.11_linux_amd64
2025-09-13 01:38:43,940 - INFO - 文档目录: doc
2025-09-13 01:38:43,975 - INFO - 已加载 21293 条历史记录
2025-09-13 01:38:43,975 - INFO - === 开始今日拉取 ===
2025-09-13 01:38:43,975 - INFO - 开始获取Doonsec RSS
2025-09-13 01:38:43,975 - INFO - 目标日期: 2025-09-13
2025-09-13 01:38:46,347 - INFO - Doonsec RSS请求成功
2025-09-13 01:38:46,349 - INFO - RSS中共有 200 个条目
2025-09-13 01:38:46,350 - INFO - Doonsec获取到 80 个2025-09-13的微信文章URL
2025-09-13 01:38:46,351 - INFO - ChainReactors md文件URL: https://raw.githubusercontent.com/chainreactors/picker/refs/heads/master/archive/daily/2025/2025-09-13.md
2025-09-13 01:38:46,410 - INFO - ChainReactors md文件下载状态码: 404
2025-09-13 01:38:46,411 - WARNING - ChainReactors md文件下载失败: https://raw.githubusercontent.com/chainreactors/picker/refs/heads/master/archive/daily/2025/2025-09-13.md 状态码: 404
2025-09-13 01:38:46,411 - INFO - BruceFeIix md文件URL: https://raw.githubusercontent.com/BruceFeIix/picker/refs/heads/master/archive/daily/2025/2025-09-13.md
2025-09-13 01:38:46,473 - INFO - BruceFeIix md文件下载状态码: 404
2025-09-13 01:38:46,473 - WARNING - BruceFeIix md文件下载失败: https://raw.githubusercontent.com/BruceFeIix/picker/refs/heads/master/archive/daily/2025/2025-09-13.md 状态码: 404
2025-09-13 01:38:46,473 - INFO - === 开始处理 2025-09-13 的数据 ===
2025-09-13 01:38:46,473 - INFO - Doonsec原始数据: 80 个
2025-09-13 01:38:46,473 - INFO - ChainReactors原始数据: 0 个
2025-09-13 01:38:46,473 - INFO - BruceFeIix原始数据: 0 个
2025-09-13 01:38:46,473 - INFO - 开始处理Doonsec数据...
2025-09-13 01:38:46,473 - INFO - 开始处理ChainReactors数据...
2025-09-13 01:38:46,473 - INFO - 开始处理BruceFeIix数据...
2025-09-13 01:38:46,473 - INFO - 去重后共 80 个URL待处理，跳过 0 个重复URL
2025-09-13 01:38:46,473 - INFO - 去重后统计 - Doonsec: 80 个, ChainReactors: 0 个, BruceFeIix: 0 个
2025-09-13 01:38:46,474 - INFO - === 开始关键词过滤 ===
2025-09-13 01:38:46,476 - INFO - 关键词过滤: 匹配 23 个，跳过 57 个
2025-09-13 01:38:46,476 - INFO - 关键词过滤后统计 - Doonsec: 23 个, ChainReactors: 0 个, BruceFeIix: 0 个
2025-09-13 01:38:46,492 - INFO - 已创建每日报告: md/2025-09-13.md
2025-09-13 01:38:46,493 - INFO - === 跳过二进制文件处理，只更新data.json ===
2025-09-13 01:38:46,526 - INFO - 已更新data.json，添加了 23 个URL
2025-09-13 01:38:46,527 - INFO - 已创建每日报告: md/2025-09-13.md
2025-09-13 01:38:46,527 - INFO - === 执行完成 ===
2025-09-13 04:25:37,574 - INFO - === 开始执行微信文章归档工具 ===
2025-09-13 04:25:37,575 - INFO - 数据文件: data.json
2025-09-13 04:25:37,575 - INFO - 可执行文件: ./bin/wechatmp2markdown-v1.1.11_linux_amd64
2025-09-13 04:25:37,575 - INFO - 文档目录: doc
2025-09-13 04:25:37,612 - INFO - 已加载 21316 条历史记录
2025-09-13 04:25:37,612 - INFO - === 开始今日拉取 ===
2025-09-13 04:25:37,612 - INFO - 开始获取Doonsec RSS
2025-09-13 04:25:37,612 - INFO - 目标日期: 2025-09-13
2025-09-13 04:25:39,683 - INFO - Doonsec RSS请求成功
2025-09-13 04:25:39,685 - INFO - RSS中共有 200 个条目
2025-09-13 04:25:39,685 - INFO - Doonsec获取到 114 个2025-09-13的微信文章URL
2025-09-13 04:25:39,686 - INFO - ChainReactors md文件URL: https://raw.githubusercontent.com/chainreactors/picker/refs/heads/master/archive/daily/2025/2025-09-13.md
2025-09-13 04:25:39,755 - INFO - ChainReactors md文件下载状态码: 200
2025-09-13 04:25:39,756 - INFO - ChainReactors获取到 160 个URL
2025-09-13 04:25:39,756 - INFO - BruceFeIix md文件URL: https://raw.githubusercontent.com/BruceFeIix/picker/refs/heads/master/archive/daily/2025/2025-09-13.md
2025-09-13 04:25:39,883 - INFO - BruceFeIix md文件下载状态码: 200
2025-09-13 04:25:39,884 - INFO - BruceFeIix获取到 158 个URL
2025-09-13 04:25:39,884 - INFO - === 开始处理 2025-09-13 的数据 ===
2025-09-13 04:25:39,884 - INFO - Doonsec原始数据: 114 个
2025-09-13 04:25:39,884 - INFO - ChainReactors原始数据: 160 个
2025-09-13 04:25:39,884 - INFO - BruceFeIix原始数据: 158 个
2025-09-13 04:25:39,884 - INFO - 开始处理Doonsec数据...
2025-09-13 04:25:39,884 - INFO - 开始处理ChainReactors数据...
2025-09-13 04:25:39,885 - INFO - 开始处理BruceFeIix数据...
2025-09-13 04:25:39,885 - INFO - 去重后共 198 个URL待处理，跳过 234 个重复URL
2025-09-13 04:25:39,885 - INFO - 去重后统计 - Doonsec: 91 个, ChainReactors: 106 个, BruceFeIix: 1 个
2025-09-13 04:25:39,885 - INFO - === 开始关键词过滤 ===
2025-09-13 04:25:39,892 - INFO - 关键词过滤: 匹配 11 个，跳过 187 个
2025-09-13 04:25:39,892 - INFO - 关键词过滤后统计 - Doonsec: 10 个, ChainReactors: 1 个, BruceFeIix: 0 个
2025-09-13 04:25:39,957 - INFO - 已创建每日报告: md/2025-09-13.md
2025-09-13 04:25:39,957 - INFO - === 跳过二进制文件处理，只更新data.json ===
2025-09-13 04:25:39,993 - INFO - 已更新data.json，添加了 11 个URL
2025-09-13 04:25:39,994 - INFO - 已创建每日报告: md/2025-09-13.md
2025-09-13 04:25:39,994 - INFO - === 执行完成 ===
2025-09-13 08:25:44,787 - INFO - === 开始执行微信文章归档工具 ===
2025-09-13 08:25:44,788 - INFO - 数据文件: data.json
2025-09-13 08:25:44,788 - INFO - 可执行文件: ./bin/wechatmp2markdown-v1.1.11_linux_amd64
2025-09-13 08:25:44,788 - INFO - 文档目录: doc
2025-09-13 08:25:44,824 - INFO - 已加载 21327 条历史记录
2025-09-13 08:25:44,825 - INFO - === 开始今日拉取 ===
2025-09-13 08:25:44,825 - INFO - 开始获取Doonsec RSS
2025-09-13 08:25:44,825 - INFO - 目标日期: 2025-09-13
2025-09-13 08:25:46,707 - INFO - Doonsec RSS请求成功
2025-09-13 08:25:46,709 - INFO - RSS中共有 200 个条目
2025-09-13 08:25:46,710 - INFO - Doonsec获取到 145 个2025-09-13的微信文章URL
2025-09-13 08:25:46,712 - INFO - ChainReactors md文件URL: https://raw.githubusercontent.com/chainreactors/picker/refs/heads/master/archive/daily/2025/2025-09-13.md
2025-09-13 08:25:46,762 - INFO - ChainReactors md文件下载状态码: 200
2025-09-13 08:25:46,763 - INFO - ChainReactors获取到 160 个URL
2025-09-13 08:25:46,763 - INFO - BruceFeIix md文件URL: https://raw.githubusercontent.com/BruceFeIix/picker/refs/heads/master/archive/daily/2025/2025-09-13.md
2025-09-13 08:25:46,798 - INFO - BruceFeIix md文件下载状态码: 200
2025-09-13 08:25:46,799 - INFO - BruceFeIix获取到 158 个URL
2025-09-13 08:25:46,799 - INFO - === 开始处理 2025-09-13 的数据 ===
2025-09-13 08:25:46,799 - INFO - Doonsec原始数据: 145 个
2025-09-13 08:25:46,799 - INFO - ChainReactors原始数据: 160 个
2025-09-13 08:25:46,799 - INFO - BruceFeIix原始数据: 158 个
2025-09-13 08:25:46,800 - INFO - 开始处理Doonsec数据...
2025-09-13 08:25:46,800 - INFO - 开始处理ChainReactors数据...
2025-09-13 08:25:46,800 - INFO - 开始处理BruceFeIix数据...
2025-09-13 08:25:46,800 - INFO - 去重后共 218 个URL待处理，跳过 245 个重复URL
2025-09-13 08:25:46,800 - INFO - 去重后统计 - Doonsec: 112 个, ChainReactors: 105 个, BruceFeIix: 1 个
2025-09-13 08:25:46,800 - INFO - === 开始关键词过滤 ===
2025-09-13 08:25:46,808 - INFO - 关键词过滤: 匹配 6 个，跳过 212 个
2025-09-13 08:25:46,808 - INFO - 关键词过滤后统计 - Doonsec: 6 个, ChainReactors: 0 个, BruceFeIix: 0 个
2025-09-13 08:25:46,828 - INFO - 已创建每日报告: md/2025-09-13.md
2025-09-13 08:25:46,828 - INFO - === 跳过二进制文件处理，只更新data.json ===
2025-09-13 08:25:46,864 - INFO - 已更新data.json，添加了 6 个URL
2025-09-13 08:25:46,864 - INFO - 已创建每日报告: md/2025-09-13.md
2025-09-13 08:25:46,864 - INFO - === 执行完成 ===
2025-09-13 12:40:13,742 - INFO - === 开始执行微信文章归档工具 ===
2025-09-13 12:40:13,743 - INFO - 数据文件: data.json
2025-09-13 12:40:13,743 - INFO - 可执行文件: ./bin/wechatmp2markdown-v1.1.11_linux_amd64
2025-09-13 12:40:13,743 - INFO - 文档目录: doc
2025-09-13 12:40:13,780 - INFO - 已加载 21333 条历史记录
2025-09-13 12:40:13,780 - INFO - === 开始今日拉取 ===
2025-09-13 12:40:13,780 - INFO - 开始获取Doonsec RSS
2025-09-13 12:40:13,780 - INFO - 目标日期: 2025-09-13
2025-09-13 12:40:15,518 - INFO - Doonsec RSS请求成功
2025-09-13 12:40:15,520 - INFO - RSS中共有 200 个条目
2025-09-13 12:40:15,521 - INFO - Doonsec获取到 195 个2025-09-13的微信文章URL
2025-09-13 12:40:15,522 - INFO - ChainReactors md文件URL: https://raw.githubusercontent.com/chainreactors/picker/refs/heads/master/archive/daily/2025/2025-09-13.md
2025-09-13 12:40:15,554 - INFO - ChainReactors md文件下载状态码: 200
2025-09-13 12:40:15,555 - INFO - ChainReactors获取到 160 个URL
2025-09-13 12:40:15,555 - INFO - BruceFeIix md文件URL: https://raw.githubusercontent.com/BruceFeIix/picker/refs/heads/master/archive/daily/2025/2025-09-13.md
2025-09-13 12:40:15,585 - INFO - BruceFeIix md文件下载状态码: 200
2025-09-13 12:40:15,586 - INFO - BruceFeIix获取到 158 个URL
2025-09-13 12:40:15,586 - INFO - === 开始处理 2025-09-13 的数据 ===
2025-09-13 12:40:15,586 - INFO - Doonsec原始数据: 195 个
2025-09-13 12:40:15,586 - INFO - ChainReactors原始数据: 160 个
2025-09-13 12:40:15,586 - INFO - BruceFeIix原始数据: 158 个
2025-09-13 12:40:15,587 - INFO - 开始处理Doonsec数据...
2025-09-13 12:40:15,587 - INFO - 开始处理ChainReactors数据...
2025-09-13 12:40:15,587 - INFO - 开始处理BruceFeIix数据...
2025-09-13 12:40:15,587 - INFO - 去重后共 262 个URL待处理，跳过 251 个重复URL
2025-09-13 12:40:15,588 - INFO - 去重后统计 - Doonsec: 156 个, ChainReactors: 105 个, BruceFeIix: 1 个
2025-09-13 12:40:15,588 - INFO - === 开始关键词过滤 ===
2025-09-13 12:40:15,597 - INFO - 关键词过滤: 匹配 11 个，跳过 251 个
2025-09-13 12:40:15,597 - INFO - 关键词过滤后统计 - Doonsec: 11 个, ChainReactors: 0 个, BruceFeIix: 0 个
2025-09-13 12:40:15,609 - INFO - 已创建每日报告: md/2025-09-13.md
2025-09-13 12:40:15,609 - INFO - === 跳过二进制文件处理，只更新data.json ===
2025-09-13 12:40:15,644 - INFO - 已更新data.json，添加了 11 个URL
2025-09-13 12:40:15,644 - INFO - 已创建每日报告: md/2025-09-13.md
2025-09-13 12:40:15,644 - INFO - === 执行完成 ===
2025-09-13 16:23:36,861 - INFO - === 开始执行微信文章归档工具 ===
2025-09-13 16:23:36,862 - INFO - 数据文件: data.json
2025-09-13 16:23:36,862 - INFO - 可执行文件: ./bin/wechatmp2markdown-v1.1.11_linux_amd64
2025-09-13 16:23:36,862 - INFO - 文档目录: doc
2025-09-13 16:23:36,906 - INFO - 已加载 21344 条历史记录
2025-09-13 16:23:36,907 - INFO - === 开始今日拉取 ===
2025-09-13 16:23:36,907 - INFO - 开始获取Doonsec RSS
2025-09-13 16:23:36,907 - INFO - 目标日期: 2025-09-13
2025-09-13 16:23:39,039 - INFO - Doonsec RSS请求成功
2025-09-13 16:23:39,041 - INFO - RSS中共有 200 个条目
2025-09-13 16:23:39,042 - INFO - Doonsec获取到 200 个2025-09-13的微信文章URL
2025-09-13 16:23:39,043 - INFO - ChainReactors md文件URL: https://raw.githubusercontent.com/chainreactors/picker/refs/heads/master/archive/daily/2025/2025-09-13.md
2025-09-13 16:23:39,185 - INFO - ChainReactors md文件下载状态码: 200
2025-09-13 16:23:39,186 - INFO - ChainReactors获取到 160 个URL
2025-09-13 16:23:39,186 - INFO - BruceFeIix md文件URL: https://raw.githubusercontent.com/BruceFeIix/picker/refs/heads/master/archive/daily/2025/2025-09-13.md
2025-09-13 16:23:39,291 - INFO - BruceFeIix md文件下载状态码: 200
2025-09-13 16:23:39,292 - INFO - BruceFeIix获取到 158 个URL
2025-09-13 16:23:39,292 - INFO - === 开始处理 2025-09-13 的数据 ===
2025-09-13 16:23:39,292 - INFO - Doonsec原始数据: 200 个
2025-09-13 16:23:39,292 - INFO - ChainReactors原始数据: 160 个
2025-09-13 16:23:39,292 - INFO - BruceFeIix原始数据: 158 个
2025-09-13 16:23:39,292 - INFO - 开始处理Doonsec数据...
2025-09-13 16:23:39,293 - INFO - 开始处理ChainReactors数据...
2025-09-13 16:23:39,293 - INFO - 开始处理BruceFeIix数据...
2025-09-13 16:23:39,293 - INFO - 去重后共 264 个URL待处理，跳过 254 个重复URL
2025-09-13 16:23:39,293 - INFO - 去重后统计 - Doonsec: 158 个, ChainReactors: 105 个, BruceFeIix: 1 个
2025-09-13 16:23:39,293 - INFO - === 开始关键词过滤 ===
2025-09-13 16:23:39,302 - INFO - 关键词过滤: 匹配 12 个，跳过 252 个
2025-09-13 16:23:39,302 - INFO - 关键词过滤后统计 - Doonsec: 12 个, ChainReactors: 0 个, BruceFeIix: 0 个
2025-09-13 16:23:39,351 - INFO - 已创建每日报告: md/2025-09-13.md
2025-09-13 16:23:39,352 - INFO - === 跳过二进制文件处理，只更新data.json ===
2025-09-13 16:23:39,387 - INFO - 已更新data.json，添加了 12 个URL
2025-09-13 16:23:39,387 - INFO - 已创建每日报告: md/2025-09-13.md
2025-09-13 16:23:39,387 - INFO - === 执行完成 ===
2025-09-13 20:21:01,105 - INFO - === 开始执行微信文章归档工具 ===
2025-09-13 20:21:01,106 - INFO - 数据文件: data.json
2025-09-13 20:21:01,106 - INFO - 可执行文件: ./bin/wechatmp2markdown-v1.1.11_linux_amd64
2025-09-13 20:21:01,107 - INFO - 文档目录: doc
2025-09-13 20:21:01,144 - INFO - 已加载 21356 条历史记录
2025-09-13 20:21:01,144 - INFO - === 开始今日拉取 ===
2025-09-13 20:21:01,144 - INFO - 开始获取Doonsec RSS
2025-09-13 20:21:01,144 - INFO - 目标日期: 2025-09-13
2025-09-13 20:21:03,679 - INFO - Doonsec RSS请求成功
2025-09-13 20:21:03,681 - INFO - RSS中共有 200 个条目
2025-09-13 20:21:03,682 - INFO - Doonsec获取到 200 个2025-09-13的微信文章URL
2025-09-13 20:21:03,683 - INFO - ChainReactors md文件URL: https://raw.githubusercontent.com/chainreactors/picker/refs/heads/master/archive/daily/2025/2025-09-13.md
2025-09-13 20:21:03,723 - INFO - ChainReactors md文件下载状态码: 200
2025-09-13 20:21:03,724 - INFO - ChainReactors获取到 160 个URL
2025-09-13 20:21:03,725 - INFO - BruceFeIix md文件URL: https://raw.githubusercontent.com/BruceFeIix/picker/refs/heads/master/archive/daily/2025/2025-09-13.md
2025-09-13 20:21:03,759 - INFO - BruceFeIix md文件下载状态码: 200
2025-09-13 20:21:03,760 - INFO - BruceFeIix获取到 158 个URL
2025-09-13 20:21:03,760 - INFO - === 开始处理 2025-09-13 的数据 ===
2025-09-13 20:21:03,760 - INFO - Doonsec原始数据: 200 个
2025-09-13 20:21:03,760 - INFO - ChainReactors原始数据: 160 个
2025-09-13 20:21:03,761 - INFO - BruceFeIix原始数据: 158 个
2025-09-13 20:21:03,761 - INFO - 开始处理Doonsec数据...
2025-09-13 20:21:03,761 - INFO - 开始处理ChainReactors数据...
2025-09-13 20:21:03,761 - INFO - 开始处理BruceFeIix数据...
2025-09-13 20:21:03,761 - INFO - 去重后共 252 个URL待处理，跳过 266 个重复URL
2025-09-13 20:21:03,761 - INFO - 去重后统计 - Doonsec: 146 个, ChainReactors: 105 个, BruceFeIix: 1 个
2025-09-13 20:21:03,762 - INFO - === 开始关键词过滤 ===
2025-09-13 20:21:03,771 - INFO - 关键词过滤: 匹配 0 个，跳过 252 个
2025-09-13 20:21:03,771 - INFO - 关键词过滤后统计 - Doonsec: 0 个, ChainReactors: 0 个, BruceFeIix: 0 个
2025-09-13 20:21:03,771 - INFO - === 跳过二进制文件处理，只更新data.json ===
2025-09-13 20:21:03,806 - INFO - 已更新data.json，添加了 0 个URL
2025-09-13 20:21:03,806 - INFO - === 执行完成 ===
2025-09-14 01:51:43,211 - INFO - === 开始执行微信文章归档工具 ===
2025-09-14 01:51:43,211 - INFO - 数据文件: data.json
2025-09-14 01:51:43,211 - INFO - 可执行文件: ./bin/wechatmp2markdown-v1.1.11_linux_amd64
2025-09-14 01:51:43,212 - INFO - 文档目录: doc
2025-09-14 01:51:43,247 - INFO - 已加载 21356 条历史记录
2025-09-14 01:51:43,247 - INFO - === 开始今日拉取 ===
2025-09-14 01:51:43,247 - INFO - 开始获取Doonsec RSS
2025-09-14 01:51:43,247 - INFO - 目标日期: 2025-09-14
2025-09-14 01:51:44,949 - INFO - Doonsec RSS请求成功
2025-09-14 01:51:44,951 - INFO - RSS中共有 200 个条目
2025-09-14 01:51:44,952 - INFO - Doonsec获取到 62 个2025-09-14的微信文章URL
2025-09-14 01:51:44,953 - INFO - ChainReactors md文件URL: https://raw.githubusercontent.com/chainreactors/picker/refs/heads/master/archive/daily/2025/2025-09-14.md
2025-09-14 01:51:45,036 - INFO - ChainReactors md文件下载状态码: 404
2025-09-14 01:51:45,036 - WARNING - ChainReactors md文件下载失败: https://raw.githubusercontent.com/chainreactors/picker/refs/heads/master/archive/daily/2025/2025-09-14.md 状态码: 404
2025-09-14 01:51:45,036 - INFO - BruceFeIix md文件URL: https://raw.githubusercontent.com/BruceFeIix/picker/refs/heads/master/archive/daily/2025/2025-09-14.md
2025-09-14 01:51:45,098 - INFO - BruceFeIix md文件下载状态码: 404
2025-09-14 01:51:45,098 - WARNING - BruceFeIix md文件下载失败: https://raw.githubusercontent.com/BruceFeIix/picker/refs/heads/master/archive/daily/2025/2025-09-14.md 状态码: 404
2025-09-14 01:51:45,098 - INFO - === 开始处理 2025-09-14 的数据 ===
2025-09-14 01:51:45,098 - INFO - Doonsec原始数据: 62 个
2025-09-14 01:51:45,098 - INFO - ChainReactors原始数据: 0 个
2025-09-14 01:51:45,098 - INFO - BruceFeIix原始数据: 0 个
2025-09-14 01:51:45,098 - INFO - 开始处理Doonsec数据...
2025-09-14 01:51:45,098 - INFO - 开始处理ChainReactors数据...
2025-09-14 01:51:45,098 - INFO - 开始处理BruceFeIix数据...
2025-09-14 01:51:45,099 - INFO - 去重后共 62 个URL待处理，跳过 0 个重复URL
2025-09-14 01:51:45,099 - INFO - 去重后统计 - Doonsec: 62 个, ChainReactors: 0 个, BruceFeIix: 0 个
2025-09-14 01:51:45,099 - INFO - === 开始关键词过滤 ===
2025-09-14 01:51:45,103 - INFO - 关键词过滤: 匹配 19 个，跳过 43 个
2025-09-14 01:51:45,103 - INFO - 关键词过滤后统计 - Doonsec: 19 个, ChainReactors: 0 个, BruceFeIix: 0 个
2025-09-14 01:51:45,201 - INFO - 已创建每日报告: md/2025-09-14.md
2025-09-14 01:51:45,201 - INFO - === 跳过二进制文件处理，只更新data.json ===
2025-09-14 01:51:45,237 - INFO - 已更新data.json，添加了 19 个URL
2025-09-14 01:51:45,238 - INFO - 已创建每日报告: md/2025-09-14.md
2025-09-14 01:51:45,238 - INFO - === 执行完成 ===
2025-09-14 04:25:41,429 - INFO - === 开始执行微信文章归档工具 ===
2025-09-14 04:25:41,430 - INFO - 数据文件: data.json
2025-09-14 04:25:41,430 - INFO - 可执行文件: ./bin/wechatmp2markdown-v1.1.11_linux_amd64
2025-09-14 04:25:41,430 - INFO - 文档目录: doc
2025-09-14 04:25:41,465 - INFO - 已加载 21375 条历史记录
2025-09-14 04:25:41,465 - INFO - === 开始今日拉取 ===
2025-09-14 04:25:41,465 - INFO - 开始获取Doonsec RSS
2025-09-14 04:25:41,465 - INFO - 目标日期: 2025-09-14
2025-09-14 04:25:44,008 - INFO - Doonsec RSS请求成功
2025-09-14 04:25:44,010 - INFO - RSS中共有 200 个条目
2025-09-14 04:25:44,011 - INFO - Doonsec获取到 90 个2025-09-14的微信文章URL
2025-09-14 04:25:44,012 - INFO - ChainReactors md文件URL: https://raw.githubusercontent.com/chainreactors/picker/refs/heads/master/archive/daily/2025/2025-09-14.md
2025-09-14 04:25:44,049 - INFO - ChainReactors md文件下载状态码: 200
2025-09-14 04:25:44,050 - INFO - ChainReactors获取到 147 个URL
2025-09-14 04:25:44,051 - INFO - BruceFeIix md文件URL: https://raw.githubusercontent.com/BruceFeIix/picker/refs/heads/master/archive/daily/2025/2025-09-14.md
2025-09-14 04:25:44,083 - INFO - BruceFeIix md文件下载状态码: 200
2025-09-14 04:25:44,084 - INFO - BruceFeIix获取到 147 个URL
2025-09-14 04:25:44,084 - INFO - === 开始处理 2025-09-14 的数据 ===
2025-09-14 04:25:44,084 - INFO - Doonsec原始数据: 90 个
2025-09-14 04:25:44,084 - INFO - ChainReactors原始数据: 147 个
2025-09-14 04:25:44,084 - INFO - BruceFeIix原始数据: 147 个
2025-09-14 04:25:44,084 - INFO - 开始处理Doonsec数据...
2025-09-14 04:25:44,084 - INFO - 开始处理ChainReactors数据...
2025-09-14 04:25:44,085 - INFO - 开始处理BruceFeIix数据...
2025-09-14 04:25:44,085 - INFO - 去重后共 175 个URL待处理，跳过 209 个重复URL
2025-09-14 04:25:44,085 - INFO - 去重后统计 - Doonsec: 71 个, ChainReactors: 104 个, BruceFeIix: 0 个
2025-09-14 04:25:44,085 - INFO - === 开始关键词过滤 ===
2025-09-14 04:25:44,092 - INFO - 关键词过滤: 匹配 6 个，跳过 169 个
2025-09-14 04:25:44,092 - INFO - 关键词过滤后统计 - Doonsec: 5 个, ChainReactors: 1 个, BruceFeIix: 0 个
2025-09-14 04:25:44,175 - INFO - 已创建每日报告: md/2025-09-14.md
2025-09-14 04:25:44,175 - INFO - === 跳过二进制文件处理，只更新data.json ===
2025-09-14 04:25:44,212 - INFO - 已更新data.json，添加了 6 个URL
2025-09-14 04:25:44,212 - INFO - 已创建每日报告: md/2025-09-14.md
2025-09-14 04:25:44,212 - INFO - === 执行完成 ===
2025-09-14 08:26:19,386 - INFO - === 开始执行微信文章归档工具 ===
2025-09-14 08:26:19,387 - INFO - 数据文件: data.json
2025-09-14 08:26:19,387 - INFO - 可执行文件: ./bin/wechatmp2markdown-v1.1.11_linux_amd64
2025-09-14 08:26:19,388 - INFO - 文档目录: doc
2025-09-14 08:26:19,423 - INFO - 已加载 21381 条历史记录
2025-09-14 08:26:19,423 - INFO - === 开始今日拉取 ===
2025-09-14 08:26:19,423 - INFO - 开始获取Doonsec RSS
2025-09-14 08:26:19,423 - INFO - 目标日期: 2025-09-14
2025-09-14 08:26:21,217 - INFO - Doonsec RSS请求成功
2025-09-14 08:26:21,219 - INFO - RSS中共有 200 个条目
2025-09-14 08:26:21,219 - INFO - Doonsec获取到 121 个2025-09-14的微信文章URL
2025-09-14 08:26:21,220 - INFO - ChainReactors md文件URL: https://raw.githubusercontent.com/chainreactors/picker/refs/heads/master/archive/daily/2025/2025-09-14.md
2025-09-14 08:26:21,256 - INFO - ChainReactors md文件下载状态码: 200
2025-09-14 08:26:21,257 - INFO - ChainReactors获取到 147 个URL
2025-09-14 08:26:21,257 - INFO - BruceFeIix md文件URL: https://raw.githubusercontent.com/BruceFeIix/picker/refs/heads/master/archive/daily/2025/2025-09-14.md
2025-09-14 08:26:21,289 - INFO - BruceFeIix md文件下载状态码: 200
2025-09-14 08:26:21,290 - INFO - BruceFeIix获取到 147 个URL
2025-09-14 08:26:21,290 - INFO - === 开始处理 2025-09-14 的数据 ===
2025-09-14 08:26:21,290 - INFO - Doonsec原始数据: 121 个
2025-09-14 08:26:21,290 - INFO - ChainReactors原始数据: 147 个
2025-09-14 08:26:21,290 - INFO - BruceFeIix原始数据: 147 个
2025-09-14 08:26:21,290 - INFO - 开始处理Doonsec数据...
2025-09-14 08:26:21,290 - INFO - 开始处理ChainReactors数据...
2025-09-14 08:26:21,290 - INFO - 开始处理BruceFeIix数据...
2025-09-14 08:26:21,291 - INFO - 去重后共 200 个URL待处理，跳过 215 个重复URL
2025-09-14 08:26:21,291 - INFO - 去重后统计 - Doonsec: 97 个, ChainReactors: 103 个, BruceFeIix: 0 个
2025-09-14 08:26:21,291 - INFO - === 开始关键词过滤 ===
2025-09-14 08:26:21,298 - INFO - 关键词过滤: 匹配 6 个，跳过 194 个
2025-09-14 08:26:21,298 - INFO - 关键词过滤后统计 - Doonsec: 6 个, ChainReactors: 0 个, BruceFeIix: 0 个
2025-09-14 08:26:21,323 - INFO - 已创建每日报告: md/2025-09-14.md
2025-09-14 08:26:21,323 - INFO - === 跳过二进制文件处理，只更新data.json ===
2025-09-14 08:26:21,359 - INFO - 已更新data.json，添加了 6 个URL
2025-09-14 08:26:21,359 - INFO - 已创建每日报告: md/2025-09-14.md
2025-09-14 08:26:21,359 - INFO - === 执行完成 ===
2025-09-14 12:40:02,288 - INFO - === 开始执行微信文章归档工具 ===
2025-09-14 12:40:02,289 - INFO - 数据文件: data.json
2025-09-14 12:40:02,289 - INFO - 可执行文件: ./bin/wechatmp2markdown-v1.1.11_linux_amd64
2025-09-14 12:40:02,289 - INFO - 文档目录: doc
2025-09-14 12:40:02,326 - INFO - 已加载 21387 条历史记录
2025-09-14 12:40:02,326 - INFO - === 开始今日拉取 ===
2025-09-14 12:40:02,327 - INFO - 开始获取Doonsec RSS
2025-09-14 12:40:02,327 - INFO - 目标日期: 2025-09-14
2025-09-14 12:40:06,059 - INFO - Doonsec RSS请求成功
2025-09-14 12:40:06,061 - INFO - RSS中共有 200 个条目
2025-09-14 12:40:06,062 - INFO - Doonsec获取到 160 个2025-09-14的微信文章URL
2025-09-14 12:40:06,063 - INFO - ChainReactors md文件URL: https://raw.githubusercontent.com/chainreactors/picker/refs/heads/master/archive/daily/2025/2025-09-14.md
2025-09-14 12:40:06,099 - INFO - ChainReactors md文件下载状态码: 200
2025-09-14 12:40:06,100 - INFO - ChainReactors获取到 147 个URL
2025-09-14 12:40:06,100 - INFO - BruceFeIix md文件URL: https://raw.githubusercontent.com/BruceFeIix/picker/refs/heads/master/archive/daily/2025/2025-09-14.md
2025-09-14 12:40:06,136 - INFO - BruceFeIix md文件下载状态码: 200
2025-09-14 12:40:06,137 - INFO - BruceFeIix获取到 147 个URL
2025-09-14 12:40:06,137 - INFO - === 开始处理 2025-09-14 的数据 ===
2025-09-14 12:40:06,137 - INFO - Doonsec原始数据: 160 个
2025-09-14 12:40:06,137 - INFO - ChainReactors原始数据: 147 个
2025-09-14 12:40:06,137 - INFO - BruceFeIix原始数据: 147 个
2025-09-14 12:40:06,137 - INFO - 开始处理Doonsec数据...
2025-09-14 12:40:06,138 - INFO - 开始处理ChainReactors数据...
2025-09-14 12:40:06,138 - INFO - 开始处理BruceFeIix数据...
2025-09-14 12:40:06,138 - INFO - 去重后共 233 个URL待处理，跳过 221 个重复URL
2025-09-14 12:40:06,138 - INFO - 去重后统计 - Doonsec: 130 个, ChainReactors: 103 个, BruceFeIix: 0 个
2025-09-14 12:40:06,138 - INFO - === 开始关键词过滤 ===
2025-09-14 12:40:06,147 - INFO - 关键词过滤: 匹配 16 个，跳过 217 个
2025-09-14 12:40:06,147 - INFO - 关键词过滤后统计 - Doonsec: 16 个, ChainReactors: 0 个, BruceFeIix: 0 个
2025-09-14 12:40:06,171 - INFO - 已创建每日报告: md/2025-09-14.md
2025-09-14 12:40:06,171 - INFO - === 跳过二进制文件处理，只更新data.json ===
2025-09-14 12:40:06,207 - INFO - 已更新data.json，添加了 16 个URL
2025-09-14 12:40:06,207 - INFO - 已创建每日报告: md/2025-09-14.md
2025-09-14 12:40:06,208 - INFO - === 执行完成 ===
2025-09-14 16:23:31,957 - INFO - === 开始执行微信文章归档工具 ===
2025-09-14 16:23:31,958 - INFO - 数据文件: data.json
2025-09-14 16:23:31,958 - INFO - 可执行文件: ./bin/wechatmp2markdown-v1.1.11_linux_amd64
2025-09-14 16:23:31,958 - INFO - 文档目录: doc
2025-09-14 16:23:31,993 - INFO - 已加载 21403 条历史记录
2025-09-14 16:23:31,993 - INFO - === 开始今日拉取 ===
2025-09-14 16:23:31,993 - INFO - 开始获取Doonsec RSS
2025-09-14 16:23:31,993 - INFO - 目标日期: 2025-09-14
2025-09-14 16:23:35,671 - INFO - Doonsec RSS请求成功
2025-09-14 16:23:35,673 - INFO - RSS中共有 200 个条目
2025-09-14 16:23:35,673 - INFO - Doonsec获取到 171 个2025-09-14的微信文章URL
2025-09-14 16:23:35,675 - INFO - ChainReactors md文件URL: https://raw.githubusercontent.com/chainreactors/picker/refs/heads/master/archive/daily/2025/2025-09-14.md
2025-09-14 16:23:35,711 - INFO - ChainReactors md文件下载状态码: 200
2025-09-14 16:23:35,712 - INFO - ChainReactors获取到 147 个URL
2025-09-14 16:23:35,712 - INFO - BruceFeIix md文件URL: https://raw.githubusercontent.com/BruceFeIix/picker/refs/heads/master/archive/daily/2025/2025-09-14.md
2025-09-14 16:23:35,747 - INFO - BruceFeIix md文件下载状态码: 200
2025-09-14 16:23:35,748 - INFO - BruceFeIix获取到 147 个URL
2025-09-14 16:23:35,748 - INFO - === 开始处理 2025-09-14 的数据 ===
2025-09-14 16:23:35,748 - INFO - Doonsec原始数据: 171 个
2025-09-14 16:23:35,748 - INFO - ChainReactors原始数据: 147 个
2025-09-14 16:23:35,748 - INFO - BruceFeIix原始数据: 147 个
2025-09-14 16:23:35,748 - INFO - 开始处理Doonsec数据...
2025-09-14 16:23:35,749 - INFO - 开始处理ChainReactors数据...
2025-09-14 16:23:35,749 - INFO - 开始处理BruceFeIix数据...
2025-09-14 16:23:35,749 - INFO - 去重后共 228 个URL待处理，跳过 237 个重复URL
2025-09-14 16:23:35,749 - INFO - 去重后统计 - Doonsec: 125 个, ChainReactors: 103 个, BruceFeIix: 0 个
2025-09-14 16:23:35,749 - INFO - === 开始关键词过滤 ===
2025-09-14 16:23:35,758 - INFO - 关键词过滤: 匹配 3 个，跳过 225 个
2025-09-14 16:23:35,759 - INFO - 关键词过滤后统计 - Doonsec: 3 个, ChainReactors: 0 个, BruceFeIix: 0 个
2025-09-14 16:23:35,772 - INFO - 已创建每日报告: md/2025-09-14.md
2025-09-14 16:23:35,772 - INFO - === 跳过二进制文件处理，只更新data.json ===
2025-09-14 16:23:35,807 - INFO - 已更新data.json，添加了 3 个URL
2025-09-14 16:23:35,807 - INFO - 已创建每日报告: md/2025-09-14.md
2025-09-14 16:23:35,807 - INFO - === 执行完成 ===
2025-09-14 20:21:25,739 - INFO - === 开始执行微信文章归档工具 ===
2025-09-14 20:21:25,740 - INFO - 数据文件: data.json
2025-09-14 20:21:25,740 - INFO - 可执行文件: ./bin/wechatmp2markdown-v1.1.11_linux_amd64
2025-09-14 20:21:25,740 - INFO - 文档目录: doc
2025-09-14 20:21:25,774 - INFO - 已加载 21406 条历史记录
2025-09-14 20:21:25,775 - INFO - === 开始今日拉取 ===
2025-09-14 20:21:25,775 - INFO - 开始获取Doonsec RSS
2025-09-14 20:21:25,775 - INFO - 目标日期: 2025-09-14
2025-09-14 20:21:27,759 - INFO - Doonsec RSS请求成功
2025-09-14 20:21:27,761 - INFO - RSS中共有 200 个条目
2025-09-14 20:21:27,762 - INFO - Doonsec获取到 171 个2025-09-14的微信文章URL
2025-09-14 20:21:27,764 - INFO - ChainReactors md文件URL: https://raw.githubusercontent.com/chainreactors/picker/refs/heads/master/archive/daily/2025/2025-09-14.md
2025-09-14 20:21:27,842 - INFO - ChainReactors md文件下载状态码: 200
2025-09-14 20:21:27,843 - INFO - ChainReactors获取到 147 个URL
2025-09-14 20:21:27,843 - INFO - BruceFeIix md文件URL: https://raw.githubusercontent.com/BruceFeIix/picker/refs/heads/master/archive/daily/2025/2025-09-14.md
2025-09-14 20:21:27,923 - INFO - BruceFeIix md文件下载状态码: 200
2025-09-14 20:21:27,924 - INFO - BruceFeIix获取到 147 个URL
2025-09-14 20:21:27,924 - INFO - === 开始处理 2025-09-14 的数据 ===
2025-09-14 20:21:27,924 - INFO - Doonsec原始数据: 171 个
2025-09-14 20:21:27,924 - INFO - ChainReactors原始数据: 147 个
2025-09-14 20:21:27,924 - INFO - BruceFeIix原始数据: 147 个
2025-09-14 20:21:27,924 - INFO - 开始处理Doonsec数据...
2025-09-14 20:21:27,925 - INFO - 开始处理ChainReactors数据...
2025-09-14 20:21:27,925 - INFO - 开始处理BruceFeIix数据...
2025-09-14 20:21:27,925 - INFO - 去重后共 225 个URL待处理，跳过 240 个重复URL
2025-09-14 20:21:27,925 - INFO - 去重后统计 - Doonsec: 122 个, ChainReactors: 103 个, BruceFeIix: 0 个
2025-09-14 20:21:27,925 - INFO - === 开始关键词过滤 ===
2025-09-14 20:21:27,933 - INFO - 关键词过滤: 匹配 0 个，跳过 225 个
2025-09-14 20:21:27,933 - INFO - 关键词过滤后统计 - Doonsec: 0 个, ChainReactors: 0 个, BruceFeIix: 0 个
2025-09-14 20:21:27,933 - INFO - === 跳过二进制文件处理，只更新data.json ===
2025-09-14 20:21:27,968 - INFO - 已更新data.json，添加了 0 个URL
2025-09-14 20:21:27,968 - INFO - === 执行完成 ===
2025-09-15 01:53:18,152 - INFO - === 开始执行微信文章归档工具 ===
2025-09-15 01:53:18,153 - INFO - 数据文件: data.json
2025-09-15 01:53:18,153 - INFO - 可执行文件: ./bin/wechatmp2markdown-v1.1.11_linux_amd64
2025-09-15 01:53:18,153 - INFO - 文档目录: doc
2025-09-15 01:53:18,189 - INFO - 已加载 21406 条历史记录
2025-09-15 01:53:18,189 - INFO - === 开始今日拉取 ===
2025-09-15 01:53:18,189 - INFO - 开始获取Doonsec RSS
2025-09-15 01:53:18,189 - INFO - 目标日期: 2025-09-15
2025-09-15 01:53:23,936 - INFO - Doonsec RSS请求成功
2025-09-15 01:53:23,937 - INFO - RSS中共有 200 个条目
2025-09-15 01:53:23,938 - INFO - Doonsec获取到 153 个2025-09-15的微信文章URL
2025-09-15 01:53:23,940 - INFO - ChainReactors md文件URL: https://raw.githubusercontent.com/chainreactors/picker/refs/heads/master/archive/daily/2025/2025-09-15.md
2025-09-15 01:53:23,984 - INFO - ChainReactors md文件下载状态码: 404
2025-09-15 01:53:23,984 - WARNING - ChainReactors md文件下载失败: https://raw.githubusercontent.com/chainreactors/picker/refs/heads/master/archive/daily/2025/2025-09-15.md 状态码: 404
2025-09-15 01:53:23,984 - INFO - BruceFeIix md文件URL: https://raw.githubusercontent.com/BruceFeIix/picker/refs/heads/master/archive/daily/2025/2025-09-15.md
2025-09-15 01:53:24,015 - INFO - BruceFeIix md文件下载状态码: 404
2025-09-15 01:53:24,016 - WARNING - BruceFeIix md文件下载失败: https://raw.githubusercontent.com/BruceFeIix/picker/refs/heads/master/archive/daily/2025/2025-09-15.md 状态码: 404
2025-09-15 01:53:24,016 - INFO - === 开始处理 2025-09-15 的数据 ===
2025-09-15 01:53:24,016 - INFO - Doonsec原始数据: 153 个
2025-09-15 01:53:24,016 - INFO - ChainReactors原始数据: 0 个
2025-09-15 01:53:24,016 - INFO - BruceFeIix原始数据: 0 个
2025-09-15 01:53:24,016 - INFO - 开始处理Doonsec数据...
2025-09-15 01:53:24,016 - INFO - 开始处理ChainReactors数据...
2025-09-15 01:53:24,016 - INFO - 开始处理BruceFeIix数据...
2025-09-15 01:53:24,016 - INFO - 去重后共 153 个URL待处理，跳过 0 个重复URL
2025-09-15 01:53:24,016 - INFO - 去重后统计 - Doonsec: 153 个, ChainReactors: 0 个, BruceFeIix: 0 个
2025-09-15 01:53:24,017 - INFO - === 开始关键词过滤 ===
2025-09-15 01:53:24,021 - INFO - 关键词过滤: 匹配 52 个，跳过 101 个
2025-09-15 01:53:24,021 - INFO - 关键词过滤后统计 - Doonsec: 52 个, ChainReactors: 0 个, BruceFeIix: 0 个
2025-09-15 01:53:24,048 - INFO - 已创建每日报告: md/2025-09-15.md
2025-09-15 01:53:24,048 - INFO - === 跳过二进制文件处理，只更新data.json ===
2025-09-15 01:53:24,083 - INFO - 已更新data.json，添加了 52 个URL
2025-09-15 01:53:24,084 - INFO - 已创建每日报告: md/2025-09-15.md
2025-09-15 01:53:24,084 - INFO - === 执行完成 ===
2025-09-15 04:27:51,870 - INFO - === 开始执行微信文章归档工具 ===
2025-09-15 04:27:51,871 - INFO - 数据文件: data.json
2025-09-15 04:27:51,871 - INFO - 可执行文件: ./bin/wechatmp2markdown-v1.1.11_linux_amd64
2025-09-15 04:27:51,871 - INFO - 文档目录: doc
2025-09-15 04:27:51,905 - INFO - 已加载 21458 条历史记录
2025-09-15 04:27:51,905 - INFO - === 开始今日拉取 ===
2025-09-15 04:27:51,905 - INFO - 开始获取Doonsec RSS
2025-09-15 04:27:51,905 - INFO - 目标日期: 2025-09-15
2025-09-15 04:27:54,004 - INFO - Doonsec RSS请求成功
2025-09-15 04:27:54,006 - INFO - RSS中共有 200 个条目
2025-09-15 04:27:54,007 - INFO - Doonsec获取到 200 个2025-09-15的微信文章URL
2025-09-15 04:27:54,008 - INFO - ChainReactors md文件URL: https://raw.githubusercontent.com/chainreactors/picker/refs/heads/master/archive/daily/2025/2025-09-15.md
2025-09-15 04:27:54,043 - INFO - ChainReactors md文件下载状态码: 200
2025-09-15 04:27:54,043 - INFO - ChainReactors获取到 44 个URL
2025-09-15 04:27:54,043 - INFO - BruceFeIix md文件URL: https://raw.githubusercontent.com/BruceFeIix/picker/refs/heads/master/archive/daily/2025/2025-09-15.md
2025-09-15 04:27:54,075 - INFO - BruceFeIix md文件下载状态码: 200
2025-09-15 04:27:54,076 - INFO - BruceFeIix获取到 28 个URL
2025-09-15 04:27:54,076 - INFO - === 开始处理 2025-09-15 的数据 ===
2025-09-15 04:27:54,076 - INFO - Doonsec原始数据: 200 个
2025-09-15 04:27:54,076 - INFO - ChainReactors原始数据: 44 个
2025-09-15 04:27:54,076 - INFO - BruceFeIix原始数据: 28 个
2025-09-15 04:27:54,076 - INFO - 开始处理Doonsec数据...
2025-09-15 04:27:54,077 - INFO - 开始处理ChainReactors数据...
2025-09-15 04:27:54,077 - INFO - 开始处理BruceFeIix数据...
2025-09-15 04:27:54,077 - INFO - 去重后共 183 个URL待处理，跳过 89 个重复URL
2025-09-15 04:27:54,077 - INFO - 去重后统计 - Doonsec: 157 个, ChainReactors: 26 个, BruceFeIix: 0 个
2025-09-15 04:27:54,077 - INFO - === 开始关键词过滤 ===
2025-09-15 04:27:54,083 - INFO - 关键词过滤: 匹配 24 个，跳过 159 个
2025-09-15 04:27:54,083 - INFO - 关键词过滤后统计 - Doonsec: 24 个, ChainReactors: 0 个, BruceFeIix: 0 个
2025-09-15 04:27:54,097 - INFO - 已创建每日报告: md/2025-09-15.md
2025-09-15 04:27:54,097 - INFO - === 跳过二进制文件处理，只更新data.json ===
2025-09-15 04:27:54,133 - INFO - 已更新data.json，添加了 24 个URL
2025-09-15 04:27:54,133 - INFO - 已创建每日报告: md/2025-09-15.md
2025-09-15 04:27:54,133 - INFO - === 执行完成 ===
2025-09-15 08:30:55,056 - INFO - === 开始执行微信文章归档工具 ===
2025-09-15 08:30:55,057 - INFO - 数据文件: data.json
2025-09-15 08:30:55,057 - INFO - 可执行文件: ./bin/wechatmp2markdown-v1.1.11_linux_amd64
2025-09-15 08:30:55,057 - INFO - 文档目录: doc
2025-09-15 08:30:55,093 - INFO - 已加载 21482 条历史记录
2025-09-15 08:30:55,093 - INFO - === 开始今日拉取 ===
2025-09-15 08:30:55,093 - INFO - 开始获取Doonsec RSS
2025-09-15 08:30:55,093 - INFO - 目标日期: 2025-09-15
2025-09-15 08:30:57,969 - INFO - Doonsec RSS请求成功
2025-09-15 08:30:57,971 - INFO - RSS中共有 200 个条目
2025-09-15 08:30:57,971 - INFO - Doonsec获取到 200 个2025-09-15的微信文章URL
2025-09-15 08:30:57,972 - INFO - ChainReactors md文件URL: https://raw.githubusercontent.com/chainreactors/picker/refs/heads/master/archive/daily/2025/2025-09-15.md
2025-09-15 08:30:58,004 - INFO - ChainReactors md文件下载状态码: 200
2025-09-15 08:30:58,004 - INFO - ChainReactors获取到 44 个URL
2025-09-15 08:30:58,004 - INFO - BruceFeIix md文件URL: https://raw.githubusercontent.com/BruceFeIix/picker/refs/heads/master/archive/daily/2025/2025-09-15.md
2025-09-15 08:30:58,035 - INFO - BruceFeIix md文件下载状态码: 200
2025-09-15 08:30:58,036 - INFO - BruceFeIix获取到 28 个URL
2025-09-15 08:30:58,036 - INFO - === 开始处理 2025-09-15 的数据 ===
2025-09-15 08:30:58,036 - INFO - Doonsec原始数据: 200 个
2025-09-15 08:30:58,036 - INFO - ChainReactors原始数据: 44 个
2025-09-15 08:30:58,036 - INFO - BruceFeIix原始数据: 28 个
2025-09-15 08:30:58,036 - INFO - 开始处理Doonsec数据...
2025-09-15 08:30:58,036 - INFO - 开始处理ChainReactors数据...
2025-09-15 08:30:58,036 - INFO - 开始处理BruceFeIix数据...
2025-09-15 08:30:58,037 - INFO - 去重后共 171 个URL待处理，跳过 101 个重复URL
2025-09-15 08:30:58,037 - INFO - 去重后统计 - Doonsec: 144 个, ChainReactors: 27 个, BruceFeIix: 0 个
2025-09-15 08:30:58,037 - INFO - === 开始关键词过滤 ===
2025-09-15 08:30:58,042 - INFO - 关键词过滤: 匹配 31 个，跳过 140 个
2025-09-15 08:30:58,042 - INFO - 关键词过滤后统计 - Doonsec: 31 个, ChainReactors: 0 个, BruceFeIix: 0 个
2025-09-15 08:30:58,066 - INFO - 已创建每日报告: md/2025-09-15.md
2025-09-15 08:30:58,066 - INFO - === 跳过二进制文件处理，只更新data.json ===
2025-09-15 08:30:58,101 - INFO - 已更新data.json，添加了 31 个URL
2025-09-15 08:30:58,102 - INFO - 已创建每日报告: md/2025-09-15.md
2025-09-15 08:30:58,102 - INFO - === 执行完成 ===
2025-09-15 12:48:58,780 - INFO - === 开始执行微信文章归档工具 ===
2025-09-15 12:48:58,780 - INFO - 数据文件: data.json
2025-09-15 12:48:58,781 - INFO - 可执行文件: ./bin/wechatmp2markdown-v1.1.11_linux_amd64
2025-09-15 12:48:58,781 - INFO - 文档目录: doc
2025-09-15 12:48:58,820 - INFO - 已加载 21513 条历史记录
2025-09-15 12:48:58,820 - INFO - === 开始今日拉取 ===
2025-09-15 12:48:58,820 - INFO - 开始获取Doonsec RSS
2025-09-15 12:48:58,820 - INFO - 目标日期: 2025-09-15
2025-09-15 12:49:00,931 - INFO - Doonsec RSS请求成功
2025-09-15 12:49:00,933 - INFO - RSS中共有 200 个条目
2025-09-15 12:49:00,934 - INFO - Doonsec获取到 200 个2025-09-15的微信文章URL
2025-09-15 12:49:00,935 - INFO - ChainReactors md文件URL: https://raw.githubusercontent.com/chainreactors/picker/refs/heads/master/archive/daily/2025/2025-09-15.md
2025-09-15 12:49:01,173 - INFO - ChainReactors md文件下载状态码: 200
2025-09-15 12:49:01,174 - INFO - ChainReactors获取到 44 个URL
2025-09-15 12:49:01,174 - INFO - BruceFeIix md文件URL: https://raw.githubusercontent.com/BruceFeIix/picker/refs/heads/master/archive/daily/2025/2025-09-15.md
2025-09-15 12:49:01,428 - INFO - BruceFeIix md文件下载状态码: 200
2025-09-15 12:49:01,429 - INFO - BruceFeIix获取到 28 个URL
2025-09-15 12:49:01,429 - INFO - === 开始处理 2025-09-15 的数据 ===
2025-09-15 12:49:01,429 - INFO - Doonsec原始数据: 200 个
2025-09-15 12:49:01,429 - INFO - ChainReactors原始数据: 44 个
2025-09-15 12:49:01,429 - INFO - BruceFeIix原始数据: 28 个
2025-09-15 12:49:01,429 - INFO - 开始处理Doonsec数据...
2025-09-15 12:49:01,430 - INFO - 开始处理ChainReactors数据...
2025-09-15 12:49:01,430 - INFO - 开始处理BruceFeIix数据...
2025-09-15 12:49:01,430 - INFO - 去重后共 201 个URL待处理，跳过 71 个重复URL
2025-09-15 12:49:01,430 - INFO - 去重后统计 - Doonsec: 174 个, ChainReactors: 27 个, BruceFeIix: 0 个
2025-09-15 12:49:01,430 - INFO - === 开始关键词过滤 ===
2025-09-15 12:49:01,436 - INFO - 关键词过滤: 匹配 55 个，跳过 146 个
2025-09-15 12:49:01,436 - INFO - 关键词过滤后统计 - Doonsec: 55 个, ChainReactors: 0 个, BruceFeIix: 0 个
2025-09-15 12:49:01,448 - INFO - 已创建每日报告: md/2025-09-15.md
2025-09-15 12:49:01,448 - INFO - === 跳过二进制文件处理，只更新data.json ===
2025-09-15 12:49:01,484 - INFO - 已更新data.json，添加了 55 个URL
2025-09-15 12:49:01,485 - INFO - 已创建每日报告: md/2025-09-15.md
2025-09-15 12:49:01,485 - INFO - === 执行完成 ===
2025-09-15 16:29:01,550 - INFO - === 开始执行微信文章归档工具 ===
2025-09-15 16:29:01,550 - INFO - 数据文件: data.json
2025-09-15 16:29:01,551 - INFO - 可执行文件: ./bin/wechatmp2markdown-v1.1.11_linux_amd64
2025-09-15 16:29:01,551 - INFO - 文档目录: doc
2025-09-15 16:29:01,587 - INFO - 已加载 21568 条历史记录
2025-09-15 16:29:01,587 - INFO - === 开始今日拉取 ===
2025-09-15 16:29:01,587 - INFO - 开始获取Doonsec RSS
2025-09-15 16:29:01,587 - INFO - 目标日期: 2025-09-15
2025-09-15 16:29:03,945 - INFO - Doonsec RSS请求成功
2025-09-15 16:29:03,947 - INFO - RSS中共有 200 个条目
2025-09-15 16:29:03,947 - INFO - Doonsec获取到 182 个2025-09-15的微信文章URL
2025-09-15 16:29:03,949 - INFO - ChainReactors md文件URL: https://raw.githubusercontent.com/chainreactors/picker/refs/heads/master/archive/daily/2025/2025-09-15.md
2025-09-15 16:29:04,011 - INFO - ChainReactors md文件下载状态码: 200
2025-09-15 16:29:04,012 - INFO - ChainReactors获取到 44 个URL
2025-09-15 16:29:04,012 - INFO - BruceFeIix md文件URL: https://raw.githubusercontent.com/BruceFeIix/picker/refs/heads/master/archive/daily/2025/2025-09-15.md
2025-09-15 16:29:04,050 - INFO - BruceFeIix md文件下载状态码: 200
2025-09-15 16:29:04,051 - INFO - BruceFeIix获取到 28 个URL
2025-09-15 16:29:04,051 - INFO - === 开始处理 2025-09-15 的数据 ===
2025-09-15 16:29:04,051 - INFO - Doonsec原始数据: 182 个
2025-09-15 16:29:04,051 - INFO - ChainReactors原始数据: 44 个
2025-09-15 16:29:04,051 - INFO - BruceFeIix原始数据: 28 个
2025-09-15 16:29:04,051 - INFO - 开始处理Doonsec数据...
2025-09-15 16:29:04,051 - INFO - 开始处理ChainReactors数据...
2025-09-15 16:29:04,051 - INFO - 开始处理BruceFeIix数据...
2025-09-15 16:29:04,052 - INFO - 去重后共 155 个URL待处理，跳过 99 个重复URL
2025-09-15 16:29:04,052 - INFO - 去重后统计 - Doonsec: 128 个, ChainReactors: 27 个, BruceFeIix: 0 个
2025-09-15 16:29:04,052 - INFO - === 开始关键词过滤 ===
2025-09-15 16:29:04,057 - INFO - 关键词过滤: 匹配 11 个，跳过 144 个
2025-09-15 16:29:04,057 - INFO - 关键词过滤后统计 - Doonsec: 11 个, ChainReactors: 0 个, BruceFeIix: 0 个
2025-09-15 16:29:04,103 - INFO - 已创建每日报告: md/2025-09-15.md
2025-09-15 16:29:04,103 - INFO - === 跳过二进制文件处理，只更新data.json ===
2025-09-15 16:29:04,138 - INFO - 已更新data.json，添加了 11 个URL
2025-09-15 16:29:04,139 - INFO - 已创建每日报告: md/2025-09-15.md
2025-09-15 16:29:04,139 - INFO - === 执行完成 ===
2025-09-15 20:24:18,013 - INFO - === 开始执行微信文章归档工具 ===
2025-09-15 20:24:18,014 - INFO - 数据文件: data.json
2025-09-15 20:24:18,014 - INFO - 可执行文件: ./bin/wechatmp2markdown-v1.1.11_linux_amd64
2025-09-15 20:24:18,014 - INFO - 文档目录: doc
2025-09-15 20:24:18,051 - INFO - 已加载 21579 条历史记录
2025-09-15 20:24:18,051 - INFO - === 开始今日拉取 ===
2025-09-15 20:24:18,051 - INFO - 开始获取Doonsec RSS
2025-09-15 20:24:18,051 - INFO - 目标日期: 2025-09-15
2025-09-15 20:24:20,104 - INFO - Doonsec RSS请求成功
2025-09-15 20:24:20,106 - INFO - RSS中共有 200 个条目
2025-09-15 20:24:20,107 - INFO - Doonsec获取到 180 个2025-09-15的微信文章URL
2025-09-15 20:24:20,108 - INFO - ChainReactors md文件URL: https://raw.githubusercontent.com/chainreactors/picker/refs/heads/master/archive/daily/2025/2025-09-15.md
2025-09-15 20:24:20,149 - INFO - ChainReactors md文件下载状态码: 200
2025-09-15 20:24:20,150 - INFO - ChainReactors获取到 44 个URL
2025-09-15 20:24:20,150 - INFO - BruceFeIix md文件URL: https://raw.githubusercontent.com/BruceFeIix/picker/refs/heads/master/archive/daily/2025/2025-09-15.md
2025-09-15 20:24:20,182 - INFO - BruceFeIix md文件下载状态码: 200
2025-09-15 20:24:20,182 - INFO - BruceFeIix获取到 28 个URL
2025-09-15 20:24:20,182 - INFO - === 开始处理 2025-09-15 的数据 ===
2025-09-15 20:24:20,183 - INFO - Doonsec原始数据: 180 个
2025-09-15 20:24:20,183 - INFO - ChainReactors原始数据: 44 个
2025-09-15 20:24:20,183 - INFO - BruceFeIix原始数据: 28 个
2025-09-15 20:24:20,183 - INFO - 开始处理Doonsec数据...
2025-09-15 20:24:20,183 - INFO - 开始处理ChainReactors数据...
2025-09-15 20:24:20,183 - INFO - 开始处理BruceFeIix数据...
2025-09-15 20:24:20,183 - INFO - 去重后共 143 个URL待处理，跳过 109 个重复URL
2025-09-15 20:24:20,183 - INFO - 去重后统计 - Doonsec: 116 个, ChainReactors: 27 个, BruceFeIix: 0 个
2025-09-15 20:24:20,183 - INFO - === 开始关键词过滤 ===
2025-09-15 20:24:20,189 - INFO - 关键词过滤: 匹配 0 个，跳过 143 个
2025-09-15 20:24:20,189 - INFO - 关键词过滤后统计 - Doonsec: 0 个, ChainReactors: 0 个, BruceFeIix: 0 个
2025-09-15 20:24:20,189 - INFO - === 跳过二进制文件处理，只更新data.json ===
2025-09-15 20:24:20,224 - INFO - 已更新data.json，添加了 0 个URL
2025-09-15 20:24:20,224 - INFO - === 执行完成 ===
2025-09-16 01:44:32,715 - INFO - === 开始执行微信文章归档工具 ===
2025-09-16 01:44:32,716 - INFO - 数据文件: data.json
2025-09-16 01:44:32,716 - INFO - 可执行文件: ./bin/wechatmp2markdown-v1.1.11_linux_amd64
2025-09-16 01:44:32,716 - INFO - 文档目录: doc
2025-09-16 01:44:32,752 - INFO - 已加载 21579 条历史记录
2025-09-16 01:44:32,753 - INFO - === 开始今日拉取 ===
2025-09-16 01:44:32,753 - INFO - 开始获取Doonsec RSS
2025-09-16 01:44:32,753 - INFO - 目标日期: 2025-09-16
2025-09-16 01:44:34,415 - INFO - Doonsec RSS请求成功
2025-09-16 01:44:34,417 - INFO - RSS中共有 200 个条目
2025-09-16 01:44:34,418 - INFO - Doonsec获取到 113 个2025-09-16的微信文章URL
2025-09-16 01:44:34,419 - INFO - ChainReactors md文件URL: https://raw.githubusercontent.com/chainreactors/picker/refs/heads/master/archive/daily/2025/2025-09-16.md
2025-09-16 01:44:34,529 - INFO - ChainReactors md文件下载状态码: 404
2025-09-16 01:44:34,529 - WARNING - ChainReactors md文件下载失败: https://raw.githubusercontent.com/chainreactors/picker/refs/heads/master/archive/daily/2025/2025-09-16.md 状态码: 404
2025-09-16 01:44:34,529 - INFO - BruceFeIix md文件URL: https://raw.githubusercontent.com/BruceFeIix/picker/refs/heads/master/archive/daily/2025/2025-09-16.md
2025-09-16 01:44:34,637 - INFO - BruceFeIix md文件下载状态码: 404
2025-09-16 01:44:34,637 - WARNING - BruceFeIix md文件下载失败: https://raw.githubusercontent.com/BruceFeIix/picker/refs/heads/master/archive/daily/2025/2025-09-16.md 状态码: 404
2025-09-16 01:44:34,637 - INFO - === 开始处理 2025-09-16 的数据 ===
2025-09-16 01:44:34,638 - INFO - Doonsec原始数据: 113 个
2025-09-16 01:44:34,638 - INFO - ChainReactors原始数据: 0 个
2025-09-16 01:44:34,638 - INFO - BruceFeIix原始数据: 0 个
2025-09-16 01:44:34,638 - INFO - 开始处理Doonsec数据...
2025-09-16 01:44:34,638 - INFO - 开始处理ChainReactors数据...
2025-09-16 01:44:34,638 - INFO - 开始处理BruceFeIix数据...
2025-09-16 01:44:34,638 - INFO - 去重后共 113 个URL待处理，跳过 0 个重复URL
2025-09-16 01:44:34,638 - INFO - 去重后统计 - Doonsec: 113 个, ChainReactors: 0 个, BruceFeIix: 0 个
2025-09-16 01:44:34,638 - INFO - === 开始关键词过滤 ===
2025-09-16 01:44:34,642 - INFO - 关键词过滤: 匹配 46 个，跳过 67 个
2025-09-16 01:44:34,642 - INFO - 关键词过滤后统计 - Doonsec: 46 个, ChainReactors: 0 个, BruceFeIix: 0 个
2025-09-16 01:44:34,658 - INFO - 已创建每日报告: md/2025-09-16.md
2025-09-16 01:44:34,658 - INFO - === 跳过二进制文件处理，只更新data.json ===
2025-09-16 01:44:34,694 - INFO - 已更新data.json，添加了 46 个URL
2025-09-16 01:44:34,695 - INFO - 已创建每日报告: md/2025-09-16.md
2025-09-16 01:44:34,695 - INFO - === 执行完成 ===
2025-09-16 04:26:23,554 - INFO - === 开始执行微信文章归档工具 ===
2025-09-16 04:26:23,555 - INFO - 数据文件: data.json
2025-09-16 04:26:23,555 - INFO - 可执行文件: ./bin/wechatmp2markdown-v1.1.11_linux_amd64
2025-09-16 04:26:23,555 - INFO - 文档目录: doc
2025-09-16 04:26:23,590 - INFO - 已加载 21625 条历史记录
2025-09-16 04:26:23,590 - INFO - === 开始今日拉取 ===
2025-09-16 04:26:23,590 - INFO - 开始获取Doonsec RSS
2025-09-16 04:26:23,590 - INFO - 目标日期: 2025-09-16
2025-09-16 04:26:26,406 - INFO - Doonsec RSS请求成功
2025-09-16 04:26:26,408 - INFO - RSS中共有 200 个条目
2025-09-16 04:26:26,409 - INFO - Doonsec获取到 194 个2025-09-16的微信文章URL
2025-09-16 04:26:26,410 - INFO - ChainReactors md文件URL: https://raw.githubusercontent.com/chainreactors/picker/refs/heads/master/archive/daily/2025/2025-09-16.md
2025-09-16 04:26:26,580 - INFO - ChainReactors md文件下载状态码: 200
2025-09-16 04:26:26,581 - INFO - ChainReactors获取到 89 个URL
2025-09-16 04:26:26,581 - INFO - BruceFeIix md文件URL: https://raw.githubusercontent.com/BruceFeIix/picker/refs/heads/master/archive/daily/2025/2025-09-16.md
2025-09-16 04:26:26,750 - INFO - BruceFeIix md文件下载状态码: 200
2025-09-16 04:26:26,751 - INFO - BruceFeIix获取到 87 个URL
2025-09-16 04:26:26,751 - INFO - === 开始处理 2025-09-16 的数据 ===
2025-09-16 04:26:26,751 - INFO - Doonsec原始数据: 194 个
2025-09-16 04:26:26,751 - INFO - ChainReactors原始数据: 89 个
2025-09-16 04:26:26,751 - INFO - BruceFeIix原始数据: 87 个
2025-09-16 04:26:26,751 - INFO - 开始处理Doonsec数据...
2025-09-16 04:26:26,751 - INFO - 开始处理ChainReactors数据...
2025-09-16 04:26:26,752 - INFO - 开始处理BruceFeIix数据...
2025-09-16 04:26:26,752 - INFO - 去重后共 201 个URL待处理，跳过 169 个重复URL
2025-09-16 04:26:26,752 - INFO - 去重后统计 - Doonsec: 148 个, ChainReactors: 53 个, BruceFeIix: 0 个
2025-09-16 04:26:26,752 - INFO - === 开始关键词过滤 ===
2025-09-16 04:26:26,759 - INFO - 关键词过滤: 匹配 22 个，跳过 179 个
2025-09-16 04:26:26,759 - INFO - 关键词过滤后统计 - Doonsec: 21 个, ChainReactors: 1 个, BruceFeIix: 0 个
2025-09-16 04:26:26,773 - INFO - 已创建每日报告: md/2025-09-16.md
2025-09-16 04:26:26,773 - INFO - === 跳过二进制文件处理，只更新data.json ===
2025-09-16 04:26:26,808 - INFO - 已更新data.json，添加了 22 个URL
2025-09-16 04:26:26,809 - INFO - 已创建每日报告: md/2025-09-16.md
2025-09-16 04:26:26,809 - INFO - === 执行完成 ===
